S.No.,State Code,State Name,Localbody Code,Localbody Name,Localbody Type Name,Pincode
1,35,Andaman And Nicobar Islands,253098,Port Blair,Municipality,744102
2,35,Andaman And Nicobar Islands,253098,Port Blair,Municipality,744101
3,28,Andhra Pradesh,257868,Addanki,Municipality,523357
4,28,Andhra Pradesh,257868,Addanki,Municipality,523201
5,28,Andhra Pradesh,257868,Addanki,Municipality,523240
6,28,Andhra Pradesh,251792,Adoni,Municipality,518301
7,28,Andhra Pradesh,296256,Akiveedu,Nagar Panchayat,534235
8,28,Andhra Pradesh,296256,Akiveedu,Nagar Panchayat,523240
9,28,Andhra Pradesh,296256,Akiveedu,Nagar Panchayat,523357
10,28,Andhra Pradesh,253272,Allagadda,Municipality,518543
11,28,Andhra Pradesh,253272,Allagadda,Municipality,523240
12,28,Andhra Pradesh,253272,Allagadda,Municipality,523357
13,28,Andhra Pradesh,299713,Alluru,Nagar Panchayat,524315
14,28,Andhra Pradesh,299713,Alluru,Nagar Panchayat,523240
15,28,Andhra Pradesh,299713,Alluru,Nagar Panchayat,523357
16,28,Andhra Pradesh,251699,Amadalavalasa,Municipality,523357
17,28,Andhra Pradesh,251699,Amadalavalasa,Municipality,523240
18,28,Andhra Pradesh,251699,Amadalavalasa,Municipality,532185
19,28,Andhra Pradesh,251735,Amalapuram,Municipality,533201
20,28,Andhra Pradesh,248112,Anantapur,Municipal Corporation,515001
21,28,Andhra Pradesh,248112,Anantapur,Municipal Corporation,515002
22,28,Andhra Pradesh,258033,Atmakur,Municipality,518442
23,28,Andhra Pradesh,258033,Atmakur,Municipality,524322
24,28,Andhra Pradesh,253270,Atmakur (Kurnool),Municipality,518422
25,28,Andhra Pradesh,248111,Badvel,Municipality,516227
26,28,Andhra Pradesh,251760,Bapatla,Municipality,522101
27,28,Andhra Pradesh,296260,Bethamcherla,Nagar Panchayat,523357
28,28,Andhra Pradesh,296260,Bethamcherla,Nagar Panchayat,523240
29,28,Andhra Pradesh,296260,Bethamcherla,Nagar Panchayat,518599
30,28,Andhra Pradesh,251741,Bhimavaram,Municipality,534201
31,28,Andhra Pradesh,299714,B Kothakota,Nagar Panchayat,523240
32,28,Andhra Pradesh,299714,B Kothakota,Nagar Panchayat,523357
33,28,Andhra Pradesh,251702,Bobbili,Municipality,535558
34,28,Andhra Pradesh,296328,Buchireddypalem,Nagar Panchayat,523240
35,28,Andhra Pradesh,296328,Buchireddypalem,Nagar Panchayat,523357
36,28,Andhra Pradesh,296328,Buchireddypalem,Nagar Panchayat,524305
37,28,Andhra Pradesh,251756,Chilakaluripeta,Municipality,522616
38,28,Andhra Pradesh,253274,Chimakurthy,Municipality,523357
39,28,Andhra Pradesh,253274,Chimakurthy,Municipality,523240
40,28,Andhra Pradesh,253274,Chimakurthy,Municipality,523226
41,28,Andhra Pradesh,299715,Chinthalapudi,Nagar Panchayat,523357
42,28,Andhra Pradesh,299715,Chinthalapudi,Nagar Panchayat,534460
43,28,Andhra Pradesh,299715,Chinthalapudi,Nagar Panchayat,523240
44,28,Andhra Pradesh,251763,Chirala,Municipality,523155
45,28,Andhra Pradesh,248122,Chittoor,Municipal Corporation,517001
46,28,Andhra Pradesh,248122,Chittoor,Municipal Corporation,517002
47,28,Andhra Pradesh,251782,Cuddapah,Municipal Corporation,516001
48,28,Andhra Pradesh,296261,Dachepalli,Nagar Panchayat,523240
49,28,Andhra Pradesh,296261,Dachepalli,Nagar Panchayat,522414
50,28,Andhra Pradesh,296261,Dachepalli,Nagar Panchayat,523357
51,28,Andhra Pradesh,296263,Darsi,Nagar Panchayat,523240
52,28,Andhra Pradesh,296263,Darsi,Nagar Panchayat,523357
53,28,Andhra Pradesh,296263,Darsi,Nagar Panchayat,523247
54,28,Andhra Pradesh,248115,Dharmavaram,Municipality,515672
55,28,Andhra Pradesh,248115,Dharmavaram,Municipality,515671
56,28,Andhra Pradesh,253169,Dhone(M),Municipality,518222
57,28,Andhra Pradesh,251739,Eluru,Municipal Corporation,534006
58,28,Andhra Pradesh,251739,Eluru,Municipal Corporation,534007
59,28,Andhra Pradesh,251739,Eluru,Municipal Corporation,534005
60,28,Andhra Pradesh,251739,Eluru,Municipal Corporation,534002
61,28,Andhra Pradesh,251739,Eluru,Municipal Corporation,534001
62,28,Andhra Pradesh,257869,Giddalur,Nagar Panchayat,523240
63,28,Andhra Pradesh,257869,Giddalur,Nagar Panchayat,523357
64,28,Andhra Pradesh,277316,Gollaprolu,Nagar Panchayat,523240
65,28,Andhra Pradesh,277316,Gollaprolu,Nagar Panchayat,523357
66,28,Andhra Pradesh,251797,Gooty,Municipality,515401
67,28,Andhra Pradesh,251747,Gudivada,Municipality,521301
68,28,Andhra Pradesh,263068,Gudur,Municipality,524101
69,28,Andhra Pradesh,251773,Gudur (Kurnool),Nagar Panchayat,523240
70,28,Andhra Pradesh,251773,Gudur (Kurnool),Nagar Panchayat,518466
71,28,Andhra Pradesh,251773,Gudur (Kurnool),Nagar Panchayat,523357
72,28,Andhra Pradesh,248113,Guntakal,Municipality,515801
73,28,Andhra Pradesh,251757,Guntur,Municipal Corporation,522003
74,28,Andhra Pradesh,251757,Guntur,Municipal Corporation,522007
75,28,Andhra Pradesh,251757,Guntur,Municipal Corporation,522034
76,28,Andhra Pradesh,251757,Guntur,Municipal Corporation,522004
77,28,Andhra Pradesh,251757,Guntur,Municipal Corporation,522001
78,28,Andhra Pradesh,251757,Guntur,Municipal Corporation,522002
79,28,Andhra Pradesh,251757,Guntur,Municipal Corporation,522006
80,28,Andhra Pradesh,296262,Gurajala,Nagar Panchayat,523357
81,28,Andhra Pradesh,296262,Gurajala,Nagar Panchayat,522415
82,28,Andhra Pradesh,296262,Gurajala,Nagar Panchayat,523240
83,28,Andhra Pradesh,248118,Hindupur,Municipality,515201
84,28,Andhra Pradesh,251696,Ichapuram,Municipality,523240
85,28,Andhra Pradesh,251696,Ichapuram,Municipality,523357
86,28,Andhra Pradesh,277319,Jaggiahpet,Municipality,521175
87,28,Andhra Pradesh,251780,Jammalamadugu,Nagar Panchayat,516434
88,28,Andhra Pradesh,257906,Jangareddygudem,Municipality,534447
89,28,Andhra Pradesh,248116,Kadiri,Municipality,515591
90,28,Andhra Pradesh,251731,Kakinada,Municipal Corporation,533001
91,28,Andhra Pradesh,251731,Kakinada,Municipal Corporation,533004
92,28,Andhra Pradesh,251731,Kakinada,Municipal Corporation,533003
93,28,Andhra Pradesh,251731,Kakinada,Municipal Corporation,533002
94,28,Andhra Pradesh,251731,Kakinada,Municipal Corporation,533007
95,28,Andhra Pradesh,251799,Kalyandurg,Municipality,515761
96,28,Andhra Pradesh,296259,Kamalapuram,Nagar Panchayat,523357
97,28,Andhra Pradesh,296259,Kamalapuram,Nagar Panchayat,523240
98,28,Andhra Pradesh,251768,Kandukur,Municipality,523105
99,28,Andhra Pradesh,253295,Kanigiri,Municipality,523357
100,28,Andhra Pradesh,253295,Kanigiri,Municipality,523240
101,28,Andhra Pradesh,253295,Kanigiri,Municipality,523230
102,28,Andhra Pradesh,251770,Kavali,Municipality,524201
103,28,Andhra Pradesh,296264,Kondapalli,Municipality,521228
104,28,Andhra Pradesh,251736,Kovvur,Municipality,534350
105,28,Andhra Pradesh,296257,Kuppam,Municipality,517425
106,28,Andhra Pradesh,251789,Kurnool,Municipal Corporation,518001
107,28,Andhra Pradesh,251751,Macherla,Municipality,522426
108,28,Andhra Pradesh,251750,Machilipatnam Municipal Corporation,Municipal Corporation,521001
109,28,Andhra Pradesh,253253,Madakasira,Nagar Panchayat,515301
110,28,Andhra Pradesh,253253,Madakasira,Nagar Panchayat,523240
111,28,Andhra Pradesh,253253,Madakasira,Nagar Panchayat,523357
112,28,Andhra Pradesh,248119,Madanapalli,Municipality,517325
113,28,Andhra Pradesh,251732,Mandapeta,Municipality,533308
114,28,Andhra Pradesh,251752,Mangalagiri Tadepalli,Municipal Corporation,522503
115,28,Andhra Pradesh,251762,Markapur,Municipality,523316
116,28,Andhra Pradesh,277315,Mummidivaram,Nagar Panchayat,523240
117,28,Andhra Pradesh,277315,Mummidivaram,Nagar Panchayat,523357
118,28,Andhra Pradesh,253297,Mydukur,Municipality,516172
119,28,Andhra Pradesh,248125,Nagari,Municipality,517590
120,28,Andhra Pradesh,257831,Naidupeta,Municipality,524126
121,28,Andhra Pradesh,254922,Nandigama,Municipality,523240
122,28,Andhra Pradesh,254922,Nandigama,Municipality,521185
123,28,Andhra Pradesh,254922,Nandigama,Municipality,523357
124,28,Andhra Pradesh,253273,Nandikotkur,Municipality,523357
125,28,Andhra Pradesh,253273,Nandikotkur,Municipality,518401
126,28,Andhra Pradesh,253273,Nandikotkur,Municipality,523240
127,28,Andhra Pradesh,251795,Nandyal,Municipality,518101
128,28,Andhra Pradesh,251795,Nandyal,Municipality,518501
129,28,Andhra Pradesh,251795,Nandyal,Municipality,518502
130,28,Andhra Pradesh,251742,Narasapur,Municipality,534275
131,28,Andhra Pradesh,251755,Narasaraopeta,Municipality,522601
132,28,Andhra Pradesh,251716,Narsipatnam,Municipality,531116
133,28,Andhra Pradesh,251711,Nellimarla,Nagar Panchayat,523357
134,28,Andhra Pradesh,251711,Nellimarla,Nagar Panchayat,535217
135,28,Andhra Pradesh,251711,Nellimarla,Nagar Panchayat,523240
136,28,Andhra Pradesh,251711,Nellimarla,Nagar Panchayat,535218
137,28,Andhra Pradesh,251772,Nellore Municipal Corporation,Municipal Corporation,524001
138,28,Andhra Pradesh,251737,Nidadavole,Municipality,534301
139,28,Andhra Pradesh,251745,Nuzvid,Municipality,521201
140,28,Andhra Pradesh,251766,Ongole,Municipal Corporation,523001
141,28,Andhra Pradesh,251766,Ongole,Municipal Corporation,523002
142,28,Andhra Pradesh,251743,Palacole,Municipality,534260
143,28,Andhra Pradesh,257967,Palakonda,Nagar Panchayat,523357
144,28,Andhra Pradesh,257967,Palakonda,Nagar Panchayat,523240
145,28,Andhra Pradesh,248123,Palamaner,Municipality,517408
146,28,Andhra Pradesh,251695,Palasa Kasibugga,Municipality,532221
147,28,Andhra Pradesh,251695,Palasa Kasibugga,Municipality,523357
148,28,Andhra Pradesh,251695,Palasa Kasibugga,Municipality,523240
149,28,Andhra Pradesh,253252,Pamidi,Nagar Panchayat,523357
150,28,Andhra Pradesh,253252,Pamidi,Nagar Panchayat,523240
151,28,Andhra Pradesh,253252,Pamidi,Nagar Panchayat,515775
152,28,Andhra Pradesh,251701,Parvathipuram,Municipality,535501
153,28,Andhra Pradesh,251749,Pedana,Municipality,521366
154,28,Andhra Pradesh,251724,Peddapuram,Municipality,533437
155,28,Andhra Pradesh,296250,Penukonda,Nagar Panchayat,523240
156,28,Andhra Pradesh,296250,Penukonda,Nagar Panchayat,515110
157,28,Andhra Pradesh,296250,Penukonda,Nagar Panchayat,523357
158,28,Andhra Pradesh,253167,Piduguralla,Municipality,522413
159,28,Andhra Pradesh,251728,Pithapuram,Municipality,533450
160,28,Andhra Pradesh,299716,Podili,Nagar Panchayat,523240
161,28,Andhra Pradesh,299716,Podili,Nagar Panchayat,523357
162,28,Andhra Pradesh,251759,Ponnuru,Municipality,522124
163,28,Andhra Pradesh,251778,Proddatur,Municipality,516360
164,28,Andhra Pradesh,253101,Pulivendula,Municipality,516390
165,28,Andhra Pradesh,248120,Punganur,Municipality,517247
166,28,Andhra Pradesh,253254,Puttaparthi,Municipality,515134
167,28,Andhra Pradesh,253254,Puttaparthi,Municipality,523357
168,28,Andhra Pradesh,253254,Puttaparthi,Municipality,523240
169,28,Andhra Pradesh,248126,Puttur,Municipality,517583
170,28,Andhra Pradesh,251725,Rajahmundry,Municipal Corporation,533101
171,28,Andhra Pradesh,251725,Rajahmundry,Municipal Corporation,533103
172,28,Andhra Pradesh,251725,Rajahmundry,Municipal Corporation,533105
173,28,Andhra Pradesh,251725,Rajahmundry,Municipal Corporation,533106
174,28,Andhra Pradesh,251725,Rajahmundry,Municipal Corporation,533107
175,28,Andhra Pradesh,251698,Rajam,Municipality,523240
176,28,Andhra Pradesh,251698,Rajam,Municipality,523357
177,28,Andhra Pradesh,253102,Rajampet,Municipality,516115
178,28,Andhra Pradesh,251733,Ramachandrapuram,Municipality,533256
179,28,Andhra Pradesh,251733,Ramachandrapuram,Municipality,533255
180,28,Andhra Pradesh,251786,Rayachoti,Municipality,516269
181,28,Andhra Pradesh,248117,Rayadurg,Municipality,515865
182,28,Andhra Pradesh,251761,Repalle,Municipality,522265
183,28,Andhra Pradesh,251703,Salur,Municipality,535591
184,28,Andhra Pradesh,251727,Samalkot,Municipality,533440
185,28,Andhra Pradesh,251753,Sattenapalle,Municipality,522403
186,28,Andhra Pradesh,251700,Srikakulam,Municipal Corporation,532001
187,28,Andhra Pradesh,248124,Srikalahasti,Municipality,517644
188,28,Andhra Pradesh,253227,Sullurupeta,Municipality,524121
189,28,Andhra Pradesh,251738,Tadepalligudem,Municipality,534101
190,28,Andhra Pradesh,251738,Tadepalligudem,Municipality,534102
191,28,Andhra Pradesh,248114,Tadipatri,Municipality,515411
192,28,Andhra Pradesh,251740,Tanuku,Municipality,534211
193,28,Andhra Pradesh,251758,Tenali,Municipality,522201
194,28,Andhra Pradesh,248121,Tirupati,Municipal Corporation,517501
195,28,Andhra Pradesh,254924,Tiruvuru,Nagar Panchayat,521235
196,28,Andhra Pradesh,254924,Tiruvuru,Nagar Panchayat,523240
197,28,Andhra Pradesh,254924,Tiruvuru,Nagar Panchayat,523357
198,28,Andhra Pradesh,251722,Tuni,Municipality,533401
199,28,Andhra Pradesh,251774,Venkatagiri,Municipality,524132
200,28,Andhra Pradesh,251746,Vijayawada Municipal Corporation,Municipal Corporation,520001
201,28,Andhra Pradesh,251754,Vinukonda,Municipality,522647
202,28,Andhra Pradesh,251719,Visakhapatnam,Municipal Corporation,530002
203,28,Andhra Pradesh,251709,Vizianagaram Municipal Corporation,Municipal Corporation,535004
204,28,Andhra Pradesh,251709,Vizianagaram Municipal Corporation,Municipal Corporation,535001
205,28,Andhra Pradesh,251709,Vizianagaram Municipal Corporation,Municipal Corporation,535003
206,28,Andhra Pradesh,251709,Vizianagaram Municipal Corporation,Municipal Corporation,535002
207,28,Andhra Pradesh,254923,Vuyyuru,Nagar Panchayat,523240
208,28,Andhra Pradesh,254923,Vuyyuru,Nagar Panchayat,521165
209,28,Andhra Pradesh,254923,Vuyyuru,Nagar Panchayat,523357
210,28,Andhra Pradesh,258054,Yelamanchili,Municipality,531055
211,28,Andhra Pradesh,277317,Yeleswaram,Nagar Panchayat,523357
212,28,Andhra Pradesh,277317,Yeleswaram,Nagar Panchayat,523240
213,28,Andhra Pradesh,251787,Yemmiganur,Municipality,518360
214,28,Andhra Pradesh,251781,Yerraguntla,Nagar Panchayat,523240
215,28,Andhra Pradesh,251781,Yerraguntla,Nagar Panchayat,523357
216,28,Andhra Pradesh,299612,Ysr Tadigadapa,Municipality,521134
217,12,Arunachal Pradesh,249705,Along,Town Panchayat,791001
218,12,Arunachal Pradesh,249706,Basar,Town Panchayat,791101
219,12,Arunachal Pradesh,249699,Bomdila,Town Panchayat,790114
220,12,Arunachal Pradesh,249699,Bomdila,Town Panchayat,790101
221,12,Arunachal Pradesh,249699,Bomdila,Town Panchayat,790116
222,12,Arunachal Pradesh,249699,Bomdila,Town Panchayat,790001
223,12,Arunachal Pradesh,299586,Bordumsa,Town Panchayat,792056
224,12,Arunachal Pradesh,249711,Changlang,Town Panchayat,792120
225,12,Arunachal Pradesh,299587,Chayangtajo,Town Panchayat,790102
226,12,Arunachal Pradesh,249704,Daporijo,Town Panchayat,791122
227,12,Arunachal Pradesh,249713,Deomali,Town Panchayat,792129
228,12,Arunachal Pradesh,299584,Doimukh,Town Panchayat,791112
229,12,Arunachal Pradesh,299582,Dumporijo,Town Panchayat,791122
230,12,Arunachal Pradesh,299588,Hayuliang,Town Panchayat,792104
231,12,Arunachal Pradesh,276621,Itanagar,Municipal Corporation,791111
232,12,Arunachal Pradesh,276621,Itanagar,Municipal Corporation,791110
233,12,Arunachal Pradesh,249701,Itanagar,Town Panchayat,791114
234,12,Arunachal Pradesh,249701,Itanagar,Town Panchayat,791113
235,12,Arunachal Pradesh,249712,Jairampur,Town Panchayat,792121
236,12,Arunachal Pradesh,299589,Kalaktang,Town Panchayat,790002
237,12,Arunachal Pradesh,299590,Kharsang,Town Panchayat,792124
238,12,Arunachal Pradesh,249714,Khonsa,Town Panchayat,792130
239,12,Arunachal Pradesh,299583,Kimin,Town Panchayat,791121
240,12,Arunachal Pradesh,299583,Kimin,Town Panchayat,791119
241,12,Arunachal Pradesh,299591,Lemmi,Town Panchayat,790102
242,12,Arunachal Pradesh,299597,Mechuka,Town Panchayat,791003
243,12,Arunachal Pradesh,249702,Naharlagun,Town Panchayat,791123
244,12,Arunachal Pradesh,249710,Namsai,Town Panchayat,792103
245,12,Arunachal Pradesh,276622,Pasighat,Municipal Council,791102
246,12,Arunachal Pradesh,249707,Pasighat,Town Panchayat,791103
247,12,Arunachal Pradesh,249707,Pasighat,Town Panchayat,791102
248,12,Arunachal Pradesh,299585,Raga,Town Panchayat,791120
249,12,Arunachal Pradesh,249708,Roing,Town Panchayat,792110
250,12,Arunachal Pradesh,299592,Ruksin,Town Panchayat,791102
251,12,Arunachal Pradesh,299593,Rupa,Town Panchayat,790003
252,12,Arunachal Pradesh,299594,Sangram,Town Panchayat,791118
253,12,Arunachal Pradesh,249700,Seppa,Town Panchayat,790102
254,12,Arunachal Pradesh,299595,Tato,Town Panchayat,791003
255,12,Arunachal Pradesh,249698,Tawang,Town Panchayat,790104
256,12,Arunachal Pradesh,249698,Tawang,Town Panchayat,790105
257,12,Arunachal Pradesh,249698,Tawang,Town Panchayat,790106
258,12,Arunachal Pradesh,249709,Tezu,Town Panchayat,792001
259,12,Arunachal Pradesh,299596,Yachuli,Town Panchayat,791119
260,12,Arunachal Pradesh,249703,Ziro,Town Panchayat,791120
261,12,Arunachal Pradesh,249703,Ziro,Town Panchayat,791119
262,18,Assam,249838,Abhayapuri,Town Committee,783384
263,18,Assam,249906,Amguri,Municipal Board,785680
264,18,Assam,249941,Badarpur,Town Committee,788806
265,18,Assam,301400,Baithalangso,Town Committee,782450
266,18,Assam,253264,Bakalia,Town Committee,782482
267,18,Assam,249922,Barpathar,Town Committee,785602
268,18,Assam,249843,Barpeta,Municipal Board,781301
269,18,Assam,249841,Barpeta Road,Municipal Board,781315
270,18,Assam,249823,Basugaon,Town Committee,783372
271,18,Assam,249881,Bihpuria,Municipal Board,784161
272,18,Assam,249839,Bijni,Town Committee,783390
273,18,Assam,300488,Bilasipara Tc,Town Committee,783348
274,18,Assam,249879,Biswanath Chariali,Municipal Board,784176
275,18,Assam,249926,Bokajan,Town Committee,782480
276,18,Assam,277144,Bokakhat,Municipal Board,785612
277,18,Assam,300494,Bokakhat Tc,Town Committee,785612
278,18,Assam,249836,Bongaigaon,Municipal Board,783380
279,18,Assam,249898,Chabua,Town Committee,786184
280,18,Assam,259861,Chapakhowa,Town Committee,786157
281,18,Assam,300489,Chapar Tc,Town Committee,783371
282,18,Assam,299966,Deithor Town Committee,Town Committee,782480
283,18,Assam,277146,Demow,Town Committee,785662
284,18,Assam,249918,Dergaon,Municipal Board,785614
285,18,Assam,253211,Dhakuakhana,Town Committee,787055
286,18,Assam,249875,Dhekiajuli,Municipal Board,784110
287,18,Assam,249883,Dhemaji,Town Committee,787057
288,18,Assam,277145,Dhing,Municipal Board,782123
289,18,Assam,249827,Dhubri,Municipal Board,783301
290,18,Assam,249896,Dibrugarh,Municipal Board,786001
291,18,Assam,249890,Digboi,Town Committee,786171
292,18,Assam,249925,Diphu,Town Committee,782460
293,18,Assam,249871,Doboka,Town Committee,782440
294,18,Assam,249928,Dokmoka,Town Committee,782441
295,18,Assam,299967,Dolamara Town Committee,Town Committee,785612
296,18,Assam,249924,Donkamokam,Town Committee,782485
297,18,Assam,249886,Doom Dooma,Town Committee,786151
298,18,Assam,249826,Gauripur,Town Committee,783131
299,18,Assam,249826,Gauripur,Town Committee,783331
300,18,Assam,249834,Goalpara,Municipal Board,783101
301,18,Assam,249880,Gohpur,Town Committee,784168
302,18,Assam,249919,Golaghat,Municipal Board,785621
303,18,Assam,300491,Golokganj Tc,Town Committee,783334
304,18,Assam,277147,Goreswar,Town Committee,781366
305,18,Assam,249821,Gossaigaon,Town Committee,783360
306,18,Assam,249854,Guwahati,Municipal Corporation,781001
307,18,Assam,249930,Haflong,Town Committee,788820
308,18,Assam,249944,Hailakandi,Municipal Board,788151
309,18,Assam,249923,Hamren,Town Committee,782486
310,18,Assam,249870,Hojai,Municipal Board,782435
311,18,Assam,249844,Howli,Town Committee,781316
312,18,Assam,249927,Howraghat,Town Committee,782481
313,18,Assam,296973,Jamugurihat Mb,Municipal Board,784180
314,18,Assam,300493,Jamugurihat Tc,Town Committee,784180
315,18,Assam,249912,Jorhat,Municipal Board,785001
316,18,Assam,296999,Kajalgaon Tc,Town Committee,783386
317,18,Assam,249869,Kampur Town,Town Committee,782426
318,18,Assam,249940,Karimganj,Municipal Board,788710
319,18,Assam,249861,Kharupatia,Town Committee,784115
320,18,Assam,300487,Kokrajhar Mb,Municipal Board,783370
321,18,Assam,249939,Lakhipur Municipality,Municipal Board,783129
322,18,Assam,300492,Lakhipur Tc,Town Committee,783129
323,18,Assam,300492,Lakhipur Tc,Town Committee,788103
324,18,Assam,249945,Lala,Town Committee,788163
325,18,Assam,277148,Langhin,Town Committee,782441
326,18,Assam,300495,Lanka Mb,Town Committee,782446
327,18,Assam,249872,Lumding,Municipal Board,782447
328,18,Assam,249931,Mahur,Town Committee,788830
329,18,Assam,249932,Maibong,Town Committee,788831
330,18,Assam,249887,Makum,Town Committee,786170
331,18,Assam,249860,Mangaldoi,Municipal Board,784125
332,18,Assam,299968,Manja Town Committee,Town Committee,782461
333,18,Assam,249892,Margherita,Town Committee,786181
334,18,Assam,249915,Mariani,Town Committee,785634
335,18,Assam,249864,Marigaon,Municipal Board,782125
336,18,Assam,249902,Moran Town,Municipal Board,785669
337,18,Assam,249866,Nagaon,Municipal Board,782001
338,18,Assam,249903,Naharkatiya,Town Committee,786610
339,18,Assam,249858,Nalbari,Municipal Board,781335
340,18,Assam,249904,Namrup,Town Committee,786621
341,18,Assam,249904,Namrup,Town Committee,786623
342,18,Assam,253212,Narayanpur,Town Committee,784164
343,18,Assam,249907,Nazira,Municipal Board,785685
344,18,Assam,249855,North Guwahati,Town Committee,781030
345,18,Assam,249882,North Lakhimpur,Municipal Board,787001
346,18,Assam,249851,Palasbari,Municipal Board,781128
347,18,Assam,262892,Patacharkuchi,Town Committee,781326
348,18,Assam,249847,Pathsala,Town Committee,781325
349,18,Assam,299969,Phuloni Centre Town Committee,Town Committee,782441
350,18,Assam,271990,Raha,Town Committee,782103
351,18,Assam,289553,Ramkrishnanagar,Municipal Board,788166
352,18,Assam,277150,Ramkrishna Nagar,Town Committee,788166
353,18,Assam,249876,Rangapara,Town Committee,784505
354,18,Assam,277143,Rangia,Municipal Board,781354
355,18,Assam,299970,Rongmongve Town Committee,Town Committee,782136
356,18,Assam,299971,Samelangso Town Committee,Town Committee,782441
357,18,Assam,249828,Sapatgram,Town Committee,783337
358,18,Assam,249842,Sarbhog,Town Committee,781317
359,18,Assam,249846,Sarthebari,Town Committee,781307
360,18,Assam,249921,Sarupathar,Town Committee,785601
361,18,Assam,249905,Sibsagar,Municipal Board,785640
362,18,Assam,249905,Sibsagar,Municipal Board,785680
363,18,Assam,249884,Silapathar,Town Committee,787059
364,18,Assam,249933,Silchar,Municipal Board,788001
365,18,Assam,253214,Simaluguri,Town Committee,785686
366,18,Assam,296992,Sipajhar Mb,Municipal Board,784145
367,18,Assam,289552,Sonai,Municipal Board,788119
368,18,Assam,277152,Sonai,Town Committee,788119
369,18,Assam,249908,Sonari,Municipal Board,785690
370,18,Assam,277151,Sootea,Town Committee,784175
371,18,Assam,249859,Tangla,Town Committee,784501
372,18,Assam,249859,Tangla,Town Committee,784521
373,18,Assam,263017,Teoktc,Town Committee,785112
374,18,Assam,249877,Tezpur,Municipal Board,784001
375,18,Assam,249857,Tihu,Town Committee,781371
376,18,Assam,249888,Tinsukia,Municipal Board,786125
377,18,Assam,249916,Titabor Town,Town Committee,785630
378,18,Assam,249916,Titabor Town,Town Committee,785632
379,18,Assam,249862,Udalguri,Town Committee,784509
380,18,Assam,249929,Umrangso,Town Committee,788931
381,10,Bihar,299131,Akbarnagar,Town Panchayat,812006
382,10,Bihar,299227,Alamnagar,Town Panchayat,852219
383,10,Bihar,299218,Alauli,Town Panchayat,851206
384,10,Bihar,249632,Amarpur,Town Panchayat,813101
385,10,Bihar,301385,AMDABAD,Town Panchayat,854112
386,10,Bihar,299232,Amour,Town Panchayat,841401
387,10,Bihar,299134,Andar,Town Panchayat,841226
388,10,Bihar,249587,Araria,Municipal Council,854311
389,10,Bihar,249570,Areraj,Town Panchayat,845411
390,10,Bihar,249659,Arrah,Municipal Corporation,802301
391,10,Bihar,253281,Arwal,Municipal Council,804401
392,10,Bihar,300549,Asarganj,Town Panchayat,813201
393,10,Bihar,299293,Asthawan,Town Panchayat,803107
394,10,Bihar,290025,Aurangabad,Municipal Council,824101
395,10,Bihar,249562,Bagaha,Municipal Council,845105
396,10,Bihar,249562,Bagaha,Municipal Council,845101
397,10,Bihar,249589,Bahadurganj,Town Panchayat,855101
398,10,Bihar,301283,Baheri,Town Panchayat,847105
399,10,Bihar,249573,Bairgania,Municipal Council,843313
400,10,Bihar,299120,Baisi ,Town Panchayat,813104
401,10,Bihar,277129,Bakhri,Municipal Council,848201
402,10,Bihar,277098,Bakhtiyarpur,Municipal Council,803212
403,10,Bihar,277136,Balia,Municipal Council,851211
404,10,Bihar,299212,Balrampur,Town Panchayat,855102
405,10,Bihar,300558,Bangaon,Town Panchayat,852112
406,10,Bihar,249633,Banka,Municipal Council,813102
407,10,Bihar,299234,Banmankhi,Municipal Council,854202
408,10,Bihar,277133,Banmankhi,Municipal Council,854202
409,10,Bihar,249638,Barahiya,Municipal Council,811302
410,10,Bihar,301330,BARARI,Town Panchayat,812003
411,10,Bihar,277131,Barauli,Municipal Council,841226
412,10,Bihar,300544,Barauni,Municipal Council,851112
413,10,Bihar,277103,Barbigha,Municipal Council,811101
414,10,Bihar,249656,Barh,Municipal Council,803213
415,10,Bihar,299143,Barharia,Town Panchayat,841226
416,10,Bihar,276406,Barsoi,Town Panchayat,855102
417,10,Bihar,299118,Barun,Town Panchayat,824112
418,10,Bihar,300564,Baruraaj,Town Panchayat,843111
419,10,Bihar,299139,Basantpur,Town Panchayat,841226
420,10,Bihar,249624,Begusarai,Municipal Corporation,851101
421,10,Bihar,249661,Behea,Town Panchayat,802152
422,10,Bihar,299214,Beldaur,Town Panchayat,852161
423,10,Bihar,249574,Belsand,Town Panchayat,843316
424,10,Bihar,299291,Benipatti,Town Panchayat,847223
425,10,Bihar,276642,Benipur,Municipal Council,847103
426,10,Bihar,249564,Bettiah,Municipal Corporation,845438
427,10,Bihar,249666,Bhabua,Municipal Council,821101
428,10,Bihar,249630,Bhagalpur,Municipal Corporation,812001
429,10,Bihar,299170,Bharwara,Town Panchayat,847104
430,10,Bihar,299237,Bhawanipur,Town Panchayat,845452
431,10,Bihar,299237,Bhawanipur,Town Panchayat,854204
432,10,Bihar,299224,Bihariganj,Town Panchayat,852101
433,10,Bihar,249642,Biharsharif,Municipal Corporation,803115
434,10,Bihar,249642,Biharsharif,Municipal Corporation,803118
435,10,Bihar,249642,Biharsharif,Municipal Corporation,803101
436,10,Bihar,276643,Bihat,Municipal Council,851135
437,10,Bihar,299176,Bihta,Municipal Council,801103
438,10,Bihar,276644,Bikarm,Town Panchayat,801104
439,10,Bihar,249668,Bikramganj,Municipal Council,802212
440,10,Bihar,301284,Biraul,Town Panchayat,847105
441,10,Bihar,249583,Birpur,Town Panchayat,854340
442,10,Bihar,260469,Bisahi,Municipal Council,843317
443,10,Bihar,249683,Bodh Gaya,Municipal Council,824231
444,10,Bihar,300565,Bounsi,Town Panchayat,813104
445,10,Bihar,300545,Brahmpur,Town Panchayat,802112
446,10,Bihar,249665,Buxar,Municipal Council,802101
447,10,Bihar,249571,Chakia,Municipal Council,845412
448,10,Bihar,299272,Champanagar,Town Panchayat,812004
449,10,Bihar,299288,Chandi,Town Panchayat,803108
450,10,Bihar,249563,Chanpatia,Town Panchayat,845449
451,10,Bihar,249612,Chapra,Municipal Corporation,841301
452,10,Bihar,300546,Chausa,Town Panchayat,802114
453,10,Bihar,299307,Chenari,Town Panchayat,821104
454,10,Bihar,299151,Chewara,Town Panchayat,811304
455,10,Bihar,249621,Dalsinghsarai,Municipal Council,848114
456,10,Bihar,249648,Danapur,Municipal Council,801503
457,10,Bihar,249600,Darbhanga,Municipal Corporation,846008
458,10,Bihar,249600,Darbhanga,Municipal Corporation,846004
459,10,Bihar,249600,Darbhanga,Municipal Corporation,846001
460,10,Bihar,249674,Daudnagar,Municipal Council,824143
461,10,Bihar,249671,Dehri Dalmianagar,Municipal Council,821305
462,10,Bihar,299117,Deo,Town Panchayat,824202
463,10,Bihar,249567,Dhaka,Municipal Council,845418
464,10,Bihar,299236,Dhamdaha,Town Panchayat,854205
465,10,Bihar,249614,Dighwara,Town Panchayat,841207
466,10,Bihar,299306,Dinara,Town Panchayat,802213
467,10,Bihar,299185,Dobhi,Town Panchayat,824220
468,10,Bihar,249664,Dumraon,Municipal Council,802119
469,10,Bihar,299301,Ekangarsarai,Town Panchayat,801301
470,10,Bihar,265438,Ekma Bazar,Town Panchayat,841208
471,10,Bihar,299188,Fatehpur,Town Panchayat,813210
472,10,Bihar,249653,Fatuha,Municipal Council,803201
473,10,Bihar,249586,Forbesganj,Municipal Council,854318
474,10,Bihar,299146,Garhani,Town Panchayat,802203
475,10,Bihar,249680,Gaya,Municipal Corporation,823001
476,10,Bihar,301285,GHANSHYAMPUR,Town Panchayat,847105
477,10,Bihar,249581,Ghoghardiha,Town Panchayat,847402
478,10,Bihar,300548,Ghoshi,Town Panchayat,804406
479,10,Bihar,299285,Giriak,Town Panchayat,803109
480,10,Bihar,249626,Gogri Jamalpur,Municipal Council,851203
481,10,Bihar,249606,Gopalganj,Municipal Council,841226
482,10,Bihar,300561,Gopalpur,Town Panchayat,841217
483,10,Bihar,300563,Goraul,Town Panchayat,844118
484,10,Bihar,299136,Guthani,Town Panchayat,841226
485,10,Bihar,299123,Habibpur,Town Panchayat,812005
486,10,Bihar,249617,Hajipur,Municipal Council,844101
487,10,Bihar,276429,Harnaut,Town Panchayat,803110
488,10,Bihar,299133,Hasanpura,Town Panchayat,841226
489,10,Bihar,299203,Hata,Town Panchayat,821106
490,10,Bihar,299138,Hathua,Town Panchayat,841226
491,10,Bihar,299171,Haweli Kharagpur,Municipal Council,811213
492,10,Bihar,301277,HAYAGHAT,Town Panchayat,847105
493,10,Bihar,249643,Hilsa,Municipal Council,801302
494,10,Bihar,249686,Hisua,Municipal Council,805103
495,10,Bihar,299132,Hussainganj,Town Panchayat,841226
496,10,Bihar,299186,Imamganj,Town Panchayat,824206
497,10,Bihar,249644,Islampur,Municipal Council,801303
498,10,Bihar,300547,Itarhi,Town Panchayat,802123
499,10,Bihar,249662,Jagdishpur,Town Panchayat,813105
500,10,Bihar,249662,Jagdishpur,Town Panchayat,802158
501,10,Bihar,249662,Jagdishpur,Town Panchayat,845459
502,10,Bihar,249578,Jainagar,Town Panchayat,847226
503,10,Bihar,299159,Jalalpur,Town Panchayat,841412
504,10,Bihar,299159,Jalalpur,Town Panchayat,841212
505,10,Bihar,301286,Jale,Municipal Council,847302
506,10,Bihar,249635,Jamalpur,Municipal Council,811214
507,10,Bihar,305270,JAMHAUR,Town Panchayat,821305
508,10,Bihar,249687,Jamui,Municipal Council,811307
509,10,Bihar,249577,Janakpur Road,Municipal Council,843320
510,10,Bihar,299273,Jandaha,Town Panchayat,844505
511,10,Bihar,300557,Jankinagar,Town Panchayat,854102
512,10,Bihar,249672,Jehanabad,Municipal Council,804408
513,10,Bihar,249672,Jehanabad,Municipal Council,804403
514,10,Bihar,249688,Jhajha,Municipal Council,811308
515,10,Bihar,249580,Jhanjharpur,Municipal Council,847404
516,10,Bihar,249585,Jogabani,Municipal Council,854328
517,10,Bihar,299113,Jokihat,Town Panchayat,854329
518,10,Bihar,277134,Kahalgaon,Town Panchayat,813203
519,10,Bihar,299162,Kahra,Town Panchayat,852202
520,10,Bihar,301334,KAKO,Town Panchayat,804418
521,10,Bihar,299158,KAMTAUL Ahiyari,Town Panchayat,847304
522,10,Bihar,249602,Kanti,Municipal Council,843109
523,10,Bihar,299304,Karakat,Town Panchayat,802212
524,10,Bihar,299233,Kasba,Municipal Council,854330
525,10,Bihar,249604,Kataiya,Town Panchayat,841226
526,10,Bihar,249595,Katihar,Municipal Corporation,854103
527,10,Bihar,249595,Katihar,Municipal Corporation,854109
528,10,Bihar,249595,Katihar,Municipal Corporation,854107
529,10,Bihar,249595,Katihar,Municipal Corporation,854106
530,10,Bihar,249595,Katihar,Municipal Corporation,854105
531,10,Bihar,299121,Katoria,Town Panchayat,813106
532,10,Bihar,277126,Kesaria,Town Panchayat,845424
533,10,Bihar,249625,Khagaria,Municipal Council,851204
534,10,Bihar,249649,Khagaul,Municipal Council,801105
535,10,Bihar,299187,Khizarsarai,Town Panchayat,824233
536,10,Bihar,249654,Khusrupur,Town Panchayat,803202
537,10,Bihar,249590,Kishanganj,Municipal Council,855107
538,10,Bihar,249590,Kishanganj,Municipal Council,855108
539,10,Bihar,249667,Koath,Town Panchayat,802216
540,10,Bihar,276405,Kochas,Town Panchayat,821112
541,10,Bihar,249660,Koilwar,Town Panchayat,802160
542,10,Bihar,300560,Kopa,Town Panchayat,841213
543,10,Bihar,299210,Korha,Town Panchayat,854108
544,10,Bihar,299204,Kudra,Town Panchayat,821108
545,10,Bihar,299230,Kurhani,Town Panchayat,843119
546,10,Bihar,299209,Kursela,Town Panchayat,854101
547,10,Bihar,299116,Kurtha,Town Panchayat,804421
548,10,Bihar,301276,KUSHESWAR ASTHAN EAST,Town Panchayat,848213
549,10,Bihar,249639,Lakhisarai,Municipal Council,811311
550,10,Bihar,249616,Lalganj,Municipal Council,844121
551,10,Bihar,300555,Lauria,Town Panchayat,845453
552,10,Bihar,300556,Macharganwa,Town Panchayat,845417
553,10,Bihar,249597,Madhepura,Municipal Council,852113
554,10,Bihar,300551,Madhopur Susta,Town Panchayat,842002
555,10,Bihar,249579,Madhubani,Municipal Corporation,847211
556,10,Bihar,249609,Maharajganj,Town Panchayat,841226
557,10,Bihar,249618,Mahnar,Municipal Council,844506
558,10,Bihar,277125,Mahua,Municipal Council,844122
559,10,Bihar,249610,Mairwa,Town Panchayat,841226
560,10,Bihar,249673,Makhdumpur,Town Panchayat,804422
561,10,Bihar,249647,Maner,Municipal Council,801108
562,10,Bihar,249596,Manihari,Town Panchayat,854113
563,10,Bihar,299156,Manjhi,Town Panchayat,841313
564,10,Bihar,299216,Mansi,Town Panchayat,851214
565,10,Bihar,249613,Marhaura,Town Panchayat,841418
566,10,Bihar,249652,Masaurhi,Municipal Council,804452
567,10,Bihar,299157,Mashrakh,Town Panchayat,841418
568,10,Bihar,299157,Mashrakh,Town Panchayat,841417
569,10,Bihar,277128,Mehsi,Town Panchayat,845426
570,10,Bihar,299223,Minapur,Town Panchayat,843128
571,10,Bihar,249605,Mirganj,Municipal Council,841226
572,10,Bihar,299271,Mirganj,Town Panchayat,841226
573,10,Bihar,299271,Mirganj,Town Panchayat,842002
574,10,Bihar,276648,Mohaniya,Town Panchayat,821109
575,10,Bihar,249657,Mokama,Municipal Council,803302
576,10,Bihar,249568,Motihari,Municipal Corporation,845401
577,10,Bihar,249601,Motipur,Municipal Council,843111
578,10,Bihar,249634,Munger,Municipal Corporation,811201
579,10,Bihar,300552,Muraul,Town Panchayat,843105
580,10,Bihar,249598,Murliganj,Town Panchayat,852122
581,10,Bihar,300559,Musri Gharari,Town Panchayat,848103
582,10,Bihar,249603,Muzaffarpur,Municipal Corporation,842001
583,10,Bihar,249678,Nabinagar,Town Panchayat,824301
584,10,Bihar,299454,Nalanda,Town Panchayat,803111
585,10,Bihar,249561,Narkatiaganj,Municipal Council,845455
586,10,Bihar,299112,Narpatganj,Town Panchayat,854335
587,10,Bihar,276646,Nasriganj,Town Panchayat,821310
588,10,Bihar,276645,Naubatpur,Town Panchayat,801109
589,10,Bihar,249627,Naugachhia,Municipal Council,853204
590,10,Bihar,299160,Nauhatta,Town Panchayat,852123
591,10,Bihar,249684,Nawada,Municipal Council,805112
592,10,Bihar,249582,Nirmali,Town Panchayat,847452
593,10,Bihar,249669,Nokha,Municipal Council,802215
594,10,Bihar,299337,Noorsarai,Town Panchayat,803113
595,10,Bihar,277127,Pakri Dayal,Town Panchayat,845428
596,10,Bihar,299205,Paliganj,Town Panchayat,801110
597,10,Bihar,299296,Parbalpur,Town Panchayat,803114
598,10,Bihar,299215,Parbatta,Town Panchayat,851216
599,10,Bihar,265437,Parsa Bazar,Town Panchayat,841219
600,10,Bihar,265437,Parsa Bazar,Town Panchayat,804453
601,10,Bihar,299127,Patepur,Town Panchayat,843114
602,10,Bihar,249650,Patna,Municipal Corporation,800007
603,10,Bihar,249650,Patna,Municipal Corporation,800008
604,10,Bihar,249650,Patna,Municipal Corporation,800009
605,10,Bihar,249650,Patna,Municipal Corporation,800010
606,10,Bihar,249650,Patna,Municipal Corporation,800013
607,10,Bihar,249650,Patna,Municipal Corporation,800014
608,10,Bihar,249650,Patna,Municipal Corporation,800011
609,10,Bihar,249650,Patna,Municipal Corporation,800004
610,10,Bihar,249650,Patna,Municipal Corporation,800005
611,10,Bihar,249650,Patna,Municipal Corporation,800006
612,10,Bihar,249650,Patna,Municipal Corporation,800015
613,10,Bihar,249650,Patna,Municipal Corporation,800016
614,10,Bihar,249650,Patna,Municipal Corporation,800017
615,10,Bihar,249650,Patna,Municipal Corporation,800019
616,10,Bihar,249650,Patna,Municipal Corporation,800021
617,10,Bihar,249650,Patna,Municipal Corporation,800022
618,10,Bihar,249650,Patna,Municipal Corporation,800023
619,10,Bihar,249650,Patna,Municipal Corporation,800024
620,10,Bihar,249650,Patna,Municipal Corporation,800025
621,10,Bihar,249650,Patna,Municipal Corporation,800028
622,10,Bihar,249650,Patna,Municipal Corporation,801105
623,10,Bihar,249650,Patna,Municipal Corporation,801106
624,10,Bihar,249650,Patna,Municipal Corporation,801507
625,10,Bihar,249650,Patna,Municipal Corporation,800003
626,10,Bihar,249650,Patna,Municipal Corporation,800002
627,10,Bihar,249650,Patna,Municipal Corporation,800001
628,10,Bihar,299298,Pauakhali,Town Panchayat,855108
629,10,Bihar,300553,Pawapuri,Town Panchayat,803115
630,10,Bihar,299284,Phulparas,Town Panchayat,847409
631,10,Bihar,249651,Phulwari Sharif,Municipal Council,801505
632,10,Bihar,299129,Pipra,Town Panchayat,852218
633,10,Bihar,299129,Pipra,Town Panchayat,845416
634,10,Bihar,249663,Piro,Municipal Council,802207
635,10,Bihar,299135,Pirpainti,Town Panchayat,813209
636,10,Bihar,299196,Punpun,Town Panchayat,804453
637,10,Bihar,299196,Punpun,Town Panchayat,804452
638,10,Bihar,299149,Pupri,Municipal Council,843320
639,10,Bihar,249592,Purnea,Municipal Corporation,854301
640,10,Bihar,249675,Rafiganj,Town Panchayat,824125
641,10,Bihar,299300,Rahui,Town Panchayat,803119
642,10,Bihar,300554,Rajauli,Town Panchayat,805125
643,10,Bihar,299316,Rajgir,Municipal Council,803116
644,10,Bihar,299206,Ramgarh,Town Panchayat,821110
645,10,Bihar,249560,Ramnagar,Town Panchayat,845103
646,10,Bihar,249560,Ramnagar,Town Panchayat,845106
647,10,Bihar,299114,Raniganj,Town Panchayat,854334
648,10,Bihar,249565,Raxaul,Municipal Council,845305
649,10,Bihar,249611,Rivilganj,Town Panchayat,841305
650,10,Bihar,301296,ROHTAS,Town Panchayat,821311
651,10,Bihar,249622,Rosera,Municipal Council,848210
652,10,Bihar,299238,Rupauli,Town Panchayat,854204
653,10,Bihar,299126,Sabour,Town Panchayat,813210
654,10,Bihar,249599,Saharsa,Municipal Corporation,852201
655,10,Bihar,253219,Sahebganj,Municipal Council,843125
656,10,Bihar,299240,Sakra,Town Panchayat,843105
657,10,Bihar,249619,Samastipur,Municipal Corporation,848101
658,10,Bihar,299178,Sampatchak,Municipal Council,800009
659,10,Bihar,299178,Sampatchak,Municipal Council,800007
660,10,Bihar,300550,Sangrampur,Town Panchayat,813212
661,10,Bihar,299173,Sarairanjan,Town Panchayat,848127
662,10,Bihar,299228,Saraiya,Town Panchayat,843126
663,10,Bihar,299297,Sarmera,Town Panchayat,811104
664,10,Bihar,249670,Sasaram,Municipal Corporation,821115
665,10,Bihar,249658,Shahpur,Town Panchayat,841226
666,10,Bihar,299229,Shahpur Patori,Municipal Council,848504
667,10,Bihar,299150,Sheikhopur Sarai,Town Panchayat,811103
668,10,Bihar,249641,Sheikhpura,Municipal Council,811105
669,10,Bihar,299145,Sheohar,Municipal Council,843329
670,10,Bihar,249682,Sherghati,Municipal Council,824211
671,10,Bihar,299198,Sikandra,Town Panchayat,811315
672,10,Bihar,249646,Silao,Town Panchayat,803117
673,10,Bihar,300562,Simrahi,Town Panchayat,852111
674,10,Bihar,299164,Simri Bakhtiarpur,Municipal Council,852127
675,10,Bihar,299225,Singheshwar,Town Panchayat,852128
676,10,Bihar,299195,Singhia,Town Panchayat,848209
677,10,Bihar,301272,SINGHWARA,Town Panchayat,847105
678,10,Bihar,249575,Sitamarhi,Municipal Corporation,843302
679,10,Bihar,249608,Siwan,Municipal Council,841226
680,10,Bihar,299161,Sonbarsa,Town Panchayat,843330
681,10,Bihar,249615,Sonepur,Municipal Council,841101
682,10,Bihar,299163,Sour Bazar,Town Panchayat,852221
683,10,Bihar,249566,Sugauli,Town Panchayat,845456
684,10,Bihar,249629,Sultanganj,Municipal Council,813213
685,10,Bihar,249584,Supaul,Municipal Council,852131
686,10,Bihar,290059,Sursand,Town Panchayat,843331
687,10,Bihar,299148,Suryagadha,Municipal Council,811106
688,10,Bihar,299448,Tajpur,Municipal Council,848130
689,10,Bihar,299175,Tarapur,Town Panchayat,813221
690,10,Bihar,277130,Teghara,Municipal Council,851133
691,10,Bihar,249679,Tekari,Municipal Council,824236
692,10,Bihar,249588,Thakurganj,Town Panchayat,855116
693,10,Bihar,299128,Tribeniganj,Municipal Council,852139
694,10,Bihar,299226,Udakishunganj,Municipal Council,852220
695,10,Bihar,249685,Warisaliganj,Municipal Council,803109
696,10,Bihar,299189,Wazirganj,Town Panchayat,803109
697,4,Chandigarh,276386,Chandigarh,Municipal Corporation,160030
698,4,Chandigarh,276386,Chandigarh,Municipal Corporation,160003
699,4,Chandigarh,276386,Chandigarh,Municipal Corporation,160009
700,4,Chandigarh,276386,Chandigarh,Municipal Corporation,160011
701,4,Chandigarh,276386,Chandigarh,Municipal Corporation,160012
702,4,Chandigarh,276386,Chandigarh,Municipal Corporation,160014
703,4,Chandigarh,276386,Chandigarh,Municipal Corporation,160015
704,4,Chandigarh,276386,Chandigarh,Municipal Corporation,160017
705,4,Chandigarh,276386,Chandigarh,Municipal Corporation,160018
706,4,Chandigarh,276386,Chandigarh,Municipal Corporation,160019
707,4,Chandigarh,276386,Chandigarh,Municipal Corporation,160020
708,4,Chandigarh,276386,Chandigarh,Municipal Corporation,160022
709,4,Chandigarh,276386,Chandigarh,Municipal Corporation,160023
710,4,Chandigarh,276386,Chandigarh,Municipal Corporation,160025
711,4,Chandigarh,276386,Chandigarh,Municipal Corporation,160036
712,4,Chandigarh,276386,Chandigarh,Municipal Corporation,160043
713,4,Chandigarh,276386,Chandigarh,Municipal Corporation,160047
714,4,Chandigarh,276386,Chandigarh,Municipal Corporation,160101
715,4,Chandigarh,276386,Chandigarh,Municipal Corporation,160102
716,4,Chandigarh,276386,Chandigarh,Municipal Corporation,160002
717,22,Chhattisgarh,253106,Aamdi,Town Panchayat,493773
718,22,Chhattisgarh,253177,Abhanpur,Municipality,493661
719,22,Chhattisgarh,253289,Adbhar,Town Panchayat,495695
720,22,Chhattisgarh,250635,Ahiwara,Municipality,490036
721,22,Chhattisgarh,250603,Akaltara,Municipality,495552
722,22,Chhattisgarh,250631,Ambagarh Chowki,Town Panchayat,491665
723,22,Chhattisgarh,250588,Ambikapur,Municipal Corporation,497001
724,22,Chhattisgarh,299657,Amleshwar,Municipality,490042
725,22,Chhattisgarh,253248,Antagarh,Town Panchayat,494665
726,22,Chhattisgarh,250650,Arang,Municipality,493441
727,22,Chhattisgarh,253155,Arjunda,Town Panchayat,491225
728,22,Chhattisgarh,250670,Bade Bacheli,Municipality,494553
729,22,Chhattisgarh,250662,Bagbahara,Municipality,493449
730,22,Chhattisgarh,253200,Bagicha,Town Panchayat,496224
731,22,Chhattisgarh,250579,Baikunthpur,Municipality,497335
732,22,Chhattisgarh,250642,Balod,Municipality,491226
733,22,Chhattisgarh,250601,Baloda,Town Panchayat,495559
734,22,Chhattisgarh,250648,Baloda Bazar,Municipality,493332
735,22,Chhattisgarh,253119,Balrampur,Municipality,497119
736,22,Chhattisgarh,301919,Bamhanidih,Town Panchayat,495660
737,22,Chhattisgarh,301510,Banki Mongra,Municipality,495447
738,22,Chhattisgarh,253276,Baramkela,Town Panchayat,496551
739,22,Chhattisgarh,301522,Barela,Town Panchayat,495330
740,22,Chhattisgarh,253215,Barsoor,Town Panchayat,494441
741,22,Chhattisgarh,250658,Basna,Town Panchayat,493554
742,22,Chhattisgarh,248143,Bastar,Town Panchayat,494223
743,22,Chhattisgarh,250632,Bemetara,Municipality,491335
744,22,Chhattisgarh,253152,Berla,Town Panchayat,491332
745,22,Chhattisgarh,253245,Bhairamgarh,Town Panchayat,494450
746,22,Chhattisgarh,253107,Bhakhara,Town Panchayat,493770
747,22,Chhattisgarh,253145,Bhanupratappur,Town Panchayat,494669
748,22,Chhattisgarh,250651,Bhatapara,Municipality,493118
749,22,Chhattisgarh,253114,Bhatgaon,Town Panchayat,497235
750,22,Chhattisgarh,253183,Bhatgaon,Town Panchayat,493222
751,22,Chhattisgarh,253114,Bhatgaon,Town Panchayat,491001
752,22,Chhattisgarh,250639,Bhilai,Municipal Corporation,490026
753,22,Chhattisgarh,250639,Bhilai,Municipal Corporation,490020
754,22,Chhattisgarh,250639,Bhilai,Municipal Corporation,490011
755,22,Chhattisgarh,250639,Bhilai,Municipal Corporation,490009
756,22,Chhattisgarh,250639,Bhilai,Municipal Corporation,490001
757,22,Chhattisgarh,250639,Bhilai,Municipal Corporation,490022
758,22,Chhattisgarh,250639,Bhilai,Municipal Corporation,490023
759,22,Chhattisgarh,250638,Bhilai Charoda,Municipal Corporation,490021
760,22,Chhattisgarh,250638,Bhilai Charoda,Municipal Corporation,490025
761,22,Chhattisgarh,301511,Bhinbhouree,Town Panchayat,490036
762,22,Chhattisgarh,253246,Bhopalpatnam,Town Panchayat,494446
763,22,Chhattisgarh,253244,Bijapur,Municipality,494444
764,22,Chhattisgarh,250656,Bilaigarh,Town Panchayat,493338
765,22,Chhattisgarh,250616,Bilaspur,Municipal Corporation,495001
766,22,Chhattisgarh,250622,Bilha,Town Panchayat,495224
767,22,Chhattisgarh,253179,Birgaon,Municipal Corporation,493221
768,22,Chhattisgarh,273466,Bodla,Town Panchayat,491995
769,22,Chhattisgarh,250621,Bodri,Municipality,495220
770,22,Chhattisgarh,250605,Champa,Municipality,495671
771,22,Chhattisgarh,298991,Chandkhuri,Town Panchayat,492101
772,22,Chhattisgarh,253285,Chandrapur,Town Panchayat,495692
773,22,Chhattisgarh,253144,Charama,Town Panchayat,494337
774,22,Chhattisgarh,250626,Chhuikhadan,Town Panchayat,491885
775,22,Chhattisgarh,253112,Chhuriya,Town Panchayat,491558
776,22,Chhattisgarh,253157,Chikhlakasa,Town Panchayat,491228
777,22,Chhattisgarh,250578,Chirimiri,Municipal Corporation,497449
778,22,Chhattisgarh,253111,Churikala,Town Panchayat,495450
779,22,Chhattisgarh,253181,Churra,Town Panchayat,493996
780,22,Chhattisgarh,301508,Dadhi,Town Panchayat,491335
781,22,Chhattisgarh,250643,Dalli Rajhara,Municipality,491228
782,22,Chhattisgarh,250669,Dantewada,Municipality,494449
783,22,Chhattisgarh,301812,Devbhog,Town Panchayat,493890
784,22,Chhattisgarh,253151,Devkar,Town Panchayat,491335
785,22,Chhattisgarh,253286,Dhabhara,Town Panchayat,495688
786,22,Chhattisgarh,250634,Dhamdha,Town Panchayat,491331
787,22,Chhattisgarh,248062,Dhamtari,Municipal Corporation,493773
788,22,Chhattisgarh,250592,Dharamjaigarh,Town Panchayat,496116
789,22,Chhattisgarh,250599,Dipka,Municipality,495452
790,22,Chhattisgarh,253156,Dondi,Town Panchayat,491230
791,22,Chhattisgarh,253159,Dondilohara,Town Panchayat,491771
792,22,Chhattisgarh,250630,Dongargaon,Town Panchayat,491661
793,22,Chhattisgarh,250628,Dongargarh,Municipality,491445
794,22,Chhattisgarh,253218,Dornapal,Town Panchayat,494122
795,22,Chhattisgarh,250640,Durg,Municipal Corporation,491001
796,22,Chhattisgarh,250640,Durg,Municipal Corporation,490022
797,22,Chhattisgarh,265121,Farasgaon,Town Panchayat,494228
798,22,Chhattisgarh,253180,Fingeswar,Town Panchayat,493992
799,22,Chhattisgarh,250625,Gandai,Town Panchayat,491888
800,22,Chhattisgarh,253182,Gariabandh,Municipality,493889
801,22,Chhattisgarh,250610,Gaurella,Municipality,495119
802,22,Chhattisgarh,250668,Geedam,Town Panchayat,494441
803,22,Chhattisgarh,250593,Gharghoda,Town Panchayat,496111
804,22,Chhattisgarh,301920,Ghumka,Town Panchayat,491444
805,22,Chhattisgarh,250649,Gobra Nawapara,Municipality,493881
806,22,Chhattisgarh,253154,Gunderdehi,Town Panchayat,491223
807,22,Chhattisgarh,253158,Gurur,Town Panchayat,491227
808,22,Chhattisgarh,301507,Indouri,Town Panchayat,491336
809,22,Chhattisgarh,250665,Jagdalpur,Municipal Corporation,494001
810,22,Chhattisgarh,253284,Jaijaipur,Town Panchayat,495690
811,22,Chhattisgarh,250636,Jamul,Municipality,490024
812,22,Chhattisgarh,301515,Janakpur,Town Panchayat,497778
813,22,Chhattisgarh,301630,Jarhagaon,Town Panchayat,495334
814,22,Chhattisgarh,253115,Jarhi,Town Panchayat,497235
815,22,Chhattisgarh,250590,Jashpur Nagar,Municipality,496331
816,22,Chhattisgarh,250582,Jhagrakhand,Town Panchayat,497446
817,22,Chhattisgarh,250663,Kanker,Municipality,494334
818,22,Chhattisgarh,250645,Kasdol,Town Panchayat,493335
819,22,Chhattisgarh,250597,Katghora,Municipality,495445
820,22,Chhattisgarh,250623,Kawardha,Municipality,491995
821,22,Chhattisgarh,248063,Keshkal,Town Panchayat,494331
822,22,Chhattisgarh,262094,Khairagarh Municipality,Municipality,491881
823,22,Chhattisgarh,250608,Kharod,Town Panchayat,495556
824,22,Chhattisgarh,250652,Kharora,Town Panchayat,493225
825,22,Chhattisgarh,250595,Kharsia,Municipality,496661
826,22,Chhattisgarh,250581,Khongapani,Town Panchayat,497447
827,22,Chhattisgarh,250671,Kirandul,Municipality,494556
828,22,Chhattisgarh,253280,Kirodimal Nagar,Town Panchayat,496005
829,22,Chhattisgarh,250664,Kondagaon,Municipality,494226
830,22,Chhattisgarh,253217,Konta,Town Panchayat,494114
831,22,Chhattisgarh,301514,Kopra,Town Panchayat,493887
832,22,Chhattisgarh,250598,Korba,Municipal Corporation,495677
833,22,Chhattisgarh,250613,Kota,Town Panchayat,495113
834,22,Chhattisgarh,253199,Kotba,Town Panchayat,496220
835,22,Chhattisgarh,250637,Kumhari,Municipality,490042
836,22,Chhattisgarh,253198,Kunkuri,Town Panchayat,496225
837,22,Chhattisgarh,250646,Kurra,Town Panchayat,493221
838,22,Chhattisgarh,248061,Kurud,Municipality,493663
839,22,Chhattisgarh,301834,Kusmi,Town Panchayat,497224
840,22,Chhattisgarh,253118,Kusmi,Town Panchayat,497224
841,22,Chhattisgarh,253118,Kusmi,Town Panchayat,491335
842,22,Chhattisgarh,253279,Lailunga,Town Panchayat,496113
843,22,Chhattisgarh,253121,Lakhanpur,Town Panchayat,497116
844,22,Chhattisgarh,301808,Lal Bahadur Nagar,Town Panchayat,491557
845,22,Chhattisgarh,253184,Lavan,Town Panchayat,493526
846,22,Chhattisgarh,250611,Lormi,Municipality,495115
847,22,Chhattisgarh,253108,Magarlod,Town Panchayat,493662
848,22,Chhattisgarh,250661,Mahasamund,Municipality,493445
849,22,Chhattisgarh,253174,Malhar,Town Panchayat,495551
850,22,Chhattisgarh,250655,Mana Camp,Town Panchayat,492015
851,22,Chhattisgarh,300355,Mandir Hasod,Municipality,492101
852,22,Chhattisgarh,250580,Manendragarh,Municipality,497442
853,22,Chhattisgarh,253160,Maro,Town Panchayat,491340
854,22,Chhattisgarh,301513,Marwahi,Town Panchayat,495118
855,22,Chhattisgarh,250614,Mungeli,Municipality,495334
856,22,Chhattisgarh,253109,Nagri,Town Panchayat,493778
857,22,Chhattisgarh,253220,Nai Ladri,Town Panchayat,497448
858,22,Chhattisgarh,250602,Naila Janjgir,Municipality,495668
859,22,Chhattisgarh,248064,Narayanpur,Municipality,494661
860,22,Chhattisgarh,253249,Narharpur,Town Panchayat,494333
861,22,Chhattisgarh,301526,Nariyara,Town Panchayat,495553
862,22,Chhattisgarh,253283,Nawagarh,Town Panchayat,491337
863,22,Chhattisgarh,253148,Nawagarh,Town Panchayat,495668
864,22,Chhattisgarh,250607,Naya Baradwar,Town Panchayat,495687
865,22,Chhattisgarh,253146,Pakhajur,Town Panchayat,494776
866,22,Chhattisgarh,250647,Palari,Town Panchayat,493228
867,22,Chhattisgarh,253110,Pali,Town Panchayat,495449
868,22,Chhattisgarh,301512,Pamgarh,Town Panchayat,495554
869,22,Chhattisgarh,250624,Pandariya,Municipality,491559
870,22,Chhattisgarh,273467,Pandatarai,Town Panchayat,491559
871,22,Chhattisgarh,253150,Parpodi,Town Panchayat,490036
872,22,Chhattisgarh,250641,Patan,Town Panchayat,491111
873,22,Chhattisgarh,250591,Pathalgaon,Municipality,496118
874,22,Chhattisgarh,253172,Pathariya,Town Panchayat,495335
875,22,Chhattisgarh,301809,Patna,Town Panchayat,497331
876,22,Chhattisgarh,301527,Pawni,Town Panchayat,493338
877,22,Chhattisgarh,250609,Pendra,Municipality,495119
878,22,Chhattisgarh,250609,Pendra,Municipality,495117
879,22,Chhattisgarh,273465,Pipariya,Town Panchayat,491995
880,22,Chhattisgarh,250660,Pithora,Town Panchayat,493551
881,22,Chhattisgarh,253123,Pratappur,Town Panchayat,497223
882,22,Chhattisgarh,253191,Premnagar,Town Panchayat,497333
883,22,Chhattisgarh,253278,Pussore,Town Panchayat,496440
884,22,Chhattisgarh,253288,Rahoud,Town Panchayat,495554
885,22,Chhattisgarh,253288,Rahoud,Town Panchayat,495556
886,22,Chhattisgarh,250594,Raigarh,Municipal Corporation,496001
887,22,Chhattisgarh,250653,Raipur,Municipal Corporation,492001
888,22,Chhattisgarh,253178,Rajim,Town Panchayat,493885
889,22,Chhattisgarh,250629,Rajnandgaon,Municipal Corporation,491441
890,22,Chhattisgarh,253117,Rajpur,Town Panchayat,497118
891,22,Chhattisgarh,250583,Ramanujganj,Municipality,497220
892,22,Chhattisgarh,250612,Ratanpur,Municipality,495442
893,22,Chhattisgarh,296874,Risali,Municipal Corporation,490006
894,22,Chhattisgarh,301528,Rohansi,Town Panchayat,493228
895,22,Chhattisgarh,273468,Sahaspur-Lohara,Town Panchayat,491996
896,22,Chhattisgarh,253149,Saja,Town Panchayat,491993
897,22,Chhattisgarh,250606,Sakti,Municipality,495689
898,22,Chhattisgarh,298990,Samoda,Town Panchayat,493441
899,22,Chhattisgarh,253287,Saragaon,Town Panchayat,495686
900,22,Chhattisgarh,250659,Saraipali,Municipality,493558
901,22,Chhattisgarh,250596,Sarangarh,Municipality,496445
902,22,Chhattisgarh,253176,Sargaon,Town Panchayat,495224
903,22,Chhattisgarh,253277,Saria,Town Panchayat,496554
904,22,Chhattisgarh,301509,Sarsiwan,Town Panchayat,493559
905,22,Chhattisgarh,301867,Shivnandanpur,Town Panchayat,497229
906,22,Chhattisgarh,259685,Shivpur Charcha,Municipality,497339
907,22,Chhattisgarh,250604,Shivrinarayan,Town Panchayat,495557
908,22,Chhattisgarh,250644,Simga,Municipality,493101
909,22,Chhattisgarh,253120,Sitapur,Town Panchayat,497111
910,22,Chhattisgarh,253216,Sukma,Municipality,494111
911,22,Chhattisgarh,250585,Surajpur,Municipality,497229
912,22,Chhattisgarh,250615,Takhatpur,Municipality,495330
913,22,Chhattisgarh,250633,Than Khamharia,Town Panchayat,491338
914,22,Chhattisgarh,250657,Tilda Newra,Municipality,493114
915,22,Chhattisgarh,253105,Tumgaon,Town Panchayat,493445
916,22,Chhattisgarh,250654,Tundra,Town Panchayat,493344
917,22,Chhattisgarh,253153,Utai,Town Panchayat,491107
918,22,Chhattisgarh,250586,Vishrampur,Town Panchayat,497226
919,22,Chhattisgarh,253116,Wadrafnagar,Town Panchayat,497225
920,7,Delhi,276400,East Delhi Municipal Corporation,Municipal Corporation,110053
921,7,Delhi,276400,East Delhi Municipal Corporation,Municipal Corporation,110090
922,7,Delhi,276400,East Delhi Municipal Corporation,Municipal Corporation,110093
923,7,Delhi,276400,East Delhi Municipal Corporation,Municipal Corporation,110094
924,7,Delhi,276400,East Delhi Municipal Corporation,Municipal Corporation,110095
925,7,Delhi,276400,East Delhi Municipal Corporation,Municipal Corporation,110096
926,7,Delhi,276400,East Delhi Municipal Corporation,Municipal Corporation,110151
927,7,Delhi,276400,East Delhi Municipal Corporation,Municipal Corporation,110031
928,7,Delhi,276400,East Delhi Municipal Corporation,Municipal Corporation,110032
929,7,Delhi,276400,East Delhi Municipal Corporation,Municipal Corporation,110051
930,7,Delhi,276447,New Delhi Municipal Council,NCT Municipal Council,110002
931,7,Delhi,276447,New Delhi Municipal Council,NCT Municipal Council,110001
932,7,Delhi,276447,New Delhi Municipal Council,NCT Municipal Council,110021
933,7,Delhi,276447,New Delhi Municipal Council,NCT Municipal Council,110069
934,7,Delhi,276447,New Delhi Municipal Council,NCT Municipal Council,110060
935,7,Delhi,276447,New Delhi Municipal Council,NCT Municipal Council,110003
936,7,Delhi,276447,New Delhi Municipal Council,NCT Municipal Council,110004
937,7,Delhi,276447,New Delhi Municipal Council,NCT Municipal Council,110005
938,7,Delhi,276447,New Delhi Municipal Council,NCT Municipal Council,110008
939,7,Delhi,276447,New Delhi Municipal Council,NCT Municipal Council,110055
940,7,Delhi,276447,New Delhi Municipal Council,NCT Municipal Council,110011
941,7,Delhi,276447,New Delhi Municipal Council,NCT Municipal Council,110012
942,7,Delhi,276401,North Delhi Municipal Corporation,Municipal Corporation,110026
943,7,Delhi,276401,North Delhi Municipal Corporation,Municipal Corporation,110041
944,7,Delhi,276401,North Delhi Municipal Corporation,Municipal Corporation,110063
945,7,Delhi,276401,North Delhi Municipal Corporation,Municipal Corporation,110087
946,7,Delhi,276401,North Delhi Municipal Corporation,Municipal Corporation,110023
947,7,Delhi,276401,North Delhi Municipal Corporation,Municipal Corporation,110015
948,7,Delhi,276401,North Delhi Municipal Corporation,Municipal Corporation,110006
949,7,Delhi,276402,South Delhi Municipal Corporation,Municipal Corporation,110076
950,7,Delhi,276402,South Delhi Municipal Corporation,Municipal Corporation,110013
951,7,Delhi,276402,South Delhi Municipal Corporation,Municipal Corporation,110014
952,7,Delhi,276402,South Delhi Municipal Corporation,Municipal Corporation,110016
953,7,Delhi,276402,South Delhi Municipal Corporation,Municipal Corporation,110017
954,7,Delhi,276402,South Delhi Municipal Corporation,Municipal Corporation,110018
955,7,Delhi,276402,South Delhi Municipal Corporation,Municipal Corporation,110019
956,7,Delhi,276402,South Delhi Municipal Corporation,Municipal Corporation,110020
957,7,Delhi,276402,South Delhi Municipal Corporation,Municipal Corporation,110022
958,7,Delhi,276402,South Delhi Municipal Corporation,Municipal Corporation,110024
959,7,Delhi,276402,South Delhi Municipal Corporation,Municipal Corporation,110025
960,7,Delhi,276402,South Delhi Municipal Corporation,Municipal Corporation,110026
961,7,Delhi,276402,South Delhi Municipal Corporation,Municipal Corporation,110027
962,7,Delhi,276402,South Delhi Municipal Corporation,Municipal Corporation,110029
963,7,Delhi,276402,South Delhi Municipal Corporation,Municipal Corporation,110030
964,7,Delhi,276402,South Delhi Municipal Corporation,Municipal Corporation,110037
965,7,Delhi,276402,South Delhi Municipal Corporation,Municipal Corporation,110038
966,7,Delhi,276402,South Delhi Municipal Corporation,Municipal Corporation,110043
967,7,Delhi,276402,South Delhi Municipal Corporation,Municipal Corporation,110044
968,7,Delhi,276402,South Delhi Municipal Corporation,Municipal Corporation,110045
969,7,Delhi,276402,South Delhi Municipal Corporation,Municipal Corporation,110046
970,7,Delhi,276402,South Delhi Municipal Corporation,Municipal Corporation,110047
971,7,Delhi,276402,South Delhi Municipal Corporation,Municipal Corporation,110048
972,7,Delhi,276402,South Delhi Municipal Corporation,Municipal Corporation,110049
973,7,Delhi,276402,South Delhi Municipal Corporation,Municipal Corporation,110057
974,7,Delhi,276402,South Delhi Municipal Corporation,Municipal Corporation,110058
975,7,Delhi,276402,South Delhi Municipal Corporation,Municipal Corporation,110059
976,7,Delhi,276402,South Delhi Municipal Corporation,Municipal Corporation,110061
977,7,Delhi,276402,South Delhi Municipal Corporation,Municipal Corporation,110062
978,7,Delhi,276402,South Delhi Municipal Corporation,Municipal Corporation,110064
979,7,Delhi,276402,South Delhi Municipal Corporation,Municipal Corporation,110065
980,7,Delhi,276402,South Delhi Municipal Corporation,Municipal Corporation,110066
981,7,Delhi,276402,South Delhi Municipal Corporation,Municipal Corporation,110067
982,7,Delhi,276402,South Delhi Municipal Corporation,Municipal Corporation,110068
983,7,Delhi,276402,South Delhi Municipal Corporation,Municipal Corporation,110070
984,7,Delhi,276402,South Delhi Municipal Corporation,Municipal Corporation,110071
985,7,Delhi,276402,South Delhi Municipal Corporation,Municipal Corporation,110072
986,7,Delhi,276402,South Delhi Municipal Corporation,Municipal Corporation,110073
987,7,Delhi,276402,South Delhi Municipal Corporation,Municipal Corporation,110074
988,7,Delhi,276402,South Delhi Municipal Corporation,Municipal Corporation,110075
989,7,Delhi,276402,South Delhi Municipal Corporation,Municipal Corporation,110077
990,7,Delhi,276402,South Delhi Municipal Corporation,Municipal Corporation,110078
991,7,Delhi,276402,South Delhi Municipal Corporation,Municipal Corporation,110080
992,7,Delhi,276402,South Delhi Municipal Corporation,Municipal Corporation,110097
993,30,Goa,252075,Bicholim,Municipality,403504
994,30,Goa,252100,Canacona,Municipality,403702
995,30,Goa,252071,City Corporation Panaji,Municipal Corporation,403004
996,30,Goa,252071,City Corporation Panaji,Municipal Corporation,403001
997,30,Goa,252095,Cuncolim,Municipality,403703
998,30,Goa,252096,Curchorem Cacora,Municipality,403706
999,30,Goa,252061,Mapusa,Municipality,403507
1000,30,Goa,252087,Margao,Municipality,403601
1001,30,Goa,252084,Mormugao,Municipality,403803
1002,30,Goa,252057,Pernem,Municipality,403512
1003,30,Goa,252082,Ponda,Municipality,403401
1004,30,Goa,252097,Quepem,Municipality,403705
1005,30,Goa,252099,Sanguem,Municipality,403704
1006,30,Goa,252077,Sankhali,Municipality,403505
1007,30,Goa,252079,Valpoi,Municipality,403506
1008,24,Gujarat,251096,Ahmadabad,Municipal Corporation,380001
1009,24,Gujarat,253223,Amod,Municipality,392110
1010,24,Gujarat,251157,Amreli,Municipality,365601
1011,24,Gujarat,251174,Anand,Municipal Corporation,388001
1012,24,Gujarat,251046,Anjar,Municipality,370110
1013,24,Gujarat,251182,Anklav,Municipality,388510
1014,24,Gujarat,251225,Anklesvar,Municipality,393001
1015,24,Gujarat,253147,Babra,Municipality,365421
1016,24,Gujarat,253147,Babra,Municipality,387335
1017,24,Gujarat,251158,Bagasara,Municipality,365440
1018,24,Gujarat,251184,Balasinor,Municipality,388255
1019,24,Gujarat,251143,Bantwa,Municipality,362620
1020,24,Gujarat,251243,Bardoli,Municipality,394601
1021,24,Gujarat,277165,Bareja,Municipality,382425
1022,24,Gujarat,253241,Barwala,Municipality,382450
1023,24,Gujarat,251109,Bavla,Municipality,382220
1024,24,Gujarat,253127,Bayad,Municipality,383325
1025,24,Gujarat,253103,Bhabhar,Municipality,385320
1026,24,Gujarat,251045,Bhachau,Municipality,370140
1027,24,Gujarat,251136,Bhanvad,Municipality,360510
1028,24,Gujarat,251222,Bharuch,Municipality,392001
1029,24,Gujarat,251165,Bhavnagar,Municipal Corporation,364001
1030,24,Gujarat,251123,Bhayavadar,Municipality,360450
1031,24,Gujarat,251047,Bhuj,Municipality,370001
1032,24,Gujarat,251251,Bilimora,Municipality,396321
1033,24,Gujarat,251172,Boriavi,Municipality,387310
1034,24,Gujarat,251180,Borsad,Municipality,388540
1035,24,Gujarat,251163,Botad,Municipality,364710
1036,24,Gujarat,251188,Chaklasi,Municipality,387315
1037,24,Gujarat,251159,Chalala,Municipality,365630
1038,24,Gujarat,251062,Chanasma,Municipality,384220
1039,24,Gujarat,251211,Chhota-Udepur,Municipality,391165
1040,24,Gujarat,251151,Chorvad,Municipality,362250
1041,24,Gujarat,253137,Chotila,Municipality,363520
1042,24,Gujarat,251213,Dabhoi,Municipality,391110
1043,24,Gujarat,251199,Dahod,Municipality,389151
1044,24,Gujarat,251190,Dakor,Municipality,388225
1045,24,Gujarat,251156,Damnagar,Municipality,365220
1046,24,Gujarat,251057,Deesa,Municipality,385535
1047,24,Gujarat,251088,Dehgam,Municipality,382305
1048,24,Gujarat,251200,Devgadbaria,Municipality,389380
1049,24,Gujarat,251110,Dhandhuka,Municipality,382460
1050,24,Gujarat,251053,Dhanera,Municipality,385310
1051,24,Gujarat,251261,Dharampur,Municipality,396050
1052,24,Gujarat,302660,DHARI,Municipality,365640
1053,24,Gujarat,251108,Dholka,Municipality,382225
1054,24,Gujarat,251125,Dhoraji,Municipality,360410
1055,24,Gujarat,251112,Dhrangadhra,Municipality,363310
1056,24,Gujarat,251134,Dhrol,Municipality,361210
1057,24,Gujarat,251129,Dwarka,Municipality,361335
1058,24,Gujarat,251164,Gadhada,Municipality,364750
1059,24,Gujarat,251249,Gandevi,Municipality,396360
1060,24,Gujarat,251050,Gandhidham,Municipal Corporation,370201
1061,24,Gujarat,276440,Gandhinagar,Municipal Corporation,382010
1062,24,Gujarat,251167,Gariadhar,Municipality,364505
1063,24,Gujarat,251193,Godhra,Municipality,389001
1064,24,Gujarat,251122,Gondal,Municipality,360311
1065,24,Gujarat,251196,Halol,Municipality,389350
1066,24,Gujarat,251111,Halvad,Municipality,363330
1067,24,Gujarat,251061,Harij,Municipality,384240
1068,24,Gujarat,251074,Himatnagar,Municipality,383001
1069,24,Gujarat,251072,Idar,Municipality,383430
1070,24,Gujarat,251161,Jafrabad,Municipality,365540
1071,24,Gujarat,251219,Jambusar,Municipality,392155
1072,24,Gujarat,251137,Jamjodhpur,Municipality,360530
1073,24,Gujarat,251133,Jamnagar,Municipal Corporation,361002
1074,24,Gujarat,251133,Jamnagar,Municipal Corporation,361001
1075,24,Gujarat,251121,Jasdan,Municipality,360050
1076,24,Gujarat,251126,Jetpur Navagadh,Municipality,360375
1077,24,Gujarat,251197,Jhalod,Municipality,389170
1078,24,Gujarat,251147,Junagadh,Municipal Corporation,362001
1079,24,Gujarat,251194,Kaalol,Municipality,389330
1080,24,Gujarat,251070,Kadi,Municipality,384440
1081,24,Gujarat,276024,Kadodara,Municipality,394327
1082,24,Gujarat,251135,Kalavad,Municipality,361160
1083,24,Gujarat,251081,Kalol,Municipality,382721
1084,24,Gujarat,253226,Kanajari,Municipality,387325
1085,24,Gujarat,251183,Kapadvanj,Municipality,387620
1086,24,Gujarat,251215,Karjan,Municipality,391240
1087,24,Gujarat,253225,Kathlal,Municipality,387630
1088,24,Gujarat,251149,Keshod,Municipality,362220
1089,24,Gujarat,251131,Khambhalia,Municipality,361305
1090,24,Gujarat,251179,Khambhat,Municipality,388620
1091,24,Gujarat,251186,Kheda,Municipality,387411
1092,24,Gujarat,251071,Khedbrahma,Municipality,383255
1093,24,Gujarat,251063,Kheralu,Municipality,384325
1094,24,Gujarat,251153,Kodinar,Municipality,362720
1095,24,Gujarat,251142,Kutiyana,Municipality,362650
1096,24,Gujarat,251155,Lathi,Municipality,365430
1097,24,Gujarat,251117,Limbdi,Municipality,363421
1098,24,Gujarat,251192,Lunawada,Municipality,389230
1099,24,Gujarat,251068,Mahesana,Municipal Corporation,384001
1100,24,Gujarat,251189,Mahudha,Municipality,387335
1101,24,Gujarat,251170,Mahuva,Municipality,364290
1102,24,Gujarat,253135,Maliya Miyana,Municipality,363670
1103,24,Gujarat,251144,Manavadar,Municipality,362630
1104,24,Gujarat,251048,Mandvi,Municipality,394160
1105,24,Gujarat,277169,Mandvi Kachchh,Municipality,370465
1106,24,Gujarat,277169,Mandvi Kachchh,Municipality,387130
1107,24,Gujarat,251150,Mangrol,Municipality,362225
1108,24,Gujarat,251082,Mansa,Municipality,382845
1109,24,Gujarat,251185,Mehmedabad,Municipality,387130
1110,24,Gujarat,251077,Modasa,Municipality,383315
1111,24,Gujarat,251118,Morbi,Municipal Corporation,363643
1112,24,Gujarat,251118,Morbi,Municipal Corporation,363641
1113,24,Gujarat,251118,Morbi,Municipal Corporation,363642
1114,24,Gujarat,297099,Mundra-Baroi,Municipality,370421
1115,24,Gujarat,251187,Nadiad,Municipal Corporation,387002
1116,24,Gujarat,301161,Nakhatrana,Municipality,370615
1117,24,Gujarat,251245,Navsari-Vijalpor,Municipal Corporation,396445
1118,24,Gujarat,251173,Ode,Municipality,388210
1119,24,Gujarat,251127,Okha,Municipality,361350
1120,24,Gujarat,251214,Padra,Municipality,391445
1121,24,Gujarat,251055,Palanpur,Municipality,385001
1122,24,Gujarat,251168,Palitana,Municipality,364270
1123,24,Gujarat,251262,Pardi,Municipality,396125
1124,24,Gujarat,251060,Patan,Municipality,384265
1125,24,Gujarat,251060,Patan,Municipality,384266
1126,24,Gujarat,253138,Patdi,Municipality,363765
1127,24,Gujarat,251178,Petlad,Municipality,388450
1128,24,Gujarat,251138,Porbandar,Municipal Corporation,360575
1129,24,Gujarat,251075,Prantij,Municipality,383205
1130,24,Gujarat,251058,Radhanpur,Municipality,385340
1131,24,Gujarat,251120,Rajkot,Municipal Corporation,360007
1132,24,Gujarat,251120,Rajkot,Municipal Corporation,360002
1133,24,Gujarat,251120,Rajkot,Municipal Corporation,360003
1134,24,Gujarat,251120,Rajkot,Municipal Corporation,360006
1135,24,Gujarat,251120,Rajkot,Municipal Corporation,360004
1136,24,Gujarat,251120,Rajkot,Municipal Corporation,360005
1137,24,Gujarat,251120,Rajkot,Municipal Corporation,360001
1138,24,Gujarat,251216,Rajpipla,Municipality,393145
1139,24,Gujarat,251162,Rajula,Municipality,365560
1140,24,Gujarat,251141,Ranavav,Municipality,360550
1141,24,Gujarat,251044,Rapar,Municipality,370165
1142,24,Gujarat,253143,Raval,Municipality,361325
1143,24,Gujarat,251130,Salaya,Municipality,361310
1144,24,Gujarat,251090,Sanand,Municipality,382110
1145,24,Gujarat,251191,Santrampur,Municipality,389260
1146,24,Gujarat,277167,Saputara,Notified Area Council,394720
1147,24,Gujarat,251160,Savarkundla,Municipality,364515
1148,24,Gujarat,253247,Savli,Municipality,391770
1149,24,Gujarat,248076,Shahera,Municipality,389210
1150,24,Gujarat,251059,Sidhpur,Municipality,384151
1151,24,Gujarat,251166,Sihor,Municipality,364240
1152,24,Gujarat,251132,Sikka,Municipality,361140
1153,24,Gujarat,253230,Sojitra,Municipality,387240
1154,24,Gujarat,251230,Songadh,Municipality,394670
1155,24,Gujarat,251231,Surat,Municipal Corporation,394101
1156,24,Gujarat,251231,Surat,Municipal Corporation,395023
1157,24,Gujarat,251231,Surat,Municipal Corporation,394221
1158,24,Gujarat,251231,Surat,Municipal Corporation,394510
1159,24,Gujarat,251231,Surat,Municipal Corporation,394516
1160,24,Gujarat,251231,Surat,Municipal Corporation,394550
1161,24,Gujarat,251231,Surat,Municipal Corporation,395002
1162,24,Gujarat,251231,Surat,Municipal Corporation,395003
1163,24,Gujarat,251231,Surat,Municipal Corporation,395004
1164,24,Gujarat,251231,Surat,Municipal Corporation,395005
1165,24,Gujarat,251231,Surat,Municipal Corporation,395006
1166,24,Gujarat,251231,Surat,Municipal Corporation,395007
1167,24,Gujarat,251231,Surat,Municipal Corporation,395008
1168,24,Gujarat,251231,Surat,Municipal Corporation,395009
1169,24,Gujarat,251231,Surat,Municipal Corporation,394105
1170,24,Gujarat,251231,Surat,Municipal Corporation,394210
1171,24,Gujarat,251231,Surat,Municipal Corporation,395010
1172,24,Gujarat,251231,Surat,Municipal Corporation,395011
1173,24,Gujarat,251231,Surat,Municipal Corporation,395012
1174,24,Gujarat,251231,Surat,Municipal Corporation,395017
1175,24,Gujarat,251231,Surat,Municipal Corporation,394107
1176,24,Gujarat,251114,Surendranagar,Municipal Corporation,363001
1177,24,Gujarat,277171,Sutrapada,Municipality,362275
1178,24,Gujarat,251169,Talaja,Municipality,364140
1179,24,Gujarat,277170,Talala,Municipality,362150
1180,24,Gujarat,251076,Talod,Municipality,383215
1181,24,Gujarat,302662,TANKARA,Municipality,363650
1182,24,Gujarat,276026,Tarsadi,Municipality,394120
1183,24,Gujarat,251116,Thangadh,Municipality,363530
1184,24,Gujarat,253164,Thara,Municipality,385550
1185,24,Gujarat,251052,Tharad,Municipality,385565
1186,24,Gujarat,253224,Thasra,Municipality,388250
1187,24,Gujarat,251269,Ummargam,Municipality,396170
1188,24,Gujarat,251171,Umreth,Municipality,388220
1189,24,Gujarat,251154,Una,Municipality,362560
1190,24,Gujarat,251064,Unjha,Municipality,384170
1191,24,Gujarat,251124,Upleta,Municipality,360490
1192,24,Gujarat,253128,Vadali,Municipality,383235
1193,24,Gujarat,251066,Vadnagar,Municipality,384355
1194,24,Gujarat,251209,Vadodara,Municipal Corporation,390019
1195,24,Gujarat,251209,Vadodara,Municipal Corporation,390011
1196,24,Gujarat,251209,Vadodara,Municipal Corporation,390002
1197,24,Gujarat,251209,Vadodara,Municipal Corporation,390024
1198,24,Gujarat,251209,Vadodara,Municipal Corporation,390001
1199,24,Gujarat,251209,Vadodara,Municipal Corporation,390020
1200,24,Gujarat,251209,Vadodara,Municipal Corporation,390006
1201,24,Gujarat,251209,Vadodara,Municipal Corporation,390007
1202,24,Gujarat,251209,Vadodara,Municipal Corporation,390009
1203,24,Gujarat,251209,Vadodara,Municipal Corporation,390010
1204,24,Gujarat,251209,Vadodara,Municipal Corporation,390012
1205,24,Gujarat,251209,Vadodara,Municipal Corporation,390021
1206,24,Gujarat,251209,Vadodara,Municipal Corporation,391320
1207,24,Gujarat,251209,Vadodara,Municipal Corporation,390025
1208,24,Gujarat,251209,Vadodara,Municipal Corporation,390018
1209,24,Gujarat,251209,Vadodara,Municipal Corporation,390017
1210,24,Gujarat,251209,Vadodara,Municipal Corporation,390016
1211,24,Gujarat,251209,Vadodara,Municipal Corporation,390014
1212,24,Gujarat,251209,Vadodara,Municipal Corporation,390013
1213,24,Gujarat,251209,Vadodara,Municipal Corporation,390003
1214,24,Gujarat,251209,Vadodara,Municipal Corporation,390023
1215,24,Gujarat,251209,Vadodara,Municipal Corporation,391345
1216,24,Gujarat,251209,Vadodara,Municipal Corporation,390022
1217,24,Gujarat,251209,Vadodara,Municipal Corporation,390004
1218,24,Gujarat,251209,Vadodara,Municipal Corporation,391750
1219,24,Gujarat,253126,Vallabhipur,Municipality,364310
1220,24,Gujarat,251254,Valsad,Municipality,396001
1221,24,Gujarat,251145,Vanthali,Municipality,362610
1222,24,Gujarat,251264,Vapi,Municipal Corporation,396191
1223,24,Gujarat,251152,Veraval,Municipality,362565
1224,24,Gujarat,251067,Vijapur,Municipality,384570
1225,24,Gujarat,251089,Viramgam,Municipality,382150
1226,24,Gujarat,251148,Visavadar,Municipality,362130
1227,24,Gujarat,251065,Visnagar,Municipality,384315
1228,24,Gujarat,251244,Vyara,Municipality,394650
1229,24,Gujarat,251119,Wankaner,Municipality,363621
1230,6,Haryana,248491,Ambala,Municipal Corporation,133001
1231,6,Haryana,290431,Ambala Sadar,Municipal Council,133001
1232,6,Haryana,248519,Assandh,Municipal Committee,132039
1233,6,Haryana,248565,Ateli,Municipal Committee,123021
1234,6,Haryana,248560,Bahadurgarh,Municipal Council,124507
1235,6,Haryana,272866,Barara,Municipal Committee,133201
1236,6,Haryana,248545,Barwala,Municipal Committee,134118
1237,6,Haryana,248545,Barwala,Municipal Committee,125121
1238,6,Haryana,248571,Bawal,Municipal Committee,123501
1239,6,Haryana,248549,Bawani Khera,Municipal Committee,127032
1240,6,Haryana,248558,Beri,Municipal Committee,124201
1241,6,Haryana,248550,Bhiwani,Municipal Council,127021
1242,6,Haryana,262120,Bhuna,Municipal Committee,125111
1243,6,Haryana,248554,Charkhi Dadri,Municipal Council,127021
1244,6,Haryana,248510,Cheeka,Municipal Committee,136034
1245,6,Haryana,248568,Dharuhera,Municipal Committee,123106
1246,6,Haryana,248543,Ellenabad,Municipal Committee,125102
1247,6,Haryana,248585,Faridabad,Municipal Corporation,121004
1248,6,Haryana,248585,Faridabad,Municipal Corporation,121001
1249,6,Haryana,248585,Faridabad,Municipal Corporation,121005
1250,6,Haryana,248585,Faridabad,Municipal Corporation,121006
1251,6,Haryana,248585,Faridabad,Municipal Corporation,121002
1252,6,Haryana,248585,Faridabad,Municipal Corporation,121003
1253,6,Haryana,248574,Farrukhnagar,Municipal Committee,122505
1254,6,Haryana,248574,Farrukhnagar,Municipal Committee,122506
1255,6,Haryana,248538,Fatehabad,Municipal Council,125050
1256,6,Haryana,248582,Ferozepur Jhirka,Municipal Committee,122104
1257,6,Haryana,248528,Ganaur,Municipal Committee,131101
1258,6,Haryana,248520,Gharaunda,Municipal Committee,132114
1259,6,Haryana,248527,Gohana,Municipal Council,131301
1260,6,Haryana,248576,Gurugram,Municipal Corporation,122001
1261,6,Haryana,248576,Gurugram,Municipal Corporation,122101
1262,6,Haryana,248576,Gurugram,Municipal Corporation,122003
1263,6,Haryana,248548,Hansi,Municipal Council,125033
1264,6,Haryana,248587,Hathin,Municipal Committee,121103
1265,6,Haryana,248546,Hisar,Municipal Corporation,125001
1266,6,Haryana,248589,Hodal,Municipal Council,121106
1267,6,Haryana,248516,Indri,Municipal Committee,132041
1268,6,Haryana,289253,Ismailabad,Municipal Committee,136129
1269,6,Haryana,276399,Jakhal Mandi,Municipal Committee,125133
1270,6,Haryana,248562,Jhajjar,Municipal Council,124507
1271,6,Haryana,248533,Jind,Municipal Council,126102
1272,6,Haryana,248534,Julana,Municipal Committee,126101
1273,6,Haryana,248511,Kaithal,Municipal Council,136027
1274,6,Haryana,248556,Kalanaur,Municipal Committee,124113
1275,6,Haryana,248540,Kalanwali,Municipal Committee,125201
1276,6,Haryana,248512,Kalayat,Municipal Committee,136117
1277,6,Haryana,248487,Kalka,Municipal Council,133302
1278,6,Haryana,248563,Kanina,Municipal Committee,123021
1279,6,Haryana,248517,Karnal,Municipal Corporation,132001
1280,6,Haryana,248530,Kharkhoda,Municipal Committee,131402
1281,6,Haryana,289251,Kundli,Municipal Committee,131028
1282,6,Haryana,248509,Ladwa,Municipal Committee,136132
1283,6,Haryana,248553,Loharu,Municipal Committee,127201
1284,6,Haryana,248564,Mahendragarh,Municipal Committee,123029
1285,6,Haryana,248539,Mandi Dabwali,Municipal Council,125104
1286,6,Haryana,297117,Manesar,Municipal Corporation,122050
1287,6,Haryana,248555,Meham,Municipal Committee,124112
1288,6,Haryana,259688,Nangal Chaudhary,Municipal Committee,123023
1289,6,Haryana,248490,Naraingarh,Municipal Committee,134203
1290,6,Haryana,248566,Narnaul,Municipal Council,123001
1291,6,Haryana,248547,Narnaund,Municipal Committee,125039
1292,6,Haryana,248531,Narwana,Municipal Council,126116
1293,6,Haryana,248514,Nilokheri,Municipal Committee,132117
1294,6,Haryana,253296,Nissing,Municipal Committee,132024
1295,6,Haryana,248581,Nuh,Municipal Council,122107
1296,6,Haryana,248586,Palwal,Municipal Council,121102
1297,6,Haryana,248489,Panchkula,Municipal Corporation,134109
1298,6,Haryana,248521,Panipat,Municipal Corporation,132103
1299,6,Haryana,248573,Pataudi Jatauli Mandi,Municipal Council,122503
1300,6,Haryana,248507,Pehowa,Municipal Committee,136128
1301,6,Haryana,248583,Punahana,Municipal Committee,122508
1302,6,Haryana,248513,Pundri,Municipal Committee,136026
1303,6,Haryana,274458,Radaur,Municipal Committee,135133
1304,6,Haryana,262119,Rajound,Municipal Committee,136044
1305,6,Haryana,248542,Rania,Municipal Committee,125076
1306,6,Haryana,248536,Ratia,Municipal Committee,125051
1307,6,Haryana,248569,Rewari,Municipal Council,123401
1308,6,Haryana,248569,Rewari,Municipal Council,123103
1309,6,Haryana,248569,Rewari,Municipal Council,123303
1310,6,Haryana,248557,Rohtak,Municipal Corporation,124001
1311,6,Haryana,289254,Sadhaura,Municipal Committee,133204
1312,6,Haryana,248535,Safidon,Municipal Committee,126112
1313,6,Haryana,248526,Samalkha,Municipal Council,132101
1314,6,Haryana,253298,Sampla,Municipal Committee,124501
1315,6,Haryana,253298,Sampla,Municipal Committee,124001
1316,6,Haryana,248506,Shahbad,Municipal Committee,136135
1317,6,Haryana,248541,Sirsa,Municipal Council,125055
1318,6,Haryana,299095,Siwan,Municipal Committee,136033
1319,6,Haryana,248552,Siwani,Municipal Committee,127046
1320,6,Haryana,248579,Sohna,Municipal Council,122102
1321,6,Haryana,248579,Sohna,Municipal Council,122103
1322,6,Haryana,248529,Sonipat,Municipal Corporation,131001
1323,6,Haryana,248580,Taoru,Municipal Committee,122105
1324,6,Haryana,248515,Taraori,Municipal Committee,132116
1325,6,Haryana,248508,Thanesar,Municipal Council,136118
1326,6,Haryana,248537,Tohana,Municipal Council,125120
1327,6,Haryana,248532,Uchana,Municipal Committee,126115
1328,6,Haryana,248544,Uklanamandi,Municipal Committee,125113
1329,6,Haryana,248500,Yamunanagar,Municipal Corporation,135001
1330,2,Himachal Pradesh,297009,Amb,Nagar Panchayat,177203
1331,2,Himachal Pradesh,248240,Arki,Nagar Panchayat,173208
1332,2,Himachal Pradesh,248242,Baddi,Municipal Council,173212
1333,2,Himachal Pradesh,274797,Baijnath-Paprola,Nagar Panchayat,176125
1334,2,Himachal Pradesh,248221,Banjar,Nagar Panchayat,175123
1335,2,Himachal Pradesh,248230,Bhota,Nagar Panchayat,176041
1336,2,Himachal Pradesh,248220,Bhuntar,Nagar Panchayat,175125
1337,2,Himachal Pradesh,248239,Bilaspur,Municipal Council,174001
1338,2,Himachal Pradesh,248046,Chamba,Municipal Council,176310
1339,2,Himachal Pradesh,297013,Chirgaon,Nagar Panchayat,171208
1340,2,Himachal Pradesh,248250,Chopal,Nagar Panchayat,171211
1341,2,Himachal Pradesh,276627,Chowari,Nagar Panchayat,176302
1342,2,Himachal Pradesh,248044,Dalhousie,Municipal Council,176304
1343,2,Himachal Pradesh,248231,Daulatpur,Nagar Panchayat,177204
1344,2,Himachal Pradesh,276626,Dehra,Municipal Council,177101
1345,2,Himachal Pradesh,248211,Dharamshala,Municipal Corporation,176215
1346,2,Himachal Pradesh,248232,Gagret,Nagar Panchayat,177201
1347,2,Himachal Pradesh,248236,Ghumarwin,Municipal Council,174021
1348,2,Himachal Pradesh,248229,Hamirpur,Municipal Council,177001
1349,2,Himachal Pradesh,248216,Jawalamukhi,Municipal Council,176031
1350,2,Himachal Pradesh,275535,Jawali,Nagar Panchayat,176023
1351,2,Himachal Pradesh,248222,Jogindarnagar,Municipal Council,175015
1352,2,Himachal Pradesh,248251,Jubbal,Nagar Panchayat,171205
1353,2,Himachal Pradesh,297010,Kandaghat,Nagar Panchayat,173215
1354,2,Himachal Pradesh,248213,Kangra,Municipal Council,176001
1355,2,Himachal Pradesh,276625,Karsog,Nagar Panchayat,175011
1356,2,Himachal Pradesh,248252,Kotkhai,Nagar Panchayat,171202
1357,2,Himachal Pradesh,248219,Kullu,Municipal Council,175101
1358,2,Himachal Pradesh,248218,Manali,Municipal Council,175131
1359,2,Himachal Pradesh,248225,Mandi,Municipal Corporation,175001
1360,2,Himachal Pradesh,248234,Mehatpur Basdehra,Municipal Council,174315
1361,2,Himachal Pradesh,248228,Nadaun,Nagar Panchayat,177033
1362,2,Himachal Pradesh,248214,Nagrota Bagwan,Municipal Council,176047
1363,2,Himachal Pradesh,248043,Nahan,Municipal Council,173212
1364,2,Himachal Pradesh,248238,Naina Devi,Municipal Council,174310
1365,2,Himachal Pradesh,248241,Nalagarh,Municipal Council,173212
1366,2,Himachal Pradesh,248246,Narkanda,Nagar Panchayat,171213
1367,2,Himachal Pradesh,274794,Nerchowk,Municipal Council,175008
1368,2,Himachal Pradesh,297014,Nerwa,Nagar Panchayat,171210
1369,2,Himachal Pradesh,297011,Nirmand,Nagar Panchayat,172023
1370,2,Himachal Pradesh,248210,Nurpur,Municipal Council,176202
1371,2,Himachal Pradesh,248217,Palampur,Municipal Corporation,176061
1372,2,Himachal Pradesh,248045,Paonta Sahib,Municipal Council,173212
1373,2,Himachal Pradesh,248243,Parwanoo,Municipal Council,173212
1374,2,Himachal Pradesh,248047,Rajgarh,Nagar Panchayat,173101
1375,2,Himachal Pradesh,248245,Rampur,Municipal Council,172001
1376,2,Himachal Pradesh,248226,Rawalsar,Nagar Panchayat,175023
1377,2,Himachal Pradesh,248253,Rohru,Municipal Council,171207
1378,2,Himachal Pradesh,248235,Santokhgarh,Municipal Council,174301
1379,2,Himachal Pradesh,248223,Sarkaghat,Municipal Council,175024
1380,2,Himachal Pradesh,297015,Shahpur,Nagar Panchayat,176206
1381,2,Himachal Pradesh,248248,Shimla,Municipal Corporation,171001
1382,2,Himachal Pradesh,248244,Solan,Municipal Corporation,173212
1383,2,Himachal Pradesh,248224,Sundernagar,Municipal Council,175018
1384,2,Himachal Pradesh,248224,Sundernagar,Municipal Council,175019
1385,2,Himachal Pradesh,248224,Sundernagar,Municipal Council,175002
1386,2,Himachal Pradesh,248247,Suni,Nagar Panchayat,171301
1387,2,Himachal Pradesh,276639,Tahliwal,Nagar Panchayat,174507
1388,2,Himachal Pradesh,248237,Talai,Nagar Panchayat,174030
1389,2,Himachal Pradesh,248249,Theog,Municipal Council,171201
1390,2,Himachal Pradesh,248227,Tira Sujanpur,Municipal Council,176110
1391,2,Himachal Pradesh,248233,Una,Municipal Council,174303
1392,1,Jammu And Kashmir,248194,Jammu Municipal Corporation,Municipal Corporation,180002
1393,1,Jammu And Kashmir,248194,Jammu Municipal Corporation,Municipal Corporation,180001
1394,1,Jammu And Kashmir,248194,Jammu Municipal Corporation,Municipal Corporation,180004
1395,1,Jammu And Kashmir,248194,Jammu Municipal Corporation,Municipal Corporation,180005
1396,1,Jammu And Kashmir,248194,Jammu Municipal Corporation,Municipal Corporation,180006
1397,1,Jammu And Kashmir,248194,Jammu Municipal Corporation,Municipal Corporation,180007
1398,1,Jammu And Kashmir,248194,Jammu Municipal Corporation,Municipal Corporation,180013
1399,1,Jammu And Kashmir,248194,Jammu Municipal Corporation,Municipal Corporation,181121
1400,1,Jammu And Kashmir,248194,Jammu Municipal Corporation,Municipal Corporation,181123
1401,1,Jammu And Kashmir,248194,Jammu Municipal Corporation,Municipal Corporation,181124
1402,1,Jammu And Kashmir,248172,Municipal Committee Achabal,Municipal Committee,192201
1403,1,Jammu And Kashmir,248192,Municipal Committee Akhnoor,Municipal Committee,181201
1404,1,Jammu And Kashmir,248198,Municipal Committee Arnia,Municipal Committee,181131
1405,1,Jammu And Kashmir,296990,Municipal Committee Ashmuqam,Municipal Committee,192125
1406,1,Jammu And Kashmir,248165,Municipal Committee Awantipora,Municipal Committee,192122
1407,1,Jammu And Kashmir,248036,Municipal Committee Banihal,Municipal Committee,182146
1408,1,Jammu And Kashmir,248199,Municipal Committee Bari Brahmana,Municipal Committee,181133
1409,1,Jammu And Kashmir,276585,Municipal Committee Basohli,Municipal Committee,184202
1410,1,Jammu And Kashmir,248039,Municipal Committee Batote,Municipal Committee,182143
1411,1,Jammu And Kashmir,248158,Municipal Committee Beerwah,Municipal Committee,193411
1412,1,Jammu And Kashmir,248040,Municipal Committee Bhaderwah,Municipal Committee,182222
1413,1,Jammu And Kashmir,248169,Municipal Committee Bijbehara,Municipal Committee,192124
1414,1,Jammu And Kashmir,248204,Municipal Committee Billawar,Municipal Committee,184204
1415,1,Jammu And Kashmir,248197,Municipal Committee Bishnah,Municipal Committee,181132
1416,1,Jammu And Kashmir,253136,Municipal Committee Chadoora,Municipal Committee,191113
1417,1,Jammu And Kashmir,276588,Municipal Committee Chenani,Municipal Committee,182141
1418,1,Jammu And Kashmir,248161,Municipal Committee Chrari Sharief,Municipal Committee,191112
1419,1,Jammu And Kashmir,296987,Municipal Committee Devsar,Municipal Committee,192231
1420,1,Jammu And Kashmir,248176,Municipal Committee Dooru Verinag,Municipal Committee,192211
1421,1,Jammu And Kashmir,296989,Municipal Committee Frisal,Municipal Committee,192232
1422,1,Jammu And Kashmir,248195,Municipal Committee Ghou-Manhasan,Municipal Committee,180002
1423,1,Jammu And Kashmir,248154,Municipal Committee Gulmarg Tangmarg,Municipal Committee,193402
1424,1,Jammu And Kashmir,248147,Municipal Committee Hajin,Municipal Committee,193501
1425,1,Jammu And Kashmir,248035,Municipal Committee Handwara,Municipal Committee,193221
1426,1,Jammu And Kashmir,276594,Municipal Committee Hiranagar,Municipal Committee,184142
1427,1,Jammu And Kashmir,248191,Municipal Committee Jourian,Municipal Committee,181202
1428,1,Jammu And Kashmir,296984,Municipal Committee Kalakote,Municipal Committee,185202
1429,1,Jammu And Kashmir,276591,Municipal Committee Katra,Municipal Committee,182301
1430,1,Jammu And Kashmir,248160,Municipal Committee Khansahib,Municipal Committee,191112
1431,1,Jammu And Kashmir,248193,Municipal Committee Khour,Municipal Committee,181203
1432,1,Jammu And Kashmir,248163,Municipal Committee Khrew,Municipal Committee,191103
1433,1,Jammu And Kashmir,248173,Municipal Committee Kokernag,Municipal Committee,192202
1434,1,Jammu And Kashmir,248153,Municipal Committee Kunzer,Municipal Committee,193404
1435,1,Jammu And Kashmir,276584,Municipal Committee Lakhanpur,Municipal Committee,184152
1436,1,Jammu And Kashmir,248139,Municipal Committee Langate,Municipal Committee,193302
1437,1,Jammu And Kashmir,248157,Municipal Committee Magam,Municipal Committee,193401
1438,1,Jammu And Kashmir,248170,Municipal Committee Mattan,Municipal Committee,192125
1439,1,Jammu And Kashmir,276593,Municipal Committee Nowshera,Municipal Committee,185151
1440,1,Jammu And Kashmir,248168,Municipal Committee Pahalgam,Municipal Committee,192126
1441,1,Jammu And Kashmir,248162,Municipal Committee Pampore,Municipal Committee,192121
1442,1,Jammu And Kashmir,276586,Municipal Committee Parole,Municipal Committee,184151
1443,1,Jammu And Kashmir,248150,Municipal Committee Pattan,Municipal Committee,193121
1444,1,Jammu And Kashmir,248175,Municipal Committee Qazigund,Municipal Committee,192221
1445,1,Jammu And Kashmir,248203,Municipal Committee Ramgarh,Municipal Committee,181141
1446,1,Jammu And Kashmir,276589,Municipal Committee Ramnagar,Municipal Committee,182122
1447,1,Jammu And Kashmir,248196,Municipal Committee R S Pura,Municipal Committee,181102
1448,1,Jammu And Kashmir,296991,Municipal Committee Seer Hamdan,Municipal Committee,192129
1449,1,Jammu And Kashmir,248148,Municipal Committee Sumbal,Municipal Committee,193501
1450,1,Jammu And Kashmir,248190,Municipal Committee Sunderbani,Municipal Committee,185153
1451,1,Jammu And Kashmir,253142,Municipal Committee Surankote,Municipal Committee,185121
1452,1,Jammu And Kashmir,248187,Municipal Committee Thanamandi,Municipal Committee,185212
1453,1,Jammu And Kashmir,254926,Municipal Committee Thathri,Municipal Committee,182203
1454,1,Jammu And Kashmir,248164,Municipal Committee Tral,Municipal Committee,192123
1455,1,Jammu And Kashmir,248152,Municipal Committee Uri,Municipal Committee,193123
1456,1,Jammu And Kashmir,248201,Municipal Committee Vijaypur,Municipal Committee,184120
1457,1,Jammu And Kashmir,296985,Municipal Committee Watergam,Municipal Committee,193303
1458,1,Jammu And Kashmir,296988,Municipal Committee Yaripora,Municipal Committee,192232
1459,1,Jammu And Kashmir,248171,Municipal Council Anantnag,Municipal Council,192101
1460,1,Jammu And Kashmir,248171,Municipal Council Anantnag,Municipal Council,192210
1461,1,Jammu And Kashmir,248146,Municipal Council Bandipora,Municipal Council,193502
1462,1,Jammu And Kashmir,248151,Municipal Council Baramulla,Municipal Council,193101
1463,1,Jammu And Kashmir,248159,Municipal Council Budgam,Municipal Council,191111
1464,1,Jammu And Kashmir,248038,Municipal Council Doda,Municipal Council,182202
1465,1,Jammu And Kashmir,248155,Municipal Council Ganderbal,Municipal Council,191201
1466,1,Jammu And Kashmir,276581,Municipal Council Kathua,Municipal Council,184101
1467,1,Jammu And Kashmir,248041,Municipal Council Kishtwar,Municipal Council,182204
1468,1,Jammu And Kashmir,248174,Municipal Council Kulgam,Municipal Council,192231
1469,1,Jammu And Kashmir,248034,Municipal Council Kupwara,Municipal Council,193222
1470,1,Jammu And Kashmir,248042,Municipal Council Poonch,Municipal Council,185101
1471,1,Jammu And Kashmir,248166,Municipal Council Pulwama,Municipal Council,192301
1472,1,Jammu And Kashmir,276592,Municipal Council Rajouri,Municipal Council,185131
1473,1,Jammu And Kashmir,248037,Municipal Council Ramban,Municipal Council,182144
1474,1,Jammu And Kashmir,276590,Municipal Council Reasi,Municipal Council,182311
1475,1,Jammu And Kashmir,248202,Municipal Council Samba,Municipal Council,184121
1476,1,Jammu And Kashmir,248167,Municipal Council Shopian,Municipal Council,192303
1477,1,Jammu And Kashmir,248149,Municipal Council Sopore,Municipal Council,193201
1478,1,Jammu And Kashmir,276587,Municipal Council Udhampur,Municipal Council,182101
1479,1,Jammu And Kashmir,248156,Srinagar Municipal Corporation,Municipal Corporation,190007
1480,1,Jammu And Kashmir,248156,Srinagar Municipal Corporation,Municipal Corporation,190009
1481,1,Jammu And Kashmir,248156,Srinagar Municipal Corporation,Municipal Corporation,190010
1482,1,Jammu And Kashmir,248156,Srinagar Municipal Corporation,Municipal Corporation,191121
1483,1,Jammu And Kashmir,248156,Srinagar Municipal Corporation,Municipal Corporation,190019
1484,1,Jammu And Kashmir,248156,Srinagar Municipal Corporation,Municipal Corporation,190023
1485,1,Jammu And Kashmir,248156,Srinagar Municipal Corporation,Municipal Corporation,190011
1486,1,Jammu And Kashmir,248156,Srinagar Municipal Corporation,Municipal Corporation,190012
1487,1,Jammu And Kashmir,248156,Srinagar Municipal Corporation,Municipal Corporation,190014
1488,1,Jammu And Kashmir,248156,Srinagar Municipal Corporation,Municipal Corporation,190015
1489,1,Jammu And Kashmir,248156,Srinagar Municipal Corporation,Municipal Corporation,190017
1490,1,Jammu And Kashmir,248156,Srinagar Municipal Corporation,Municipal Corporation,190021
1491,1,Jammu And Kashmir,248156,Srinagar Municipal Corporation,Municipal Corporation,190020
1492,1,Jammu And Kashmir,248156,Srinagar Municipal Corporation,Municipal Corporation,191101
1493,1,Jammu And Kashmir,248156,Srinagar Municipal Corporation,Municipal Corporation,190024
1494,1,Jammu And Kashmir,248156,Srinagar Municipal Corporation,Municipal Corporation,191132
1495,1,Jammu And Kashmir,248156,Srinagar Municipal Corporation,Municipal Corporation,190001
1496,1,Jammu And Kashmir,248156,Srinagar Municipal Corporation,Municipal Corporation,190002
1497,1,Jammu And Kashmir,248156,Srinagar Municipal Corporation,Municipal Corporation,190003
1498,1,Jammu And Kashmir,248156,Srinagar Municipal Corporation,Municipal Corporation,190005
1499,1,Jammu And Kashmir,248156,Srinagar Municipal Corporation,Municipal Corporation,190006
1500,1,Jammu And Kashmir,248156,Srinagar Municipal Corporation,Municipal Corporation,190008
1501,20,Jharkhand,253166,Adityapur,Municipal Corporation,831013
1502,20,Jharkhand,253166,Adityapur,Municipal Corporation,832108
1503,20,Jharkhand,290364,Badaki Suriya,Nagar Panchayat,825320
1504,20,Jharkhand,277137,Barharwa,Nagar Panchayat,816101
1505,20,Jharkhand,250352,Basukinath,Nagar Panchayat,814118
1506,20,Jharkhand,250352,Basukinath,Nagar Panchayat,814112
1507,20,Jharkhand,253231,Bishrampur,Municipality,814101
1508,20,Jharkhand,253231,Bishrampur,Municipality,822132
1509,20,Jharkhand,250415,Bundu,Nagar Panchayat,829201
1510,20,Jharkhand,250415,Bundu,Nagar Panchayat,834001
1511,20,Jharkhand,250430,Chaibasa,Municipality,814101
1512,20,Jharkhand,250416,Chakradharpur,Municipality,814101
1513,20,Jharkhand,250445,Chakulia,Nagar Panchayat,832301
1514,20,Jharkhand,248056,Chas,Municipal Corporation,827012
1515,20,Jharkhand,248056,Chas,Municipal Corporation,827013
1516,20,Jharkhand,248056,Chas,Municipal Corporation,827001
1517,20,Jharkhand,248129,Chatra,Municipality,814101
1518,20,Jharkhand,248129,Chatra,Municipality,825401
1519,20,Jharkhand,300374,Chhatarpur ,Nagar Panchayat,822113
1520,20,Jharkhand,248055,Chirkunda,Municipality,814101
1521,20,Jharkhand,248049,Deoghar,Municipal Corporation,814115
1522,20,Jharkhand,248049,Deoghar,Municipal Corporation,814112
1523,20,Jharkhand,248049,Deoghar,Municipal Corporation,815351
1524,20,Jharkhand,250378,Dhanbad,Municipal Corporation,828132
1525,20,Jharkhand,250378,Dhanbad,Municipal Corporation,828131
1526,20,Jharkhand,250378,Dhanbad,Municipal Corporation,828130
1527,20,Jharkhand,250378,Dhanbad,Municipal Corporation,828127
1528,20,Jharkhand,250378,Dhanbad,Municipal Corporation,828126
1529,20,Jharkhand,250378,Dhanbad,Municipal Corporation,828123
1530,20,Jharkhand,250378,Dhanbad,Municipal Corporation,828122
1531,20,Jharkhand,250378,Dhanbad,Municipal Corporation,828120
1532,20,Jharkhand,250378,Dhanbad,Municipal Corporation,828119
1533,20,Jharkhand,250378,Dhanbad,Municipal Corporation,828117
1534,20,Jharkhand,250378,Dhanbad,Municipal Corporation,828115
1535,20,Jharkhand,250378,Dhanbad,Municipal Corporation,828112
1536,20,Jharkhand,250378,Dhanbad,Municipal Corporation,828111
1537,20,Jharkhand,250378,Dhanbad,Municipal Corporation,828110
1538,20,Jharkhand,250378,Dhanbad,Municipal Corporation,828108
1539,20,Jharkhand,250378,Dhanbad,Municipal Corporation,828107
1540,20,Jharkhand,250378,Dhanbad,Municipal Corporation,828106
1541,20,Jharkhand,250378,Dhanbad,Municipal Corporation,826007
1542,20,Jharkhand,250378,Dhanbad,Municipal Corporation,828133
1543,20,Jharkhand,250378,Dhanbad,Municipal Corporation,826005
1544,20,Jharkhand,250378,Dhanbad,Municipal Corporation,826004
1545,20,Jharkhand,250378,Dhanbad,Municipal Corporation,826003
1546,20,Jharkhand,250378,Dhanbad,Municipal Corporation,826001
1547,20,Jharkhand,250378,Dhanbad,Municipal Corporation,828135
1548,20,Jharkhand,250378,Dhanbad,Municipal Corporation,828301
1549,20,Jharkhand,250378,Dhanbad,Municipal Corporation,828302
1550,20,Jharkhand,250378,Dhanbad,Municipal Corporation,828309
1551,20,Jharkhand,277138,Dhanwar,Nagar Panchayat,825412
1552,20,Jharkhand,277135,Domchanch,Nagar Panchayat,825407
1553,20,Jharkhand,248054,Dumka,Municipality,814101
1554,20,Jharkhand,248128,Garhwa,Municipality,814101
1555,20,Jharkhand,248128,Garhwa,Municipality,822114
1556,20,Jharkhand,250349,Giridih Municipal Corporation,Municipal Corporation,815301
1557,20,Jharkhand,248051,Godda,Municipality,814133
1558,20,Jharkhand,248051,Godda,Municipality,814101
1559,20,Jharkhand,248057,Gumla,Municipality,814101
1560,20,Jharkhand,300371,Hariharganj Municipal Corporation,Municipal Corporation,822131
1561,20,Jharkhand,248130,Hazaribag,Municipal Corporation,825301
1562,20,Jharkhand,250323,Hussainabad,Nagar Panchayat,814112
1563,20,Jharkhand,250323,Hussainabad,Nagar Panchayat,822116
1564,20,Jharkhand,250434,Jamshedpur,Notified Area,831001
1565,20,Jharkhand,248134,Jamtara,Nagar Panchayat,814112
1566,20,Jharkhand,248134,Jamtara,Nagar Panchayat,815351
1567,20,Jharkhand,248132,Jhumri Telaiya,Municipality,814101
1568,20,Jharkhand,248132,Jhumri Telaiya,Municipality,825409
1569,20,Jharkhand,250435,Jugsalai,Municipality,831002
1570,20,Jharkhand,250435,Jugsalai,Municipality,814101
1571,20,Jharkhand,250435,Jugsalai,Municipality,831003
1572,20,Jharkhand,276352,Kapali,Municipality,831012
1573,20,Jharkhand,276352,Kapali,Municipality,814101
1574,20,Jharkhand,250414,Khunti,Nagar Panchayat,835210
1575,20,Jharkhand,248131,Kodarma,Nagar Panchayat,825410
1576,20,Jharkhand,250326,Latehar,Nagar Panchayat,829206
1577,20,Jharkhand,248137,Lohardaga,Municipality,814101
1578,20,Jharkhand,248050,Madhupur,Municipality,814112
1579,20,Jharkhand,248050,Madhupur,Municipality,814101
1580,20,Jharkhand,300370,Mahagama Municipal Corporation,Nagar Panchayat,814154
1581,20,Jharkhand,250433,Mango,Municipal Corporation,831012
1582,20,Jharkhand,253228,Manjhiaon,Nagar Panchayat,822134
1583,20,Jharkhand,250324,Medininagar (Daltonganj) Municipal Corporation,Municipal Corporation,822101
1584,20,Jharkhand,248135,Mihijam,Municipality,814101
1585,20,Jharkhand,274815,Nagar Untari Nagar Panchayat,Nagar Panchayat,822121
1586,20,Jharkhand,248133,Pakur,Municipality,816107
1587,20,Jharkhand,248133,Pakur,Municipality,814101
1588,20,Jharkhand,248136,Phusro,Municipality,814101
1589,20,Jharkhand,248053,Rajmahal,Nagar Panchayat,816108
1590,20,Jharkhand,274814,Ramgarh Nagar Parishad,Municipality,814101
1591,20,Jharkhand,274814,Ramgarh Nagar Parishad,Municipality,829130
1592,20,Jharkhand,274814,Ramgarh Nagar Parishad,Municipality,829122
1593,20,Jharkhand,250413,Ranchi,Municipal Corporation,834001
1594,20,Jharkhand,248052,Sahibganj,Municipality,816109
1595,20,Jharkhand,248052,Sahibganj,Municipality,814101
1596,20,Jharkhand,250423,Seraikella,Nagar Panchayat,833219
1597,20,Jharkhand,248138,Simdega,Municipality,814101
1598,29,Karnataka,251849,Afzalpur,Town Municipal Council,585301
1599,29,Karnataka,276618,Ainapur,Town Panchayat,591303
1600,29,Karnataka,296977,Ajjampura,Town Panchayat,577549
1601,29,Karnataka,276540,Alamela,Town Panchayat,586202
1602,29,Karnataka,251848,Aland,Town Municipal Council,585302
1603,29,Karnataka,251894,Alnavar,Town Panchayat,581103
1604,29,Karnataka,252013,Alur,Town Panchayat,573213
1605,29,Karnataka,276597,Aminagad,Town Panchayat,587112
1606,29,Karnataka,299181,Anavatti,Town Panchayat,577413
1607,29,Karnataka,299329,Ankalagi-Akkathangerahal,Town Panchayat,591101
1608,29,Karnataka,251906,Ankola,Town Municipal Council,581314
1609,29,Karnataka,251896,Annigeri,Town Municipal Council,582201
1610,29,Karnataka,276577,Arabhavi,Town Panchayat,591218
1611,29,Karnataka,252014,Arkalgud,Town Panchayat,573102
1612,29,Karnataka,252010,Arsikere,City Municipal Council,573103
1613,29,Karnataka,251812,Athni,Town Municipal Council,591304
1614,29,Karnataka,251866,Aurad,Town Panchayat,585326
1615,29,Karnataka,299327,Babaleshwar,Town Panchayat,586113
1616,29,Karnataka,251837,Badami,Town Municipal Council,587201
1617,29,Karnataka,251839,Bagalkot,City Municipal Council,587103
1618,29,Karnataka,251981,Bagepalli,Town Municipal Council,561207
1619,29,Karnataka,251827,Bail Hongal,City Municipal Council,591102
1620,29,Karnataka,297129,Bainduru,Town Panchayat,576214
1621,29,Karnataka,299320,Bajape,Town Panchayat,574142
1622,29,Karnataka,276523,Balaganur,Town Panchayat,584138
1623,29,Karnataka,251927,Ballari,City Corporation,583101
1624,29,Karnataka,299416,Bangarpete,Town Municipal Council,563114
1625,29,Karnataka,251913,Bankapura,Town Municipal Council,581202
1626,29,Karnataka,252051,Bannur,Town Municipal Council,571101
1627,29,Karnataka,252033,Bantval,Town Municipal Council,574219
1628,29,Karnataka,252033,Bantval,Town Municipal Council,574143
1629,29,Karnataka,251864,Basavakalyan,City Municipal Council,585327
1630,29,Karnataka,251845,Basavana Bagevadi,Town Municipal Council,586203
1631,29,Karnataka,276600,Bbmp,City Corporation,560015
1632,29,Karnataka,276600,Bbmp,City Corporation,560010
1633,29,Karnataka,276600,Bbmp,City Corporation,560091
1634,29,Karnataka,276600,Bbmp,City Corporation,560086
1635,29,Karnataka,276600,Bbmp,City Corporation,560085
1636,29,Karnataka,276600,Bbmp,City Corporation,560095
1637,29,Karnataka,276600,Bbmp,City Corporation,560079
1638,29,Karnataka,276600,Bbmp,City Corporation,560078
1639,29,Karnataka,276600,Bbmp,City Corporation,560096
1640,29,Karnataka,276600,Bbmp,City Corporation,560097
1641,29,Karnataka,276600,Bbmp,City Corporation,560098
1642,29,Karnataka,276600,Bbmp,City Corporation,560100
1643,29,Karnataka,276600,Bbmp,City Corporation,560102
1644,29,Karnataka,276600,Bbmp,City Corporation,560104
1645,29,Karnataka,276600,Bbmp,City Corporation,560076
1646,29,Karnataka,276600,Bbmp,City Corporation,560073
1647,29,Karnataka,276600,Bbmp,City Corporation,560072
1648,29,Karnataka,276600,Bbmp,City Corporation,560070
1649,29,Karnataka,276600,Bbmp,City Corporation,560068
1650,29,Karnataka,276600,Bbmp,City Corporation,560062
1651,29,Karnataka,276600,Bbmp,City Corporation,560061
1652,29,Karnataka,276600,Bbmp,City Corporation,560060
1653,29,Karnataka,276600,Bbmp,City Corporation,560059
1654,29,Karnataka,276600,Bbmp,City Corporation,560058
1655,29,Karnataka,276600,Bbmp,City Corporation,560057
1656,29,Karnataka,276600,Bbmp,City Corporation,560056
1657,29,Karnataka,276600,Bbmp,City Corporation,560055
1658,29,Karnataka,276600,Bbmp,City Corporation,560054
1659,29,Karnataka,276600,Bbmp,City Corporation,560053
1660,29,Karnataka,276600,Bbmp,City Corporation,560111
1661,29,Karnataka,276600,Bbmp,City Corporation,560110
1662,29,Karnataka,276600,Bbmp,City Corporation,560109
1663,29,Karnataka,276600,Bbmp,City Corporation,560050
1664,29,Karnataka,276600,Bbmp,City Corporation,560041
1665,29,Karnataka,276600,Bbmp,City Corporation,560040
1666,29,Karnataka,276600,Bbmp,City Corporation,560035
1667,29,Karnataka,276600,Bbmp,City Corporation,560034
1668,29,Karnataka,276600,Bbmp,City Corporation,560030
1669,29,Karnataka,276600,Bbmp,City Corporation,560029
1670,29,Karnataka,276600,Bbmp,City Corporation,560027
1671,29,Karnataka,276600,Bbmp,City Corporation,560026
1672,29,Karnataka,276600,Bbmp,City Corporation,560023
1673,29,Karnataka,276600,Bbmp,City Corporation,560022
1674,29,Karnataka,276600,Bbmp,City Corporation,560021
1675,29,Karnataka,276600,Bbmp,City Corporation,560020
1676,29,Karnataka,276600,Bbmp,City Corporation,560018
1677,29,Karnataka,276600,Bbmp,City Corporation,560001
1678,29,Karnataka,276600,Bbmp,City Corporation,560002
1679,29,Karnataka,276600,Bbmp,City Corporation,560013
1680,29,Karnataka,276600,Bbmp,City Corporation,560003
1681,29,Karnataka,276600,Bbmp,City Corporation,560004
1682,29,Karnataka,276600,Bbmp,City Corporation,560012
1683,29,Karnataka,276600,Bbmp,City Corporation,560011
1684,29,Karnataka,276600,Bbmp,City Corporation,560009
1685,29,Karnataka,276529,Belagali,Town Panchayat,587113
1686,29,Karnataka,251824,Belagavi,City Corporation,590016
1687,29,Karnataka,276602,Belluru,Town Panchayat,571418
1688,29,Karnataka,252034,Beltangadi,Town Panchayat,574214
1689,29,Karnataka,252009,Belur,Town Municipal Council,573115
1690,29,Karnataka,251952,Bhadravati,City Municipal Council,577301
1691,29,Karnataka,276604,Bhagyanagara,Town Panchayat,583238
1692,29,Karnataka,251865,Bhalki,Town Municipal Council,585328
1693,29,Karnataka,251911,Bhatkal,City Municipal Council,581320
1694,29,Karnataka,251860,Bhimarayanagudi,Notified Area Committee,585287
1695,29,Karnataka,276526,Bidadi,Town Municipal Council,562109
1696,29,Karnataka,251867,Bidar,City Corporation,585444
1697,29,Karnataka,251867,Bidar,City Corporation,585401
1698,29,Karnataka,251867,Bidar,City Corporation,585404
1699,29,Karnataka,251867,Bidar,City Corporation,585402
1700,29,Karnataka,251867,Bidar,City Corporation,585403
1701,29,Karnataka,251834,Bilgi,Town Panchayat,587116
1702,29,Karnataka,251963,Birur,Town Municipal Council,577116
1703,29,Karnataka,299334,Bogadi,Town Panchayat,570026
1704,29,Karnataka,276537,Bommasandra,Town Municipal Council,560099
1705,29,Karnataka,276583,Boragaon,Town Panchayat,591216
1706,29,Karnataka,251917,Byadgi,Town Municipal Council,581106
1707,29,Karnataka,276559,Chadachana,Town Panchayat,586205
1708,29,Karnataka,251933,Challakere,City Municipal Council,577522
1709,29,Karnataka,252054,Chamarajanagar,City Municipal Council,571313
1710,29,Karnataka,276533,Chandapura,Town Municipal Council,560081
1711,29,Karnataka,251943,Channagiri,Town Municipal Council,577213
1712,29,Karnataka,253185,Channapatna,City Municipal Council,562138
1713,29,Karnataka,253185,Channapatna,City Municipal Council,562108
1714,29,Karnataka,253185,Channapatna,City Municipal Council,562160
1715,29,Karnataka,252016,Channarayapatna,Town Municipal Council,573116
1716,29,Karnataka,276578,Chennammana Kittur,Town Panchayat,591115
1717,29,Karnataka,251979,Chik Ballapur,City Municipal Council,562101
1718,29,Karnataka,299318,Chikkabanavara,Town Municipal Council,560090
1719,29,Karnataka,251965,Chikkamagaluru,City Municipal Council,577101
1720,29,Karnataka,251968,Chiknayakanhalli,Town Municipal Council,572214
1721,29,Karnataka,251811,Chikodi,Town Municipal Council,591201
1722,29,Karnataka,276477,Chinchali,Town Panchayat,591217
1723,29,Karnataka,276568,Chincholi,Town Municipal Council,591217
1724,29,Karnataka,251983,Chintamani,City Municipal Council,563125
1725,29,Karnataka,251869,Chitgoppa,Town Municipal Council,585412
1726,29,Karnataka,251934,Chitradurga,City Municipal Council,577501
1727,29,Karnataka,251853,Chittapura,Town Municipal Council,585211
1728,29,Karnataka,251899,Dandeli,City Municipal Council,581325
1729,29,Karnataka,251941,Davanagere,City Corporation,577002
1730,29,Karnataka,251874,Devadurga,Town Municipal Council,584111
1731,29,Karnataka,276558,Devarahipparagi,Town Panchayat,586115
1732,29,Karnataka,301176,Doddathoguru,Town Panchayat,560100
1733,29,Karnataka,276575,Examba,Town Panchayat,591244
1734,29,Karnataka,251888,Gadag-Betigeri,City Municipal Council,582101
1735,29,Karnataka,251886,Gajendragarh,Town Municipal Council,582114
1736,29,Karnataka,251881,Gangawati,City Municipal Council,583227
1737,29,Karnataka,251978,Gauribidanur,City Municipal Council,561208
1738,29,Karnataka,276574,Ghataprabha,Town Municipal Council,591306
1739,29,Karnataka,251818,Gokak,City Municipal Council,591307
1740,29,Karnataka,251974,Gubbi,Town Panchayat,572216
1741,29,Karnataka,251980,Gudibanda,Town Panchayat,561209
1742,29,Karnataka,251838,Guledgudda,Town Municipal Council,587203
1743,29,Karnataka,252053,Gundlupet,Town Municipal Council,571111
1744,29,Karnataka,251862,Gurmatkal,Town Municipal Council,585214
1745,29,Karnataka,276521,Guttal,Town Panchayat,581108
1746,29,Karnataka,276535,Hagaribommanahalli,Town Municipal Council,583212
1747,29,Karnataka,251901,Haliyal,Town Municipal Council,581329
1748,29,Karnataka,251915,Hangal,Town Municipal Council,581104
1749,29,Karnataka,253130,Hanur,Town Panchayat,571439
1750,29,Karnataka,251939,Harapanahalli,City Municipal Council,583131
1751,29,Karnataka,251938,Harihar,City Municipal Council,577601
1752,29,Karnataka,276569,Harogeri,Town Municipal Council,591220
1753,29,Karnataka,299326,Harohalli,Town Panchayat,562112
1754,29,Karnataka,252012,Hassan,City Corporation,573201
1755,29,Karnataka,251873,Hatti,Town Panchayat,584115
1756,29,Karnataka,251872,Hatti Gold Mines,Notified Area Committee,584115
1757,29,Karnataka,251916,Haveri,City Municipal Council,581110
1758,29,Karnataka,276463,Hebbugodi,City Municipal Council,560099
1759,29,Karnataka,252049,Heggadadevankote,Town Municipal Council,571114
1760,29,Karnataka,251918,Hirekerur,Town Panchayat,581111
1761,29,Karnataka,251937,Hiriyur,City Municipal Council,577598
1762,29,Karnataka,251935,Holalkere,Town Municipal Council,577526
1763,29,Karnataka,299180,Holehonnuru,Town Panchayat,577227
1764,29,Karnataka,252015,Hole Narsipur,Town Municipal Council,573211
1765,29,Karnataka,251868,Homnabad,Town Municipal Council,585330
1766,29,Karnataka,251909,Honavar,Town Panchayat,581334
1767,29,Karnataka,251942,Honnali,Town Municipal Council,577217
1768,29,Karnataka,299335,Hootagalli,City Municipal Council,570018
1769,29,Karnataka,251921,Hoovina Hadagalli,Town Municipal Council,583219
1770,29,Karnataka,251949,Hosanagara,Town Panchayat,577418
1771,29,Karnataka,251922,Hosapete,City Municipal Council,583201
1772,29,Karnataka,251936,Hosdurga,Town Municipal Council,577527
1773,29,Karnataka,251893,Hubballi-Dharwad,City Corporation,580008
1774,29,Karnataka,251820,Hukeri,Town Municipal Council,591309
1775,29,Karnataka,297133,Huliyaru,Town Panchayat,572218
1776,29,Karnataka,296976,Hunasagi,Town Panchayat,585215
1777,29,Karnataka,251840,Hungund,Town Municipal Council,587118
1778,29,Karnataka,252043,Hunsur,City Municipal Council,571105
1779,29,Karnataka,251841,Ilkal,City Municipal Council,587125
1780,29,Karnataka,251843,Indi,City Municipal Council,586209
1781,29,Karnataka,251940,Jagalur,Town Panchayat,577528
1782,29,Karnataka,251832,Jamkhandi,City Municipal Council,587301
1783,29,Karnataka,251858,Jevargi,Town Municipal Council,585310
1784,29,Karnataka,276464,Jigani,Town Municipal Council,560105
1785,29,Karnataka,263293,Jog-Kargal,Town Panchayat,577435
1786,29,Karnataka,276483,Kabbur,Town Panchayat,591222
1787,29,Karnataka,296954,Kadaba,Town Panchayat,574221
1788,29,Karnataka,299323,Kadakola,Town Panchayat,571311
1789,29,Karnataka,251964,Kadur,Town Municipal Council,577548
1790,29,Karnataka,299331,Kagawada,Town Panchayat,591223
1791,29,Karnataka,276560,Kakkera,Town Municipal Council,585215
1792,29,Karnataka,248127,Kalaburagi City Corporation,City Corporation,585103
1793,29,Karnataka,248127,Kalaburagi City Corporation,City Corporation,585107
1794,29,Karnataka,248127,Kalaburagi City Corporation,City Corporation,585106
1795,29,Karnataka,248127,Kalaburagi City Corporation,City Corporation,585105
1796,29,Karnataka,248127,Kalaburagi City Corporation,City Corporation,585104
1797,29,Karnataka,248127,Kalaburagi City Corporation,City Corporation,585101
1798,29,Karnataka,248127,Kalaburagi City Corporation,City Corporation,585102
1799,29,Karnataka,296978,Kalagi,Town Panchayat,585312
1800,29,Karnataka,251897,Kalghatgi,Town Panchayat,581204
1801,29,Karnataka,276576,Kallolli,Town Panchayat,591224
1802,29,Karnataka,276611,Kamalapura,Town Municipal Council,583221
1803,29,Karnataka,301080,Kamalapura Kalburgi,Town Panchayat,585313
1804,29,Karnataka,301079,Kamatagi,Town Panchayat,587120
1805,29,Karnataka,251924,Kampli,Town Municipal Council,583132
1806,29,Karnataka,276599,Kanakgiri,Town Panchayat,583283
1807,29,Karnataka,253188,Kanakpura,City Municipal Council,562121
1808,29,Karnataka,253188,Kanakpura,City Municipal Council,562126
1809,29,Karnataka,253188,Kanakpura,City Municipal Council,562117
1810,29,Karnataka,276567,Kankanavadi,Town Panchayat,591222
1811,29,Karnataka,276496,Karatagi,Town Municipal Council,583229
1812,29,Karnataka,251958,Karkal,Town Municipal Council,576121
1813,29,Karnataka,251958,Karkal,Town Municipal Council,574104
1814,29,Karnataka,251958,Karkal,Town Municipal Council,576111
1815,29,Karnataka,251900,Karwar,City Municipal Council,581301
1816,29,Karnataka,276522,Kavital,Town Panchayat,584120
1817,29,Karnataka,276516,Kembhavi,Town Municipal Council,585216
1818,29,Karnataka,251836,Kerur,Town Panchayat,591213
1819,29,Karnataka,251825,Khanapur,Town Panchayat,591302
1820,29,Karnataka,299321,Kinnigoli,Town Panchayat,574150
1821,29,Karnataka,251985,Kolar,City Municipal Council,563101
1822,29,Karnataka,276543,Kolhara,Town Panchayat,586210
1823,29,Karnataka,252056,Kollegal,City Municipal Council,571440
1824,29,Karnataka,301790,Konappanaagrahara,Town Municipal Council,560100
1825,29,Karnataka,251816,Konnur,Town Municipal Council,591231
1826,29,Karnataka,251816,Konnur,Town Municipal Council,587121
1827,29,Karnataka,251960,Koppa,Town Panchayat,577126
1828,29,Karnataka,251882,Koppal,City Municipal Council,583231
1829,29,Karnataka,251972,Koratagere,Town Panchayat,572129
1830,29,Karnataka,276555,Kotekar,Town Panchayat,575022
1831,29,Karnataka,251931,Kotturu,Town Panchayat,583134
1832,29,Karnataka,252001,Krishnarajpet,Town Municipal Council,571426
1833,29,Karnataka,251813,Kudchi,Town Municipal Council,591311
1834,29,Karnataka,251930,Kudligi,Town Panchayat,583135
1835,29,Karnataka,251967,Kudremukh,Notified Area Committee,577124
1836,29,Karnataka,276534,Kudutini,Town Panchayat,583115
1837,29,Karnataka,276497,Kukanooru,Town Panchayat,583232
1838,29,Karnataka,251907,Kumta,Town Municipal Council,581343
1839,29,Karnataka,251953,Kundapura,Town Municipal Council,576201
1840,29,Karnataka,251898,Kundgol,Town Panchayat,581113
1841,29,Karnataka,251977,Kunigal,Town Municipal Council,572130
1842,29,Karnataka,276538,Kurekuppa,Town Municipal Council,583123
1843,29,Karnataka,276532,Kurugodu,Town Municipal Council,583116
1844,29,Karnataka,252039,Kushalnagar,Town Municipal Council,571234
1845,29,Karnataka,251880,Kushtagi,Town Municipal Council,583277
1846,29,Karnataka,251891,Lakshmeshwar,Town Municipal Council,582116
1847,29,Karnataka,251871,Lingasugur,Town Municipal Council,584122
1848,29,Karnataka,299317,Lokapura,Town Panchayat,587122
1849,29,Karnataka,299332,Machhe,Town Panchayat,590014
1850,29,Karnataka,252006,Maddur,City Municipal Council,571428
1851,29,Karnataka,251971,Madhugiri,Town Municipal Council,572132
1852,29,Karnataka,252037,Madikeri,City Municipal Council,571201
1853,29,Karnataka,251996,Magadi,Town Municipal Council,562120
1854,29,Karnataka,251996,Magadi,Town Municipal Council,561201
1855,29,Karnataka,251996,Magadi,Town Municipal Council,562127
1856,29,Karnataka,251996,Magadi,Town Municipal Council,562131
1857,29,Karnataka,251996,Magadi,Town Municipal Council,561101
1858,29,Karnataka,251830,Mahalingpur,Town Municipal Council,587312
1859,29,Karnataka,252007,Malavalli,Town Municipal Council,571430
1860,29,Karnataka,276556,Malebennuru,Town Municipal Council,577530
1861,29,Karnataka,251986,Malur,City Municipal Council,563130
1862,29,Karnataka,276541,Managuli,Town Panchayat,586122
1863,29,Karnataka,252005,Mandya,City Municipal Council,571401
1864,29,Karnataka,252021,Mangaluru,City Corporation,575001
1865,29,Karnataka,252021,Mangaluru,City Corporation,574145
1866,29,Karnataka,252021,Mangaluru,City Corporation,574146
1867,29,Karnataka,252021,Mangaluru,City Corporation,574151
1868,29,Karnataka,252021,Mangaluru,City Corporation,574153
1869,29,Karnataka,252021,Mangaluru,City Corporation,574144
1870,29,Karnataka,252021,Mangaluru,City Corporation,574141
1871,29,Karnataka,299328,Manki,Town Panchayat,581348
1872,29,Karnataka,251877,Manvi,Town Municipal Council,584123
1873,29,Karnataka,276474,Mariyammanahalli,Town Panchayat,583222
1874,29,Karnataka,276519,Maski,Town Municipal Council,584124
1875,29,Karnataka,299417,Mkhubballi,Town Panchayat,591118
1876,29,Karnataka,251932,Molakalmuru,Town Panchayat,577535
1877,29,Karnataka,251815,Mudalgi,Town Municipal Council,591312
1878,29,Karnataka,252018,Mudbidri,Town Municipal Council,574227
1879,29,Karnataka,251846,Muddebihal,Town Municipal Council,586212
1880,29,Karnataka,251870,Mudgal,Town Municipal Council,584125
1881,29,Karnataka,251835,Mudhol,City Municipal Council,587313
1882,29,Karnataka,276563,Mugalakoda,Town Municipal Council,591235
1883,29,Karnataka,251989,Mulbagal,City Municipal Council,563131
1884,29,Karnataka,251889,Mulgund,Town Panchayat,582117
1885,29,Karnataka,252017,Mulki,Town Panchayat,574154
1886,29,Karnataka,276564,Munavalli,Town Municipal Council,591117
1887,29,Karnataka,251892,Mundargi,Town Municipal Council,582118
1888,29,Karnataka,251904,Mundgod,Town Panchayat,581349
1889,29,Karnataka,252045,Mysuru,City Corporation,570005
1890,29,Karnataka,252045,Mysuru,City Corporation,570006
1891,29,Karnataka,252045,Mysuru,City Corporation,570007
1892,29,Karnataka,252045,Mysuru,City Corporation,570008
1893,29,Karnataka,252045,Mysuru,City Corporation,570009
1894,29,Karnataka,252045,Mysuru,City Corporation,570033
1895,29,Karnataka,252045,Mysuru,City Corporation,570034
1896,29,Karnataka,252045,Mysuru,City Corporation,570031
1897,29,Karnataka,252045,Mysuru,City Corporation,570023
1898,29,Karnataka,252045,Mysuru,City Corporation,570001
1899,29,Karnataka,252045,Mysuru,City Corporation,570002
1900,29,Karnataka,252045,Mysuru,City Corporation,570003
1901,29,Karnataka,252045,Mysuru,City Corporation,570004
1902,29,Karnataka,252045,Mysuru,City Corporation,570032
1903,29,Karnataka,252045,Mysuru,City Corporation,570030
1904,29,Karnataka,252045,Mysuru,City Corporation,570029
1905,29,Karnataka,252045,Mysuru,City Corporation,570028
1906,29,Karnataka,252045,Mysuru,City Corporation,570027
1907,29,Karnataka,252045,Mysuru,City Corporation,570026
1908,29,Karnataka,252045,Mysuru,City Corporation,570025
1909,29,Karnataka,252045,Mysuru,City Corporation,570010
1910,29,Karnataka,252045,Mysuru,City Corporation,570011
1911,29,Karnataka,252045,Mysuru,City Corporation,570012
1912,29,Karnataka,252045,Mysuru,City Corporation,570015
1913,29,Karnataka,252045,Mysuru,City Corporation,570016
1914,29,Karnataka,252045,Mysuru,City Corporation,570017
1915,29,Karnataka,252045,Mysuru,City Corporation,570018
1916,29,Karnataka,252045,Mysuru,City Corporation,570019
1917,29,Karnataka,252045,Mysuru,City Corporation,570020
1918,29,Karnataka,252045,Mysuru,City Corporation,570022
1919,29,Karnataka,252002,Nagamangala,Town Municipal Council,571432
1920,29,Karnataka,301061,Naganur,Town Panchayat,591224
1921,29,Karnataka,276544,Nalatavada,Town Panchayat,586124
1922,29,Karnataka,252050,Nanjangud,City Municipal Council,571301
1923,29,Karnataka,251961,Narasimharajapura,Town Panchayat,577134
1924,29,Karnataka,251887,Naregal,Town Panchayat,582119
1925,29,Karnataka,251884,Nargund,Town Municipal Council,582207
1926,29,Karnataka,251895,Navalgund,Town Municipal Council,582208
1927,29,Karnataka,276542,Nayakanahatti,Town Panchayat,577536
1928,29,Karnataka,276557,Nidagundi,Town Panchayat,586213
1929,29,Karnataka,251809,Nipani,City Municipal Council,591237
1930,29,Karnataka,299183,Nyamathi,Town Panchayat,577223
1931,29,Karnataka,252003,Pandavapura,Town Municipal Council,571434
1932,29,Karnataka,251970,Pavagada,Town Municipal Council,561202
1933,29,Karnataka,299333,Peeranawadi,Town Panchayat,590014
1934,29,Karnataka,252042,Piriyapatna,Town Municipal Council,571108
1935,29,Karnataka,252035,Puttur,City Municipal Council,574201
1936,29,Karnataka,251833,Rabkavi-Banhatti,City Municipal Council,587314
1937,29,Karnataka,251833,Rabkavi-Banhatti,City Municipal Council,587311
1938,29,Karnataka,251876,Raichur,City Corporation,584101
1939,29,Karnataka,253186,Ramanagara,City Municipal Council,562128
1940,29,Karnataka,253186,Ramanagara,City Municipal Council,562159
1941,29,Karnataka,251829,Ramdurg,Town Municipal Council,591123
1942,29,Karnataka,299322,Rammanahalli,Town Panchayat,570019
1943,29,Karnataka,251919,Ranibennur,City Municipal Council,581115
1944,29,Karnataka,296955,Rattihalli,Town Panchayat,581116
1945,29,Karnataka,251814,Raybag,Town Panchayat,591317
1946,29,Karnataka,251988,Robertson Pet,City Municipal Council,563122
1947,29,Karnataka,251885,Ron,Town Municipal Council,582209
1948,29,Karnataka,251810,Sadalgi,Town Municipal Council,591239
1949,29,Karnataka,251945,Sagar,City Municipal Council,577401
1950,29,Karnataka,252008,Sakleshpur,Town Municipal Council,573134
1951,29,Karnataka,251954,Saligram,Town Panchayat,576225
1952,29,Karnataka,251929,Sandur,Town Municipal Council,583119
1953,29,Karnataka,251819,Sankeshwar,Town Municipal Council,591313
1954,29,Karnataka,253132,Saragur,Town Panchayat,571121
1955,29,Karnataka,251828,Saundatti-Yellamma,City Municipal Council,591126
1956,29,Karnataka,251914,Savanur,Town Municipal Council,581118
1957,29,Karnataka,251852,Sedam,Town Municipal Council,585222
1958,29,Karnataka,251855,Shahabad,City Municipal Council,585228
1959,29,Karnataka,251854,Shahabad Acc,Notified Area Committee,585228
1960,29,Karnataka,251861,Shahpur,City Municipal Council,585223
1961,29,Karnataka,276579,Shedbala,Town Panchayat,591315
1962,29,Karnataka,251912,Shiggaon,Town Municipal Council,581205
1963,29,Karnataka,251948,Shikarpur,Town Municipal Council,577427
1964,29,Karnataka,251890,Shirahatti,Town Panchayat,582120
1965,29,Karnataka,299179,Shiruru,Town Panchayat,576228
1966,29,Karnataka,251951,Shivamogga,City Corporation,577201
1967,29,Karnataka,252004,Shrirangapattana,Town Municipal Council,571438
1968,29,Karnataka,251908,Siddapur,Town Panchayat,581355
1969,29,Karnataka,251982,Sidlaghatta,City Municipal Council,562105
1970,29,Karnataka,251844,Sindgi,Town Municipal Council,586128
1971,29,Karnataka,251878,Sindhnur,City Municipal Council,584128
1972,29,Karnataka,251969,Sira,City Municipal Council,572137
1973,29,Karnataka,251947,Siralkoppa,Town Municipal Council,577428
1974,29,Karnataka,276605,Siravara,Town Panchayat,584129
1975,29,Karnataka,251905,Sirsi,City Municipal Council,581402
1976,29,Karnataka,251925,Siruguppa,City Municipal Council,583121
1977,29,Karnataka,252029,Someshwar,Town Municipal Council,575023
1978,29,Karnataka,252038,Somvarpet,Town Panchayat,571236
1979,29,Karnataka,251946,Sorab,Town Municipal Council,577429
1980,29,Karnataka,251959,Sringeri,Town Panchayat,577139
1981,29,Karnataka,251984,Srinivaspur,Town Municipal Council,563135
1982,29,Karnataka,299325,Srirampura,Town Panchayat,570033
1983,29,Karnataka,252036,Sulya,Town Panchayat,574239
1984,29,Karnataka,251859,Surapur,City Municipal Council,585224
1985,29,Karnataka,251847,Talikota,Town Municipal Council,586214
1986,29,Karnataka,251962,Tarikere,Town Municipal Council,577228
1987,29,Karnataka,276601,Tavaragera,Town Panchayat,583279
1988,29,Karnataka,251926,Tekkalakote,Town Panchayat,583122
1989,29,Karnataka,251831,Terdal,Town Municipal Council,587315
1990,29,Karnataka,297131,Tikota,Town Panchayat,586130
1991,29,Karnataka,251975,Tiptur,City Municipal Council,572201
1992,29,Karnataka,251975,Tiptur,City Municipal Council,572101
1993,29,Karnataka,251950,Tirthahalli,Town Panchayat,577432
1994,29,Karnataka,252052,Tirumakudal - Narsipur,Town Municipal Council,571124
1995,29,Karnataka,251973,Tumakuru,City Corporation,572102
1996,29,Karnataka,251976,Turuvekere,Town Panchayat,572227
1997,29,Karnataka,276524,Turvihal,Town Panchayat,584132
1998,29,Karnataka,251955,Udupi,City Municipal Council,576121
1999,29,Karnataka,251955,Udupi,City Municipal Council,576111
2000,29,Karnataka,251955,Udupi,City Municipal Council,576101
2001,29,Karnataka,276565,Ugar Khurda,Town Municipal Council,591316
2002,29,Karnataka,252027,Ullal,City Municipal Council,575020
2003,29,Karnataka,251993,Vijayapura,City Corporation,586101
2004,29,Karnataka,251842,Vijayapura,Town Municipal Council,586101
2005,29,Karnataka,252040,Virajpet,Town Municipal Council,571218
2006,29,Karnataka,276554,Vitla,Town Panchayat,574243
2007,29,Karnataka,251856,Wadi,Town Municipal Council,585225
2008,29,Karnataka,251863,Yadgir,City Municipal Council,585202
2009,29,Karnataka,251863,Yadgir,City Municipal Council,585201
2010,29,Karnataka,297132,Yadrami,Town Panchayat,585325
2011,29,Karnataka,299330,Yaragatti,Town Panchayat,591129
2012,29,Karnataka,252055,Yelandur,Town Panchayat,571441
2013,29,Karnataka,251879,Yelburga,Town Panchayat,583236
2014,29,Karnataka,251903,Yellapur,Town Panchayat,581359
2015,32,Kerala,252253,Adoor,MUNICIPALITY,691523
2016,32,Kerala,252253,Adoor,MUNICIPALITY,683104
2017,32,Kerala,252253,Adoor,MUNICIPALITY,682304
2018,32,Kerala,252253,Adoor,MUNICIPALITY,682301
2019,32,Kerala,252247,Alappuzha,MUNICIPALITY,683104
2020,32,Kerala,252247,Alappuzha,MUNICIPALITY,682301
2021,32,Kerala,252247,Alappuzha,MUNICIPALITY,682304
2022,32,Kerala,252247,Alappuzha,MUNICIPALITY,688001
2023,32,Kerala,252211,Aluva,MUNICIPALITY,683101
2024,32,Kerala,252211,Aluva,MUNICIPALITY,683104
2025,32,Kerala,252211,Aluva,MUNICIPALITY,682301
2026,32,Kerala,252211,Aluva,MUNICIPALITY,682304
2027,32,Kerala,252208,Angamaly,MUNICIPALITY,682304
2028,32,Kerala,252208,Angamaly,MUNICIPALITY,683104
2029,32,Kerala,252208,Angamaly,MUNICIPALITY,682301
2030,32,Kerala,252208,Angamaly,MUNICIPALITY,683572
2031,32,Kerala,272915,Anthur,MUNICIPALITY,682301
2032,32,Kerala,272915,Anthur,MUNICIPALITY,682304
2033,32,Kerala,272915,Anthur,MUNICIPALITY,670563
2034,32,Kerala,272915,Anthur,MUNICIPALITY,683104
2035,32,Kerala,252258,Attingal,MUNICIPALITY,682304
2036,32,Kerala,252258,Attingal,MUNICIPALITY,683104
2037,32,Kerala,252258,Attingal,MUNICIPALITY,682301
2038,32,Kerala,252205,Chalakudy,MUNICIPALITY,682304
2039,32,Kerala,252205,Chalakudy,MUNICIPALITY,683104
2040,32,Kerala,252205,Chalakudy,MUNICIPALITY,682301
2041,32,Kerala,252205,Chalakudy,MUNICIPALITY,680307
2042,32,Kerala,252239,Changanassery,MUNICIPALITY,682304
2043,32,Kerala,252239,Changanassery,MUNICIPALITY,683104
2044,32,Kerala,252239,Changanassery,MUNICIPALITY,686101
2045,32,Kerala,252239,Changanassery,MUNICIPALITY,682301
2046,32,Kerala,252181,Chavakkad,MUNICIPALITY,682304
2047,32,Kerala,252181,Chavakkad,MUNICIPALITY,683104
2048,32,Kerala,252181,Chavakkad,MUNICIPALITY,680518
2049,32,Kerala,252181,Chavakkad,MUNICIPALITY,682301
2050,32,Kerala,252249,Chengannur,MUNICIPALITY,682304
2051,32,Kerala,252249,Chengannur,MUNICIPALITY,683104
2052,32,Kerala,252249,Chengannur,MUNICIPALITY,689121
2053,32,Kerala,252249,Chengannur,MUNICIPALITY,682301
2054,32,Kerala,272906,Cherpulassery,MUNICIPALITY,682304
2055,32,Kerala,272906,Cherpulassery,MUNICIPALITY,682301
2056,32,Kerala,272906,Cherpulassery,MUNICIPALITY,683104
2057,32,Kerala,252242,Cherthala,MUNICIPALITY,683104
2058,32,Kerala,252242,Cherthala,MUNICIPALITY,682304
2059,32,Kerala,252242,Cherthala,MUNICIPALITY,688524
2060,32,Kerala,252242,Cherthala,MUNICIPALITY,682301
2061,32,Kerala,252178,Chittur-Thathamangalam,MUNICIPALITY,683104
2062,32,Kerala,252178,Chittur-Thathamangalam,MUNICIPALITY,682304
2063,32,Kerala,252178,Chittur-Thathamangalam,MUNICIPALITY,682301
2064,32,Kerala,252218,Eloor,MUNICIPALITY,682301
2065,32,Kerala,252218,Eloor,MUNICIPALITY,682304
2066,32,Kerala,252218,Eloor,MUNICIPALITY,683104
2067,32,Kerala,272892,Erattupetta,MUNICIPALITY,682301
2068,32,Kerala,272892,Erattupetta,MUNICIPALITY,682304
2069,32,Kerala,272892,Erattupetta,MUNICIPALITY,683104
2070,32,Kerala,272892,Erattupetta,MUNICIPALITY,686121
2071,32,Kerala,272891,Ettumanoor,MUNICIPALITY,683104
2072,32,Kerala,272891,Ettumanoor,MUNICIPALITY,686631
2073,32,Kerala,272891,Ettumanoor,MUNICIPALITY,682304
2074,32,Kerala,272891,Ettumanoor,MUNICIPALITY,682301
2075,32,Kerala,272900,Feroke,MUNICIPALITY,673631
2076,32,Kerala,272900,Feroke,MUNICIPALITY,682301
2077,32,Kerala,272900,Feroke,MUNICIPALITY,682304
2078,32,Kerala,272900,Feroke,MUNICIPALITY,683104
2079,32,Kerala,252184,Guruvayoor,MUNICIPALITY,682304
2080,32,Kerala,252184,Guruvayoor,MUNICIPALITY,682301
2081,32,Kerala,252184,Guruvayoor,MUNICIPALITY,683104
2082,32,Kerala,272880,Harippad,MUNICIPALITY,683104
2083,32,Kerala,272880,Harippad,MUNICIPALITY,690514
2084,32,Kerala,272880,Harippad,MUNICIPALITY,682304
2085,32,Kerala,272880,Harippad,MUNICIPALITY,682301
2086,32,Kerala,252204,Irinjalakuda,MUNICIPALITY,682301
2087,32,Kerala,252204,Irinjalakuda,MUNICIPALITY,683104
2088,32,Kerala,252204,Irinjalakuda,MUNICIPALITY,680121
2089,32,Kerala,252204,Irinjalakuda,MUNICIPALITY,682304
2090,32,Kerala,272890,Iritty,MUNICIPALITY,670703
2091,32,Kerala,272890,Iritty,MUNICIPALITY,683104
2092,32,Kerala,272890,Iritty,MUNICIPALITY,682304
2093,32,Kerala,272890,Iritty,MUNICIPALITY,682301
2094,32,Kerala,252224,Kalamassery,MUNICIPALITY,682304
2095,32,Kerala,252224,Kalamassery,MUNICIPALITY,682301
2096,32,Kerala,252224,Kalamassery,MUNICIPALITY,683104
2097,32,Kerala,252155,Kalpetta,MUNICIPALITY,683104
2098,32,Kerala,252155,Kalpetta,MUNICIPALITY,682304
2099,32,Kerala,252155,Kalpetta,MUNICIPALITY,682301
2100,32,Kerala,252110,Kanhangad,MUNICIPALITY,682301
2101,32,Kerala,252110,Kanhangad,MUNICIPALITY,671315
2102,32,Kerala,252110,Kanhangad,MUNICIPALITY,682304
2103,32,Kerala,252110,Kanhangad,MUNICIPALITY,683104
2104,32,Kerala,252125,Kannur,MUNICIPAL CORPORATION,670012
2105,32,Kerala,252125,Kannur,MUNICIPAL CORPORATION,682001
2106,32,Kerala,252125,Kannur,MUNICIPAL CORPORATION,670004
2107,32,Kerala,252125,Kannur,MUNICIPAL CORPORATION,670002
2108,32,Kerala,252125,Kannur,MUNICIPAL CORPORATION,670001
2109,32,Kerala,252125,Kannur,MUNICIPAL CORPORATION,670594
2110,32,Kerala,252125,Kannur,MUNICIPAL CORPORATION,670003
2111,32,Kerala,252125,Kannur,MUNICIPAL CORPORATION,670006
2112,32,Kerala,259707,Karunagappally,MUNICIPALITY,683104
2113,32,Kerala,259707,Karunagappally,MUNICIPALITY,690518
2114,32,Kerala,259707,Karunagappally,MUNICIPALITY,682304
2115,32,Kerala,259707,Karunagappally,MUNICIPALITY,682301
2116,32,Kerala,259707,Karunagappally,MUNICIPALITY,690573
2117,32,Kerala,252108,Kasaragod,MUNICIPALITY,683104
2118,32,Kerala,252108,Kasaragod,MUNICIPALITY,671121
2119,32,Kerala,252108,Kasaragod,MUNICIPALITY,682304
2120,32,Kerala,252108,Kasaragod,MUNICIPALITY,682301
2121,32,Kerala,272883,Kattappana,MUNICIPALITY,683104
2122,32,Kerala,272883,Kattappana,MUNICIPALITY,685508
2123,32,Kerala,272883,Kattappana,MUNICIPALITY,682304
2124,32,Kerala,272883,Kattappana,MUNICIPALITY,682301
2125,32,Kerala,252248,Kayamkulam,MUNICIPALITY,682301
2126,32,Kerala,252248,Kayamkulam,MUNICIPALITY,682304
2127,32,Kerala,252248,Kayamkulam,MUNICIPALITY,690502
2128,32,Kerala,252248,Kayamkulam,MUNICIPALITY,683104
2129,32,Kerala,252220,Kochi,MUNICIPAL CORPORATION,682001
2130,32,Kerala,252200,Kodungallur,MUNICIPALITY,682304
2131,32,Kerala,252200,Kodungallur,MUNICIPALITY,683104
2132,32,Kerala,252200,Kodungallur,MUNICIPALITY,682301
2133,32,Kerala,272897,Koduvally,MUNICIPALITY,683104
2134,32,Kerala,272897,Koduvally,MUNICIPALITY,682304
2135,32,Kerala,272897,Koduvally,MUNICIPALITY,682301
2136,32,Kerala,272897,Koduvally,MUNICIPALITY,673572
2137,32,Kerala,252255,Kollam,MUNICIPAL CORPORATION,691015
2138,32,Kerala,252255,Kollam,MUNICIPAL CORPORATION,691601
2139,32,Kerala,252255,Kollam,MUNICIPAL CORPORATION,691021
2140,32,Kerala,252255,Kollam,MUNICIPAL CORPORATION,691013
2141,32,Kerala,252255,Kollam,MUNICIPAL CORPORATION,691012
2142,32,Kerala,252255,Kollam,MUNICIPAL CORPORATION,691010
2143,32,Kerala,252255,Kollam,MUNICIPAL CORPORATION,691005
2144,32,Kerala,252255,Kollam,MUNICIPAL CORPORATION,691004
2145,32,Kerala,252255,Kollam,MUNICIPAL CORPORATION,691003
2146,32,Kerala,252255,Kollam,MUNICIPAL CORPORATION,691002
2147,32,Kerala,252255,Kollam,MUNICIPAL CORPORATION,691001
2148,32,Kerala,252255,Kollam,MUNICIPAL CORPORATION,682001
2149,32,Kerala,272901,Kondotty,MUNICIPALITY,683104
2150,32,Kerala,272901,Kondotty,MUNICIPALITY,673638
2151,32,Kerala,272901,Kondotty,MUNICIPALITY,682301
2152,32,Kerala,272901,Kondotty,MUNICIPALITY,682304
2153,32,Kerala,272881,Koothattukulam,MUNICIPALITY,682301
2154,32,Kerala,272881,Koothattukulam,MUNICIPALITY,682304
2155,32,Kerala,272881,Koothattukulam,MUNICIPALITY,686662
2156,32,Kerala,272881,Koothattukulam,MUNICIPALITY,683104
2157,32,Kerala,252144,Koothuparamba,MUNICIPALITY,682301
2158,32,Kerala,252144,Koothuparamba,MUNICIPALITY,670643
2159,32,Kerala,252144,Koothuparamba,MUNICIPALITY,682304
2160,32,Kerala,252144,Koothuparamba,MUNICIPALITY,683104
2161,32,Kerala,252231,Kothamangalam,MUNICIPALITY,682304
2162,32,Kerala,252231,Kothamangalam,MUNICIPALITY,686691
2163,32,Kerala,252231,Kothamangalam,MUNICIPALITY,682301
2164,32,Kerala,252231,Kothamangalam,MUNICIPALITY,683104
2165,32,Kerala,259709,Kottakkal,MUNICIPALITY,682301
2166,32,Kerala,259709,Kottakkal,MUNICIPALITY,683104
2167,32,Kerala,259709,Kottakkal,MUNICIPALITY,682304
2168,32,Kerala,272889,Kottarakkara,MUNICIPALITY,682301
2169,32,Kerala,272889,Kottarakkara,MUNICIPALITY,691506
2170,32,Kerala,272889,Kottarakkara,MUNICIPALITY,691531
2171,32,Kerala,272889,Kottarakkara,MUNICIPALITY,683104
2172,32,Kerala,272889,Kottarakkara,MUNICIPALITY,682304
2173,32,Kerala,252238,Kottayam,MUNICIPALITY,682301
2174,32,Kerala,252238,Kottayam,MUNICIPALITY,686001
2175,32,Kerala,252238,Kottayam,MUNICIPALITY,683104
2176,32,Kerala,252238,Kottayam,MUNICIPALITY,682304
2177,32,Kerala,252159,Koyilandy,MUNICIPALITY,683104
2178,32,Kerala,252159,Koyilandy,MUNICIPALITY,682301
2179,32,Kerala,252159,Koyilandy,MUNICIPALITY,682304
2180,32,Kerala,252159,Koyilandy,MUNICIPALITY,673305
2181,32,Kerala,252160,Kozhikode,MUNICIPAL CORPORATION,673001
2182,32,Kerala,252160,Kozhikode,MUNICIPAL CORPORATION,682001
2183,32,Kerala,252180,Kunnamkulam,MUNICIPALITY,682304
2184,32,Kerala,252180,Kunnamkulam,MUNICIPALITY,683104
2185,32,Kerala,252180,Kunnamkulam,MUNICIPALITY,682301
2186,32,Kerala,252180,Kunnamkulam,MUNICIPALITY,680503
2187,32,Kerala,252170,Malappuram,MUNICIPALITY,683104
2188,32,Kerala,252170,Malappuram,MUNICIPALITY,676505
2189,32,Kerala,252170,Malappuram,MUNICIPALITY,682301
2190,32,Kerala,252170,Malappuram,MUNICIPALITY,682304
2191,32,Kerala,272910,Mananthavady,MUNICIPALITY,682304
2192,32,Kerala,272910,Mananthavady,MUNICIPALITY,682301
2193,32,Kerala,272910,Mananthavady,MUNICIPALITY,670645
2194,32,Kerala,272910,Mananthavady,MUNICIPALITY,683104
2195,32,Kerala,252169,Manjeri,MUNICIPALITY,676121
2196,32,Kerala,252169,Manjeri,MUNICIPALITY,682301
2197,32,Kerala,252169,Manjeri,MUNICIPALITY,682304
2198,32,Kerala,252169,Manjeri,MUNICIPALITY,683104
2199,32,Kerala,272907,Mannarkad,MUNICIPALITY,682301
2200,32,Kerala,272907,Mannarkad,MUNICIPALITY,682304
2201,32,Kerala,272907,Mannarkad,MUNICIPALITY,683104
2202,32,Kerala,252226,Maradu,MUNICIPALITY,683104
2203,32,Kerala,252226,Maradu,MUNICIPALITY,682301
2204,32,Kerala,252226,Maradu,MUNICIPALITY,682304
2205,32,Kerala,252139,Mattannur,MUNICIPALITY,682304
2206,32,Kerala,252139,Mattannur,MUNICIPALITY,670702
2207,32,Kerala,252139,Mattannur,MUNICIPALITY,683104
2208,32,Kerala,252139,Mattannur,MUNICIPALITY,682301
2209,32,Kerala,252250,Mavelikkara,MUNICIPALITY,682304
2210,32,Kerala,252250,Mavelikkara,MUNICIPALITY,682301
2211,32,Kerala,252250,Mavelikkara,MUNICIPALITY,690101
2212,32,Kerala,252250,Mavelikkara,MUNICIPALITY,683104
2213,32,Kerala,272898,Mukkom,MUNICIPALITY,682301
2214,32,Kerala,272898,Mukkom,MUNICIPALITY,673602
2215,32,Kerala,272898,Mukkom,MUNICIPALITY,683104
2216,32,Kerala,272898,Mukkom,MUNICIPALITY,682304
2217,32,Kerala,252230,Muvattupuzha,MUNICIPALITY,686661
2218,32,Kerala,252230,Muvattupuzha,MUNICIPALITY,682301
2219,32,Kerala,252230,Muvattupuzha,MUNICIPALITY,683104
2220,32,Kerala,252230,Muvattupuzha,MUNICIPALITY,682304
2221,32,Kerala,252259,Nedumangad,MUNICIPALITY,682304
2222,32,Kerala,252259,Nedumangad,MUNICIPALITY,695541
2223,32,Kerala,252259,Nedumangad,MUNICIPALITY,683104
2224,32,Kerala,252259,Nedumangad,MUNICIPALITY,682301
2225,32,Kerala,252261,Neyyattinkara,MUNICIPALITY,682304
2226,32,Kerala,252261,Neyyattinkara,MUNICIPALITY,682301
2227,32,Kerala,252261,Neyyattinkara,MUNICIPALITY,683104
2228,32,Kerala,252261,Neyyattinkara,MUNICIPALITY,695121
2229,32,Kerala,259710,Nilambur,MUNICIPALITY,682301
2230,32,Kerala,259710,Nilambur,MUNICIPALITY,682304
2231,32,Kerala,259710,Nilambur,MUNICIPALITY,683104
2232,32,Kerala,259710,Nilambur,MUNICIPALITY,679329
2233,32,Kerala,259711,Nileshwar,MUNICIPALITY,682301
2234,32,Kerala,259711,Nileshwar,MUNICIPALITY,671314
2235,32,Kerala,259711,Nileshwar,MUNICIPALITY,683104
2236,32,Kerala,259711,Nileshwar,MUNICIPALITY,682304
2237,32,Kerala,252175,Ottappalam,MUNICIPALITY,682304
2238,32,Kerala,252175,Ottappalam,MUNICIPALITY,683104
2239,32,Kerala,252175,Ottappalam,MUNICIPALITY,679104
2240,32,Kerala,252175,Ottappalam,MUNICIPALITY,682301
2241,32,Kerala,252234,Palai,MUNICIPALITY,686575
2242,32,Kerala,252234,Palai,MUNICIPALITY,682301
2243,32,Kerala,252234,Palai,MUNICIPALITY,682304
2244,32,Kerala,252234,Palai,MUNICIPALITY,683104
2245,32,Kerala,252176,Palakkad,MUNICIPALITY,682304
2246,32,Kerala,252176,Palakkad,MUNICIPALITY,683104
2247,32,Kerala,252176,Palakkad,MUNICIPALITY,682301
2248,32,Kerala,252176,Palakkad,MUNICIPALITY,678001
2249,32,Kerala,272908,Pandalam,MUNICIPALITY,682301
2250,32,Kerala,272908,Pandalam,MUNICIPALITY,689503
2251,32,Kerala,272908,Pandalam,MUNICIPALITY,689501
2252,32,Kerala,272908,Pandalam,MUNICIPALITY,682304
2253,32,Kerala,272908,Pandalam,MUNICIPALITY,683104
2254,32,Kerala,272885,Panoor,MUNICIPALITY,682304
2255,32,Kerala,272885,Panoor,MUNICIPALITY,683104
2256,32,Kerala,272885,Panoor,MUNICIPALITY,682301
2257,32,Kerala,272885,Panoor,MUNICIPALITY,670692
2258,32,Kerala,272912,Parappanangadi,MUNICIPALITY,683104
2259,32,Kerala,272912,Parappanangadi,MUNICIPALITY,676303
2260,32,Kerala,272912,Parappanangadi,MUNICIPALITY,682304
2261,32,Kerala,272912,Parappanangadi,MUNICIPALITY,682301
2262,32,Kerala,252256,Paravoor,MUNICIPALITY,682301
2263,32,Kerala,252256,Paravoor,MUNICIPALITY,682304
2264,32,Kerala,252256,Paravoor,MUNICIPALITY,683104
2265,32,Kerala,252215,Paravur,MUNICIPALITY,691301
2266,32,Kerala,252215,Paravur,MUNICIPALITY,683513
2267,32,Kerala,252215,Paravur,MUNICIPALITY,683104
2268,32,Kerala,252215,Paravur,MUNICIPALITY,682304
2269,32,Kerala,252215,Paravur,MUNICIPALITY,682301
2270,32,Kerala,252252,Pathanamthitta,MUNICIPALITY,689698
2271,32,Kerala,252252,Pathanamthitta,MUNICIPALITY,689668
2272,32,Kerala,252252,Pathanamthitta,MUNICIPALITY,689645
2273,32,Kerala,252252,Pathanamthitta,MUNICIPALITY,689653
2274,32,Kerala,252252,Pathanamthitta,MUNICIPALITY,683104
2275,32,Kerala,252252,Pathanamthitta,MUNICIPALITY,682304
2276,32,Kerala,252252,Pathanamthitta,MUNICIPALITY,682301
2277,32,Kerala,272905,Pattambi,MUNICIPALITY,682304
2278,32,Kerala,272905,Pattambi,MUNICIPALITY,683104
2279,32,Kerala,272905,Pattambi,MUNICIPALITY,682301
2280,32,Kerala,252111,Payyannur,MUNICIPALITY,683104
2281,32,Kerala,252111,Payyannur,MUNICIPALITY,682304
2282,32,Kerala,252111,Payyannur,MUNICIPALITY,670307
2283,32,Kerala,252111,Payyannur,MUNICIPALITY,682301
2284,32,Kerala,272896,Payyoli,MUNICIPALITY,682304
2285,32,Kerala,272896,Payyoli,MUNICIPALITY,683104
2286,32,Kerala,272896,Payyoli,MUNICIPALITY,682301
2287,32,Kerala,252171,Perinthalmanna,MUNICIPALITY,683104
2288,32,Kerala,252171,Perinthalmanna,MUNICIPALITY,679322
2289,32,Kerala,252171,Perinthalmanna,MUNICIPALITY,682301
2290,32,Kerala,252171,Perinthalmanna,MUNICIPALITY,682304
2291,32,Kerala,252207,Perumbavoor,MUNICIPALITY,682301
2292,32,Kerala,252207,Perumbavoor,MUNICIPALITY,683104
2293,32,Kerala,252207,Perumbavoor,MUNICIPALITY,682304
2294,32,Kerala,252207,Perumbavoor,MUNICIPALITY,683542
2295,32,Kerala,272882,Piravom,MUNICIPALITY,682301
2296,32,Kerala,272882,Piravom,MUNICIPALITY,686664
2297,32,Kerala,272882,Piravom,MUNICIPALITY,683104
2298,32,Kerala,272882,Piravom,MUNICIPALITY,682304
2299,32,Kerala,252173,Ponnani,MUNICIPALITY,682301
2300,32,Kerala,252173,Ponnani,MUNICIPALITY,682304
2301,32,Kerala,252173,Ponnani,MUNICIPALITY,683104
2302,32,Kerala,252254,Punalur,MUNICIPALITY,682304
2303,32,Kerala,252254,Punalur,MUNICIPALITY,683104
2304,32,Kerala,252254,Punalur,MUNICIPALITY,691305
2305,32,Kerala,252254,Punalur,MUNICIPALITY,682301
2306,32,Kerala,272899,Ramanattukara,MUNICIPALITY,683104
2307,32,Kerala,272899,Ramanattukara,MUNICIPALITY,682301
2308,32,Kerala,272899,Ramanattukara,MUNICIPALITY,682304
2309,32,Kerala,272899,Ramanattukara,MUNICIPALITY,673633
2310,32,Kerala,252174,Shoranur,MUNICIPALITY,682304
2311,32,Kerala,252174,Shoranur,MUNICIPALITY,683104
2312,32,Kerala,252174,Shoranur,MUNICIPALITY,682301
2313,32,Kerala,272884,Sreekandapuram,MUNICIPALITY,670631
2314,32,Kerala,272884,Sreekandapuram,MUNICIPALITY,682301
2315,32,Kerala,272884,Sreekandapuram,MUNICIPALITY,682304
2316,32,Kerala,272884,Sreekandapuram,MUNICIPALITY,683104
2317,32,Kerala,272911,Sulthanbathery,MUNICIPALITY,673592
2318,32,Kerala,272911,Sulthanbathery,MUNICIPALITY,683104
2319,32,Kerala,272911,Sulthanbathery,MUNICIPALITY,682304
2320,32,Kerala,272911,Sulthanbathery,MUNICIPALITY,682301
2321,32,Kerala,252112,Taliparamba,MUNICIPALITY,682304
2322,32,Kerala,252112,Taliparamba,MUNICIPALITY,682301
2323,32,Kerala,252112,Taliparamba,MUNICIPALITY,670142
2324,32,Kerala,252112,Taliparamba,MUNICIPALITY,670141
2325,32,Kerala,252112,Taliparamba,MUNICIPALITY,683104
2326,32,Kerala,272904,Tanur,MUNICIPALITY,682304
2327,32,Kerala,272904,Tanur,MUNICIPALITY,682301
2328,32,Kerala,272904,Tanur,MUNICIPALITY,676302
2329,32,Kerala,272904,Tanur,MUNICIPALITY,683104
2330,32,Kerala,252149,Thalassery,MUNICIPALITY,670101
2331,32,Kerala,252149,Thalassery,MUNICIPALITY,682304
2332,32,Kerala,252149,Thalassery,MUNICIPALITY,683104
2333,32,Kerala,252149,Thalassery,MUNICIPALITY,682301
2334,32,Kerala,252251,Thiruvalla,MUNICIPALITY,682304
2335,32,Kerala,252251,Thiruvalla,MUNICIPALITY,689101
2336,32,Kerala,252251,Thiruvalla,MUNICIPALITY,682301
2337,32,Kerala,252251,Thiruvalla,MUNICIPALITY,683104
2338,32,Kerala,252260,Thiruvananthapuram,MUNICIPAL CORPORATION,695043
2339,32,Kerala,252260,Thiruvananthapuram,MUNICIPAL CORPORATION,682001
2340,32,Kerala,252260,Thiruvananthapuram,MUNICIPAL CORPORATION,695001
2341,32,Kerala,252260,Thiruvananthapuram,MUNICIPAL CORPORATION,695004
2342,32,Kerala,252260,Thiruvananthapuram,MUNICIPAL CORPORATION,695006
2343,32,Kerala,252260,Thiruvananthapuram,MUNICIPAL CORPORATION,695007
2344,32,Kerala,252260,Thiruvananthapuram,MUNICIPAL CORPORATION,695008
2345,32,Kerala,252260,Thiruvananthapuram,MUNICIPAL CORPORATION,695009
2346,32,Kerala,252260,Thiruvananthapuram,MUNICIPAL CORPORATION,695010
2347,32,Kerala,252260,Thiruvananthapuram,MUNICIPAL CORPORATION,695011
2348,32,Kerala,252260,Thiruvananthapuram,MUNICIPAL CORPORATION,695015
2349,32,Kerala,252260,Thiruvananthapuram,MUNICIPAL CORPORATION,695016
2350,32,Kerala,252260,Thiruvananthapuram,MUNICIPAL CORPORATION,695017
2351,32,Kerala,252260,Thiruvananthapuram,MUNICIPAL CORPORATION,695020
2352,32,Kerala,252260,Thiruvananthapuram,MUNICIPAL CORPORATION,695021
2353,32,Kerala,252260,Thiruvananthapuram,MUNICIPAL CORPORATION,695029
2354,32,Kerala,252260,Thiruvananthapuram,MUNICIPAL CORPORATION,695030
2355,32,Kerala,252260,Thiruvananthapuram,MUNICIPAL CORPORATION,695033
2356,32,Kerala,252260,Thiruvananthapuram,MUNICIPAL CORPORATION,695034
2357,32,Kerala,252260,Thiruvananthapuram,MUNICIPAL CORPORATION,695035
2358,32,Kerala,252260,Thiruvananthapuram,MUNICIPAL CORPORATION,695036
2359,32,Kerala,252260,Thiruvananthapuram,MUNICIPAL CORPORATION,695038
2360,32,Kerala,252260,Thiruvananthapuram,MUNICIPAL CORPORATION,695040
2361,32,Kerala,252260,Thiruvananthapuram,MUNICIPAL CORPORATION,695099
2362,32,Kerala,252260,Thiruvananthapuram,MUNICIPAL CORPORATION,695521
2363,32,Kerala,252260,Thiruvananthapuram,MUNICIPAL CORPORATION,695022
2364,32,Kerala,252260,Thiruvananthapuram,MUNICIPAL CORPORATION,695581
2365,32,Kerala,252260,Thiruvananthapuram,MUNICIPAL CORPORATION,695583
2366,32,Kerala,252260,Thiruvananthapuram,MUNICIPAL CORPORATION,695585
2367,32,Kerala,252260,Thiruvananthapuram,MUNICIPAL CORPORATION,695023
2368,32,Kerala,252260,Thiruvananthapuram,MUNICIPAL CORPORATION,695024
2369,32,Kerala,252260,Thiruvananthapuram,MUNICIPAL CORPORATION,695025
2370,32,Kerala,252233,Thodupuzha,MUNICIPALITY,685584
2371,32,Kerala,252233,Thodupuzha,MUNICIPALITY,682301
2372,32,Kerala,252233,Thodupuzha,MUNICIPALITY,682304
2373,32,Kerala,252233,Thodupuzha,MUNICIPALITY,683104
2374,32,Kerala,259708,Thrikkakara,MUNICIPALITY,683104
2375,32,Kerala,259708,Thrikkakara,MUNICIPALITY,682304
2376,32,Kerala,259708,Thrikkakara,MUNICIPALITY,682301
2377,32,Kerala,252227,Thrippunithura,MUNICIPALITY,682301
2378,32,Kerala,252227,Thrippunithura,MUNICIPALITY,683104
2379,32,Kerala,252227,Thrippunithura,MUNICIPALITY,682304
2380,32,Kerala,252194,Thrissur,MUNICIPAL CORPORATION,680021
2381,32,Kerala,252194,Thrissur,MUNICIPAL CORPORATION,682001
2382,32,Kerala,252172,Tirur,MUNICIPALITY,682301
2383,32,Kerala,252172,Tirur,MUNICIPALITY,676101
2384,32,Kerala,252172,Tirur,MUNICIPALITY,683104
2385,32,Kerala,252172,Tirur,MUNICIPALITY,682304
2386,32,Kerala,272903,Tirurangadi,MUNICIPALITY,682304
2387,32,Kerala,272903,Tirurangadi,MUNICIPALITY,676306
2388,32,Kerala,272903,Tirurangadi,MUNICIPALITY,683104
2389,32,Kerala,272903,Tirurangadi,MUNICIPALITY,682301
2390,32,Kerala,252236,Vaikom,MUNICIPALITY,683104
2391,32,Kerala,252236,Vaikom,MUNICIPALITY,686141
2392,32,Kerala,252236,Vaikom,MUNICIPALITY,682304
2393,32,Kerala,252236,Vaikom,MUNICIPALITY,682301
2394,32,Kerala,272902,Valanchery,MUNICIPALITY,683104
2395,32,Kerala,272902,Valanchery,MUNICIPALITY,682304
2396,32,Kerala,272902,Valanchery,MUNICIPALITY,682301
2397,32,Kerala,252257,Varkala,MUNICIPALITY,682301
2398,32,Kerala,252257,Varkala,MUNICIPALITY,682304
2399,32,Kerala,252257,Varkala,MUNICIPALITY,683104
2400,32,Kerala,252157,Vatakara,MUNICIPALITY,682304
2401,32,Kerala,252157,Vatakara,MUNICIPALITY,683104
2402,32,Kerala,252157,Vatakara,MUNICIPALITY,682301
2403,32,Kerala,252157,Vatakara,MUNICIPALITY,673101
2404,32,Kerala,272909,Wadakkanchery,MUNICIPALITY,682304
2405,32,Kerala,272909,Wadakkanchery,MUNICIPALITY,680581
2406,32,Kerala,272909,Wadakkanchery,MUNICIPALITY,683104
2407,32,Kerala,272909,Wadakkanchery,MUNICIPALITY,682301
2408,37,Ladakh,248178,Kargil,Municipal Committee,194101
2409,37,Ladakh,248177,Leh,Municipal Committee,194101
2410,23,Madhya Pradesh,250858,Agar,Municipality,465441
2411,23,Madhya Pradesh,250749,Ajaygarh,Town Panchayat,488220
2412,23,Madhya Pradesh,250685,Akoda,Town Panchayat,477332
2413,23,Madhya Pradesh,250863,Akodia,Town Panchayat,465223
2414,23,Madhya Pradesh,250692,Alampur,Town Panchayat,477449
2415,23,Madhya Pradesh,250882,Alirajpur,Municipality,457887
2416,23,Madhya Pradesh,250839,Alot,Town Panchayat,457114
2417,23,Madhya Pradesh,250753,Amanganj,Town Panchayat,488441
2418,23,Madhya Pradesh,253195,Amarkantak,Town Panchayat,484886
2419,23,Madhya Pradesh,250786,Amarpatan,Town Panchayat,485775
2420,23,Madhya Pradesh,251008,Amarwara,Municipality,480221
2421,23,Madhya Pradesh,250675,Ambah,Municipality,476111
2422,23,Madhya Pradesh,248073,Amla,Municipality,460551
2423,23,Madhya Pradesh,250915,Anjad,Town Panchayat,451556
2424,23,Madhya Pradesh,250699,Antari,Town Panchayat,475005
2425,23,Madhya Pradesh,250699,Antari,Town Panchayat,475001
2426,23,Madhya Pradesh,265847,Anuppur Np,Municipality,484224
2427,23,Madhya Pradesh,250719,Aron,Town Panchayat,473101
2428,23,Madhya Pradesh,250715,Ashoknagar,Municipality,473331
2429,23,Madhya Pradesh,250949,Ashta,Municipality,466116
2430,23,Madhya Pradesh,293817,Athana,Town Panchayat,458330
2431,23,Madhya Pradesh,263361,Athner,Town Panchayat,460110
2432,23,Madhya Pradesh,250975,Babai,Town Panchayat,461661
2433,23,Madhya Pradesh,290258,Badagaon,Town Panchayat,472010
2434,23,Madhya Pradesh,250733,Badagaon Shajapur,Town Panchayat,465001
2435,23,Madhya Pradesh,250744,Bada -Malhera,Town Panchayat,471311
2436,23,Madhya Pradesh,250709,Badarwas,Town Panchayat,473885
2437,23,Madhya Pradesh,250838,Badawada,Town Panchayat,457226
2438,23,Madhya Pradesh,250961,Badi,Town Panchayat,464665
2439,23,Madhya Pradesh,251025,Badkuhi,Town Panchayat,480447
2440,23,Madhya Pradesh,250852,Badnagar,Municipality,456771
2441,23,Madhya Pradesh,250884,Badnawar,Town Panchayat,454660
2442,23,Madhya Pradesh,250884,Badnawar,Town Panchayat,455111
2443,23,Madhya Pradesh,250857,Badod,Town Panchayat,465550
2444,23,Madhya Pradesh,250674,Badoda,Town Panchayat,476339
2445,23,Madhya Pradesh,277237,Badonee,Town Panchayat,475686
2446,23,Madhya Pradesh,290389,Bagali,Town Panchayat,455001
2447,23,Madhya Pradesh,290389,Bagali,Town Panchayat,455111
2448,23,Madhya Pradesh,251041,Baihar,Town Panchayat,481111
2449,23,Madhya Pradesh,250792,Baikunthpur,Town Panchayat,486441
2450,23,Madhya Pradesh,263211,Bairad,Town Panchayat,473793
2451,23,Madhya Pradesh,298926,Bakho,Town Panchayat,484117
2452,23,Madhya Pradesh,251040,Balaghat,Municipality,481001
2453,23,Madhya Pradesh,290276,Baldevgarh,Town Panchayat,472111
2454,23,Madhya Pradesh,289260,Bamhni Banjar,Town Panchayat,481771
2455,23,Madhya Pradesh,250760,Banda,Town Panchayat,470335
2456,23,Madhya Pradesh,297114,Bandri,Town Panchayat,470442
2457,23,Madhya Pradesh,263020,Bankhedi,Town Panchayat,461990
2458,23,Madhya Pradesh,250678,Banmor,Town Panchayat,476444
2459,23,Madhya Pradesh,250997,Barela,Town Panchayat,483001
2460,23,Madhya Pradesh,250962,Bareli,Town Panchayat,464668
2461,23,Madhya Pradesh,300395,Bargawan,Town Panchayat,486886
2462,23,Madhya Pradesh,299804,Bargawan (Amlai),Town Panchayat,484117
2463,23,Madhya Pradesh,251034,Barghat,Town Panchayat,480667
2464,23,Madhya Pradesh,250978,Barhi,Town Panchayat,483770
2465,23,Madhya Pradesh,250978,Barhi,Town Panchayat,477566
2466,23,Madhya Pradesh,250734,Barigarh,Town Panchayat,471510
2467,23,Madhya Pradesh,300085,Barodiyakalan,Town Panchayat,470441
2468,23,Madhya Pradesh,250907,Barwaha,Municipality,451115
2469,23,Madhya Pradesh,250914,Barwani,Municipality,451551
2470,23,Madhya Pradesh,250957,Begamganj,Municipality,464881
2471,23,Madhya Pradesh,250805,Beohari,Town Panchayat,484774
2472,23,Madhya Pradesh,250945,Berasia,Municipality,463106
2473,23,Madhya Pradesh,250945,Berasia,Municipality,462120
2474,23,Madhya Pradesh,250897,Betma,Town Panchayat,453001
2475,23,Madhya Pradesh,250897,Betma,Town Panchayat,455111
2476,23,Madhya Pradesh,248072,Betul,Municipality,460001
2477,23,Madhya Pradesh,248070,Betul Bazar,Town Panchayat,460004
2478,23,Madhya Pradesh,250964,Bhainsdehi,Town Panchayat,460220
2479,23,Madhya Pradesh,250704,Bhander,Town Panchayat,475335
2480,23,Madhya Pradesh,250827,Bhanpura,Town Panchayat,455001
2481,23,Madhya Pradesh,250827,Bhanpura,Town Panchayat,455111
2482,23,Madhya Pradesh,250827,Bhanpura,Town Panchayat,458775
2483,23,Madhya Pradesh,250865,Bhaurasa,Town Panchayat,455111
2484,23,Madhya Pradesh,250865,Bhaurasa,Town Panchayat,455001
2485,23,Madhya Pradesh,250865,Bhaurasa,Town Panchayat,455115
2486,23,Madhya Pradesh,250880,Bhavra,Town Panchayat,457882
2487,23,Madhya Pradesh,250996,Bhedaghat,Town Panchayat,483053
2488,23,Madhya Pradesh,298922,Bhensoda,Town Panchayat,458778
2489,23,Madhya Pradesh,250912,Bhikangaon,Town Panchayat,451331
2490,23,Madhya Pradesh,250684,Bhind,Municipality,477001
2491,23,Madhya Pradesh,250700,Bhitarwar,Town Panchayat,475220
2492,23,Madhya Pradesh,250946,Bhopal,Municipal Corporation,462023
2493,23,Madhya Pradesh,250946,Bhopal,Municipal Corporation,462024
2494,23,Madhya Pradesh,250946,Bhopal,Municipal Corporation,462026
2495,23,Madhya Pradesh,250946,Bhopal,Municipal Corporation,464993
2496,23,Madhya Pradesh,250946,Bhopal,Municipal Corporation,462100
2497,23,Madhya Pradesh,250946,Bhopal,Municipal Corporation,462066
2498,23,Madhya Pradesh,250946,Bhopal,Municipal Corporation,462027
2499,23,Madhya Pradesh,250946,Bhopal,Municipal Corporation,462030
2500,23,Madhya Pradesh,250946,Bhopal,Municipal Corporation,462031
2501,23,Madhya Pradesh,250946,Bhopal,Municipal Corporation,462047
2502,23,Madhya Pradesh,250946,Bhopal,Municipal Corporation,462044
2503,23,Madhya Pradesh,250946,Bhopal,Municipal Corporation,462043
2504,23,Madhya Pradesh,250946,Bhopal,Municipal Corporation,462042
2505,23,Madhya Pradesh,250946,Bhopal,Municipal Corporation,462041
2506,23,Madhya Pradesh,250946,Bhopal,Municipal Corporation,462040
2507,23,Madhya Pradesh,250946,Bhopal,Municipal Corporation,462033
2508,23,Madhya Pradesh,250946,Bhopal,Municipal Corporation,462036
2509,23,Madhya Pradesh,250946,Bhopal,Municipal Corporation,462037
2510,23,Madhya Pradesh,250946,Bhopal,Municipal Corporation,462038
2511,23,Madhya Pradesh,250946,Bhopal,Municipal Corporation,462039
2512,23,Madhya Pradesh,250946,Bhopal,Municipal Corporation,462001
2513,23,Madhya Pradesh,250946,Bhopal,Municipal Corporation,462002
2514,23,Madhya Pradesh,250946,Bhopal,Municipal Corporation,462003
2515,23,Madhya Pradesh,250946,Bhopal,Municipal Corporation,462004
2516,23,Madhya Pradesh,250946,Bhopal,Municipal Corporation,462008
2517,23,Madhya Pradesh,250946,Bhopal,Municipal Corporation,462010
2518,23,Madhya Pradesh,250946,Bhopal,Municipal Corporation,462011
2519,23,Madhya Pradesh,250946,Bhopal,Municipal Corporation,462016
2520,23,Madhya Pradesh,250946,Bhopal,Municipal Corporation,462020
2521,23,Madhya Pradesh,250946,Bhopal,Municipal Corporation,462022
2522,23,Madhya Pradesh,253171,Bhuwa Bichhia,Town Panchayat,481995
2523,23,Madhya Pradesh,250934,Biaora,Municipality,465674
2524,23,Madhya Pradesh,263072,Bichhua,Town Panchayat,480111
2525,23,Madhya Pradesh,250747,Bijawar,Town Panchayat,471405
2526,23,Madhya Pradesh,253194,Bijuri,Municipality,484440
2527,23,Madhya Pradesh,250695,Bilaua,Town Panchayat,475001
2528,23,Madhya Pradesh,298917,Bilhara,Town Panchayat,470051
2529,23,Madhya Pradesh,250755,Bina,Municipality,470113
2530,23,Madhya Pradesh,250778,Birsinghpur,Town Panchayat,485226
2531,23,Madhya Pradesh,298931,Bistan,Town Panchayat,451441
2532,23,Madhya Pradesh,250938,Boda,Town Panchayat,465685
2533,23,Madhya Pradesh,250952,Budni,Town Panchayat,466445
2534,23,Madhya Pradesh,250925,Burhanpur,Municipal Corporation,450331
2535,23,Madhya Pradesh,250808,Burhar,Town Panchayat,484110
2536,23,Madhya Pradesh,250748,Buxwaha,Town Panchayat,471318
2537,23,Madhya Pradesh,250720,Chachaura -Binaganj,Town Panchayat,473118
2538,23,Madhya Pradesh,250788,Chakghat,Town Panchayat,486226
2539,23,Madhya Pradesh,250756,Chand,Town Panchayat,480110
2540,23,Madhya Pradesh,251023,Chandameta -Butaria,Town Panchayat,480447
2541,23,Madhya Pradesh,250713,Chanderi,Municipality,473446
2542,23,Madhya Pradesh,250800,Chandia,Town Panchayat,484660
2543,23,Madhya Pradesh,250736,Chandla,Town Panchayat,471525
2544,23,Madhya Pradesh,251009,Chaurai,Municipality,480115
2545,23,Madhya Pradesh,298932,Chhapara,Town Panchayat,480884
2546,23,Madhya Pradesh,262992,Chhapiheda,Town Panchayat,465689
2547,23,Madhya Pradesh,250741,Chhatarpur,Municipality,471001
2548,23,Madhya Pradesh,251026,Chhindwara,Municipal Corporation,480001
2549,23,Madhya Pradesh,251000,Chichli,Town Panchayat,487770
2550,23,Madhya Pradesh,263218,Chicholi,Town Panchayat,460330
2551,23,Madhya Pradesh,250777,Chitrakoot,Town Panchayat,485334
2552,23,Madhya Pradesh,248068,Churhat,Town Panchayat,486771
2553,23,Madhya Pradesh,298925,Dabhaura,Town Panchayat,486556
2554,23,Madhya Pradesh,250693,Daboh,Town Panchayat,477447
2555,23,Madhya Pradesh,250698,Dabra,Municipality,475110
2556,23,Madhya Pradesh,290394,Dahi,Town Panchayat,454001
2557,23,Madhya Pradesh,250774,Damoh,Municipality,470661
2558,23,Madhya Pradesh,293808,Damua,Municipality,480555
2559,23,Madhya Pradesh,250703,Datia,Municipality,475661
2560,23,Madhya Pradesh,250770,Deori,Municipality,470226
2561,23,Madhya Pradesh,250896,Depalpur,Town Panchayat,455111
2562,23,Madhya Pradesh,250896,Depalpur,Town Panchayat,453115
2563,23,Madhya Pradesh,250751,Devendranagar,Town Panchayat,488333
2564,23,Madhya Pradesh,250815,Devri,Town Panchayat,470226
2565,23,Madhya Pradesh,250867,Dewas,Municipal Corporation,455001
2566,23,Madhya Pradesh,290379,Dhamnod- Dhar,Town Panchayat,455111
2567,23,Madhya Pradesh,250893,Dhamnod Ratlam,Town Panchayat,457001
2568,23,Madhya Pradesh,250809,Dhanpuri,Municipality,484114
2569,23,Madhya Pradesh,250887,Dhar,Municipality,454001
2570,23,Madhya Pradesh,250894,Dharampuri,Town Panchayat,454449
2571,23,Madhya Pradesh,250821,Diken,Town Panchayat,458226
2572,23,Madhya Pradesh,290390,Dindori,Town Panchayat,481880
2573,23,Madhya Pradesh,290390,Dindori,Town Panchayat,481883
2574,23,Madhya Pradesh,298927,Dola,Town Panchayat,484446
2575,23,Madhya Pradesh,251022,Dongar Parasia,Municipality,480001
2576,23,Madhya Pradesh,298928,Doomar Kachhar,Town Panchayat,484446
2577,23,Madhya Pradesh,250999,Gadarwara,Municipality,487551
2578,23,Madhya Pradesh,250956,Gairatganj,Town Panchayat,464884
2579,23,Madhya Pradesh,293809,Ganjbasoda,Municipality,464221
2580,23,Madhya Pradesh,250768,Garhakota,Municipality,470229
2581,23,Madhya Pradesh,250739,Garhi -Malhara,Town Panchayat,471411
2582,23,Madhya Pradesh,250831,Garoth,Town Panchayat,458880
2583,23,Madhya Pradesh,298919,Ghodadongri,Town Panchayat,460443
2584,23,Madhya Pradesh,250745,Ghuwara,Town Panchayat,471313
2585,23,Madhya Pradesh,250688,Gohad,Municipality,477116
2586,23,Madhya Pradesh,250686,Gormi,Town Panchayat,477660
2587,23,Madhya Pradesh,250998,Gotegaon,Municipality,487118
2588,23,Madhya Pradesh,250798,Govindgarh,Town Panchayat,486550
2589,23,Madhya Pradesh,250714,Guna,Municipality,473001
2590,23,Madhya Pradesh,297930,Gunnor,Town Panchayat,488050
2591,23,Madhya Pradesh,250799,Gurh,Town Panchayat,486553
2592,23,Madhya Pradesh,250694,Gwalior,Municipal Corporation,474007
2593,23,Madhya Pradesh,250694,Gwalior,Municipal Corporation,474001
2594,23,Madhya Pradesh,250694,Gwalior,Municipal Corporation,474008
2595,23,Madhya Pradesh,250694,Gwalior,Municipal Corporation,474009
2596,23,Madhya Pradesh,250694,Gwalior,Municipal Corporation,474006
2597,23,Madhya Pradesh,250694,Gwalior,Municipal Corporation,474011
2598,23,Madhya Pradesh,250694,Gwalior,Municipal Corporation,474012
2599,23,Madhya Pradesh,250694,Gwalior,Municipal Corporation,474015
2600,23,Madhya Pradesh,250694,Gwalior,Municipal Corporation,474020
2601,23,Madhya Pradesh,250694,Gwalior,Municipal Corporation,474010
2602,23,Madhya Pradesh,250694,Gwalior,Municipal Corporation,474005
2603,23,Madhya Pradesh,250694,Gwalior,Municipal Corporation,474004
2604,23,Madhya Pradesh,250694,Gwalior,Municipal Corporation,474003
2605,23,Madhya Pradesh,250694,Gwalior,Municipal Corporation,474002
2606,23,Madhya Pradesh,250794,Hanumana,Town Panchayat,486335
2607,23,Madhya Pradesh,250967,Harda,Municipality,461331
2608,23,Madhya Pradesh,250737,Harpalpur,Town Panchayat,471111
2609,23,Madhya Pradesh,251007,Harrai,Town Panchayat,480224
2610,23,Madhya Pradesh,250920,Harsud,Town Panchayat,450116
2611,23,Madhya Pradesh,250900,Hatod,Town Panchayat,453111
2612,23,Madhya Pradesh,250900,Hatod,Town Panchayat,455111
2613,23,Madhya Pradesh,250872,Hatpipalya,Town Panchayat,455111
2614,23,Madhya Pradesh,250872,Hatpipalya,Town Panchayat,455001
2615,23,Madhya Pradesh,250771,Hatta,Municipality,470775
2616,23,Madhya Pradesh,250773,Hindoria,Town Panchayat,470771
2617,23,Madhya Pradesh,250950,Ichhawar,Town Panchayat,466115
2618,23,Madhya Pradesh,250702,Indergarh,Town Panchayat,475675
2619,23,Madhya Pradesh,250901,Indore,Municipal Corporation,452014
2620,23,Madhya Pradesh,250901,Indore,Municipal Corporation,452018
2621,23,Madhya Pradesh,250901,Indore,Municipal Corporation,452015
2622,23,Madhya Pradesh,250901,Indore,Municipal Corporation,452001
2623,23,Madhya Pradesh,250901,Indore,Municipal Corporation,452002
2624,23,Madhya Pradesh,250901,Indore,Municipal Corporation,452003
2625,23,Madhya Pradesh,250901,Indore,Municipal Corporation,452005
2626,23,Madhya Pradesh,250901,Indore,Municipal Corporation,452006
2627,23,Madhya Pradesh,250901,Indore,Municipal Corporation,452007
2628,23,Madhya Pradesh,250901,Indore,Municipal Corporation,452009
2629,23,Madhya Pradesh,250901,Indore,Municipal Corporation,452010
2630,23,Madhya Pradesh,250901,Indore,Municipal Corporation,452011
2631,23,Madhya Pradesh,250901,Indore,Municipal Corporation,452012
2632,23,Madhya Pradesh,250901,Indore,Municipal Corporation,452013
2633,23,Madhya Pradesh,250712,Isagarh,Town Panchayat,473335
2634,23,Madhya Pradesh,250970,Itarsi,Municipality,461111
2635,23,Madhya Pradesh,250970,Itarsi,Municipality,461114
2636,23,Madhya Pradesh,250995,Jabalpur,Municipal Corporation,482001
2637,23,Madhya Pradesh,250806,Jaisinghnagar,Town Panchayat,470125
2638,23,Madhya Pradesh,253196,Jaithari,Town Panchayat,484330
2639,23,Madhya Pradesh,250780,Jaitwara,Town Panchayat,485221
2640,23,Madhya Pradesh,251010,Jamai,Municipality,480551
2641,23,Madhya Pradesh,250837,Jaora,Municipality,457226
2642,23,Madhya Pradesh,290257,Jatara,Town Panchayat,472118
2643,23,Madhya Pradesh,250822,Jawad,Town Panchayat,458330
2644,23,Madhya Pradesh,250948,Jawar,Town Panchayat,450991
2645,23,Madhya Pradesh,250948,Jawar,Town Panchayat,466221
2646,23,Madhya Pradesh,290323,Jeron Khalsa,Town Panchayat,472337
2647,23,Madhya Pradesh,250879,Jhabua,Municipality,457661
2648,23,Madhya Pradesh,250681,Jhundpura,Town Panchayat,476224
2649,23,Madhya Pradesh,250824,Jiran,Town Panchayat,458336
2650,23,Madhya Pradesh,250929,Jirapur,Town Panchayat,465691
2651,23,Madhya Pradesh,250881,Jobat,Town Panchayat,457990
2652,23,Madhya Pradesh,250679,Joura,Town Panchayat,476221
2653,23,Madhya Pradesh,250680,Kailaras,Town Panchayat,476224
2654,23,Madhya Pradesh,250752,Kakarhati,Town Panchayat,488050
2655,23,Madhya Pradesh,250859,Kanad,Town Panchayat,465230
2656,23,Madhya Pradesh,250868,Kannod,Town Panchayat,455001
2657,23,Madhya Pradesh,250868,Kannod,Town Panchayat,455111
2658,23,Madhya Pradesh,250870,Kantaphod,Town Panchayat,455001
2659,23,Madhya Pradesh,250870,Kantaphod,Town Panchayat,455111
2660,23,Madhya Pradesh,293822,Karahi,Town Panchayat,451220
2661,23,Madhya Pradesh,251002,Kareli,Municipality,487221
2662,23,Madhya Pradesh,250707,Karera,Town Panchayat,473660
2663,23,Madhya Pradesh,290256,Kari,Town Panchayat,472001
2664,23,Madhya Pradesh,250873,Karnawad,Town Panchayat,455111
2665,23,Madhya Pradesh,250873,Karnawad,Town Panchayat,455001
2666,23,Madhya Pradesh,300387,Karrapur,Town Panchayat,470337
2667,23,Madhya Pradesh,250911,Kasrawad,Town Panchayat,451228
2668,23,Madhya Pradesh,250984,Katangi,Town Panchayat,481445
2669,23,Madhya Pradesh,251035,Katangi Jabalpur,Town Panchayat,483105
2670,23,Madhya Pradesh,298933,Keolari,Town Panchayat,481995
2671,23,Madhya Pradesh,250845,Khacharod,Municipality,456224
2672,23,Madhya Pradesh,250743,Khajuraho,Town Panchayat,471606
2673,23,Madhya Pradesh,250804,Khand - Bansagar,Town Panchayat,484776
2674,23,Madhya Pradesh,250923,Khandwa,Municipal Corporation,450001
2675,23,Madhya Pradesh,250711,Khaniyadhana,Town Panchayat,473990
2676,23,Madhya Pradesh,290306,Khargapur,Town Panchayat,472115
2677,23,Madhya Pradesh,250913,Khargone,Municipality,451001
2678,23,Madhya Pradesh,250875,Khategaon,Town Panchayat,455001
2679,23,Madhya Pradesh,250875,Khategaon,Town Panchayat,455111
2680,23,Madhya Pradesh,250918,Khetia,Town Panchayat,451881
2681,23,Madhya Pradesh,250930,Khilchipur,Town Panchayat,465679
2682,23,Madhya Pradesh,250966,Khirkiya,Town Panchayat,461441
2683,23,Madhya Pradesh,250932,Khujner,Town Panchayat,465687
2684,23,Madhya Pradesh,250758,Khurai,Municipality,470117
2685,23,Madhya Pradesh,250708,Kolaras,Town Panchayat,473770
2686,23,Madhya Pradesh,250784,Kotar,Town Panchayat,485227
2687,23,Madhya Pradesh,250779,Kothi,Town Panchayat,485666
2688,23,Madhya Pradesh,290383,Kothri,Town Panchayat,466114
2689,23,Madhya Pradesh,253193,Kotma,Municipality,484334
2690,23,Madhya Pradesh,253134,Kukdeshwar,Town Panchayat,458116
2691,23,Madhya Pradesh,250891,Kukshi,Town Panchayat,455111
2692,23,Madhya Pradesh,250891,Kukshi,Town Panchayat,454331
2693,23,Madhya Pradesh,250718,Kumbhraj,Town Panchayat,473222
2694,23,Madhya Pradesh,262908,Kurawar,Town Panchayat,465667
2695,23,Madhya Pradesh,250942,Kurwai,Town Panchayat,464224
2696,23,Madhya Pradesh,250980,Kymore,Town Panchayat,483880
2697,23,Madhya Pradesh,250691,Lahar,Municipality,477445
2698,23,Madhya Pradesh,251031,Lakhnadon,Town Panchayat,480886
2699,23,Madhya Pradesh,253162,Lanji,Town Panchayat,481222
2700,23,Madhya Pradesh,250940,Lateri,Town Panchayat,464114
2701,23,Madhya Pradesh,250735,Lavkush Nagar,Town Panchayat,471515
2702,23,Madhya Pradesh,290253,Lidhorakhas,Town Panchayat,472331
2703,23,Madhya Pradesh,251029,Lodhikheda,Town Panchayat,480108
2704,23,Madhya Pradesh,250869,Loharda,Town Panchayat,454335
2705,23,Madhya Pradesh,250928,Machalpur,Town Panchayat,465691
2706,23,Madhya Pradesh,250928,Machalpur,Town Panchayat,451225
2707,23,Madhya Pradesh,299255,Madhusudangarh,Town Panchayat,473287
2708,23,Madhya Pradesh,299299,Magroni,Town Panchayat,473865
2709,23,Madhya Pradesh,250740,Maharajpur,Municipality,471501
2710,23,Madhya Pradesh,250909,Maheshwar,Town Panchayat,451224
2711,23,Madhya Pradesh,250849,Mahidpur,Municipality,456443
2712,23,Madhya Pradesh,250787,Maihar,Municipality,485771
2713,23,Madhya Pradesh,250818,Majhauli,Town Panchayat,486666
2714,23,Madhya Pradesh,263205,Makdon,Town Panchayat,456668
2715,23,Madhya Pradesh,250766,Makronia Buzurg,Municipality,470004
2716,23,Madhya Pradesh,250861,Maksi,Town Panchayat,465106
2717,23,Madhya Pradesh,251042,Malajkhand,Municipality,481116
2718,23,Madhya Pradesh,298924,Malanpur,Town Panchayat,477117
2719,23,Madhya Pradesh,250828,Malhargarh,Town Panchayat,458389
2720,23,Madhya Pradesh,250828,Malhargarh,Town Panchayat,458339
2721,23,Madhya Pradesh,297116,Malthone,Town Panchayat,470441
2722,23,Madhya Pradesh,250826,Manasa,Town Panchayat,466331
2723,23,Madhya Pradesh,250826,Manasa,Town Panchayat,458110
2724,23,Madhya Pradesh,250892,Manawar,Municipality,454446
2725,23,Madhya Pradesh,250889,Mandav,Town Panchayat,454010
2726,23,Madhya Pradesh,250889,Mandav,Town Panchayat,455111
2727,23,Madhya Pradesh,250959,Mandideep,Municipality,462046
2728,23,Madhya Pradesh,289259,Mandla,Municipality,481661
2729,23,Madhya Pradesh,250910,Mandleshwar,Town Panchayat,451221
2730,23,Madhya Pradesh,250833,Mandsaur,Municipality,458001
2731,23,Madhya Pradesh,250793,Mangawan,Town Panchayat,486111
2732,23,Madhya Pradesh,250982,Manjholi Jabalpur,Town Panchayat,483336
2733,23,Madhya Pradesh,250906,Manpur,Town Panchayat,453661
2734,23,Madhya Pradesh,250906,Manpur,Town Panchayat,455111
2735,23,Madhya Pradesh,297136,Manpur (Umaria),Town Panchayat,455111
2736,23,Madhya Pradesh,250689,Mau,Town Panchayat,477222
2737,23,Madhya Pradesh,250796,Mauganj,Town Panchayat,486331
2738,23,Madhya Pradesh,273379,Meghnagar New,Town Panchayat,457779
2739,23,Madhya Pradesh,290392,Mehgaon,Town Panchayat,477557
2740,23,Madhya Pradesh,250905,Mhowgaon,Town Panchayat,453441
2741,23,Madhya Pradesh,250690,Mihona,Town Panchayat,477441
2742,23,Madhya Pradesh,251028,Mohgaon,Town Panchayat,481663
2743,23,Madhya Pradesh,299289,Mohna,Town Panchayat,475330
2744,23,Madhya Pradesh,250677,Morena,Municipal Corporation,476001
2745,23,Madhya Pradesh,248071,Multai,Municipality,460661
2746,23,Madhya Pradesh,250922,Mundi,Town Panchayat,450112
2747,23,Madhya Pradesh,250717,Mungaoli,Town Panchayat,473443
2748,23,Madhya Pradesh,250979,Murwara - Katni,Municipal Corporation,483501
2749,23,Madhya Pradesh,248075,"Nagar Palika, Nainpur",Municipality,481776
2750,23,Madhya Pradesh,250846,Nagda,Municipality,456335
2751,23,Madhya Pradesh,250782,Nagod,Town Panchayat,485446
2752,23,Madhya Pradesh,250834,Nagri,Town Panchayat,458669
2753,23,Madhya Pradesh,250795,Nai-Garhi,Town Panchayat,486340
2754,23,Madhya Pradesh,250855,Nalkheda,Town Panchayat,465445
2755,23,Madhya Pradesh,250842,Namli,Town Panchayat,457222
2756,23,Madhya Pradesh,250829,Narayangarh,Town Panchayat,458553
2757,23,Madhya Pradesh,250974,Narmadapuram,Municipality,461001
2758,23,Madhya Pradesh,250974,Narmadapuram,Municipality,461116
2759,23,Madhya Pradesh,251001,Narsimhapur,Municipality,487001
2760,23,Madhya Pradesh,250937,Narsinghgarh,Municipality,465669
2761,23,Madhya Pradesh,250706,Narwar,Town Panchayat,473880
2762,23,Madhya Pradesh,250951,Nasrullaganj,Town Panchayat,466331
2763,23,Madhya Pradesh,263154,Nayagoan,Town Panchayat,458468
2764,23,Madhya Pradesh,250823,Neemuch,Municipality,458441
2765,23,Madhya Pradesh,274350,Nemawar,Town Panchayat,455111
2766,23,Madhya Pradesh,274350,Nemawar,Town Panchayat,455001
2767,23,Madhya Pradesh,250927,Nepanagar,Municipality,450221
2768,23,Madhya Pradesh,293819,New Ramnagar,Town Panchayat,485881
2769,23,Madhya Pradesh,251018,Newton Chikhli Kalan,Town Panchayat,480557
2770,23,Madhya Pradesh,297118,Niwali Bujurg,Town Panchayat,451770
2771,23,Madhya Pradesh,290382,Niwari,Town Panchayat,472442
2772,23,Madhya Pradesh,290382,Niwari,Town Panchayat,481776
2773,23,Madhya Pradesh,253170,Niwas,Town Panchayat,481885
2774,23,Madhya Pradesh,250738,Nowgong,Municipality,471201
2775,23,Madhya Pradesh,250803,Nowrozabad - Khodargama,Town Panchayat,484555
2776,23,Madhya Pradesh,250960,Obedullaganj,Town Panchayat,464993
2777,23,Madhya Pradesh,250921,Omkareshwar,Town Panchayat,450554
2778,23,Madhya Pradesh,293827,Orchha,Town Panchayat,472246
2779,23,Madhya Pradesh,250935,Pachore,Town Panchayat,465683
2780,23,Madhya Pradesh,290343,Palera,Town Panchayat,472221
2781,23,Madhya Pradesh,250802,Pali,Municipality,484551
2782,23,Madhya Pradesh,253251,Palsud,Town Panchayat,451447
2783,23,Madhya Pradesh,250987,Panagar,Municipality,483220
2784,23,Madhya Pradesh,250924,Pandhana,Town Panchayat,450661
2785,23,Madhya Pradesh,251030,Pandhurna,Municipality,480334
2786,23,Madhya Pradesh,263010,Pankhedi Kalapipal,Town Panchayat,465337
2787,23,Madhya Pradesh,250750,Panna,Municipality,488001
2788,23,Madhya Pradesh,250917,Pansemal,Town Panchayat,451770
2789,23,Madhya Pradesh,253197,Pasan,Municipality,484336
2790,23,Madhya Pradesh,250985,Patan,Town Panchayat,483113
2791,23,Madhya Pradesh,293826,Patera,Town Panchayat,470772
2792,23,Madhya Pradesh,250772,Patharia,Town Panchayat,470666
2793,23,Madhya Pradesh,250754,Pawai,Town Panchayat,488446
2794,23,Madhya Pradesh,250877,Petlawad,Town Panchayat,457773
2795,23,Madhya Pradesh,250683,Phuphkalan,Town Panchayat,477555
2796,23,Madhya Pradesh,250697,Pichhore Gwalior,Town Panchayat,475115
2797,23,Madhya Pradesh,250710,Pichhore Shivpuri,Town Panchayat,473995
2798,23,Madhya Pradesh,290272,Pipalrawan,Town Panchayat,455118
2799,23,Madhya Pradesh,250977,Pipariya,Municipality,461775
2800,23,Madhya Pradesh,290395,Pipla Narayanwar,Town Panchayat,480109
2801,23,Madhya Pradesh,250836,Piploda,Town Panchayat,457331
2802,23,Madhya Pradesh,250830,Piplya Mandi,Town Panchayat,458664
2803,23,Madhya Pradesh,299252,Piprai,Town Panchayat,473440
2804,23,Madhya Pradesh,250888,Pithampur,Municipality,454775
2805,23,Madhya Pradesh,289710,Pohari,Town Panchayat,473775
2806,23,Madhya Pradesh,250864,Polaykalan,Town Panchayat,465116
2807,23,Madhya Pradesh,250676,Porsa,Municipality,476115
2808,23,Madhya Pradesh,293821,Prithvipur,Town Panchayat,472336
2809,23,Madhya Pradesh,300388,Punasa,Town Panchayat,450114
2810,23,Madhya Pradesh,250716,Raghogarh-Vijaypur,Municipality,473226
2811,23,Madhya Pradesh,250761,Rahatgarh,Town Panchayat,470119
2812,23,Madhya Pradesh,250955,Raisen,Municipality,464551
2813,23,Madhya Pradesh,250885,Rajgarh,Municipality,465661
2814,23,Madhya Pradesh,250931,Rajgarh,Town Panchayat,465661
2815,23,Madhya Pradesh,250742,Rajnagar,Town Panchayat,471625
2816,23,Madhya Pradesh,299278,Rajnagar Bangawan,Town Panchayat,484446
2817,23,Madhya Pradesh,250916,Rajpur,Town Panchayat,451447
2818,23,Madhya Pradesh,250825,Rampura,Town Panchayat,458118
2819,23,Madhya Pradesh,250785,Rampur Baghelan,Town Panchayat,485115
2820,23,Madhya Pradesh,248067,Rampur Naikin,Town Panchayat,486775
2821,23,Madhya Pradesh,250883,Ranapur,Town Panchayat,457993
2822,23,Madhya Pradesh,298921,Rannod,Town Panchayat,473781
2823,23,Madhya Pradesh,250820,Ratangarh,Town Panchayat,458226
2824,23,Madhya Pradesh,250843,Ratlam,Municipal Corporation,457001
2825,23,Madhya Pradesh,250904,Rau,Town Panchayat,455111
2826,23,Madhya Pradesh,250904,Rau,Town Panchayat,453331
2827,23,Madhya Pradesh,250769,Rehli,Municipality,470227
2828,23,Madhya Pradesh,250953,Rehti,Town Panchayat,466446
2829,23,Madhya Pradesh,250797,Rewa,Municipal Corporation,486001
2830,23,Madhya Pradesh,298923,Roun,Town Panchayat,476335
2831,23,Madhya Pradesh,250895,Runji -Gautampura,Town Panchayat,453220
2832,23,Madhya Pradesh,250682,Sabalgarh,Municipality,476229
2833,23,Madhya Pradesh,250764,Sagar,Municipal Corporation,470001
2834,23,Madhya Pradesh,250841,Sailana,Town Panchayat,457550
2835,23,Madhya Pradesh,263217,Sainkheda,Town Panchayat,460557
2836,23,Madhya Pradesh,293820,Salichauka,Town Panchayat,487881
2837,23,Madhya Pradesh,262993,Samsabad,Town Panchayat,464111
2838,23,Madhya Pradesh,250908,Sanawad,Municipality,451111
2839,23,Madhya Pradesh,250954,Sanchi,Town Panchayat,464661
2840,23,Madhya Pradesh,300386,Sarai,Town Panchayat,486881
2841,23,Madhya Pradesh,250936,Sarangpur,Municipality,465697
2842,23,Madhya Pradesh,250886,Sardarpur,Town Panchayat,454111
2843,23,Madhya Pradesh,248069,Sarni,Municipality,460447
2844,23,Madhya Pradesh,263155,Sarwaniya Maharaj,Town Panchayat,458220
2845,23,Madhya Pradesh,250746,Satai,Town Panchayat,471408
2846,23,Madhya Pradesh,250781,Satna,Municipal Corporation,485001
2847,23,Madhya Pradesh,250871,Satwas,Town Panchayat,455001
2848,23,Madhya Pradesh,250871,Satwas,Town Panchayat,455111
2849,23,Madhya Pradesh,250871,Satwas,Town Panchayat,455459
2850,23,Madhya Pradesh,251027,Sausar,Municipality,480106
2851,23,Madhya Pradesh,250898,Sawer,Town Panchayat,455111
2852,23,Madhya Pradesh,250898,Sawer,Town Panchayat,453551
2853,23,Madhya Pradesh,250947,Sehore,Municipality,466001
2854,23,Madhya Pradesh,250791,Semaria,Town Panchayat,486445
2855,23,Madhya Pradesh,250919,Sendhwa,Municipality,451666
2856,23,Madhya Pradesh,250701,Seondha,Town Panchayat,475682
2857,23,Madhya Pradesh,251033,Seoni,Municipality,480661
2858,23,Madhya Pradesh,250969,Seoni-Malwa,Municipality,461223
2859,23,Madhya Pradesh,262977,Shadora,Town Panchayat,473330
2860,23,Madhya Pradesh,250807,Shahdol,Municipality,484001
2861,23,Madhya Pradesh,262903,Shahganj,Town Panchayat,466554
2862,23,Madhya Pradesh,250759,Shahgarh,Town Panchayat,470339
2863,23,Madhya Pradesh,298920,Shahpur,Town Panchayat,460440
2864,23,Madhya Pradesh,251003,Shahpura,Town Panchayat,483119
2865,23,Madhya Pradesh,250986,Shahpura Dindori,Town Panchayat,481990
2866,23,Madhya Pradesh,250926,Shahpur Burhanpur,Town Panchayat,450445
2867,23,Madhya Pradesh,250965,Shahpur Sagar,Town Panchayat,470669
2868,23,Madhya Pradesh,250860,Shajapur,Municipality,465001
2869,23,Madhya Pradesh,250832,Shamgarh,Town Panchayat,458883
2870,23,Madhya Pradesh,250673,Sheopur,Municipality,476337
2871,23,Madhya Pradesh,250705,Shivpuri,Municipality,473551
2872,23,Madhya Pradesh,250862,Shujalpur,Municipality,465333
2873,23,Madhya Pradesh,248065,Sidhi,Municipality,486661
2874,23,Madhya Pradesh,250983,Sihora,Municipality,483225
2875,23,Madhya Pradesh,250983,Sihora,Municipality,487441
2876,23,Madhya Pradesh,253125,Silwani,Town Panchayat,461111
2877,23,Madhya Pradesh,253125,Silwani,Town Panchayat,464886
2878,23,Madhya Pradesh,250819,Singoli,Town Panchayat,458228
2879,23,Madhya Pradesh,248066,Singrauli,Municipal Corporation,486889
2880,23,Madhya Pradesh,298918,Sirali,Town Panchayat,461335
2881,23,Madhya Pradesh,250790,Sirmaur,Town Panchayat,486448
2882,23,Madhya Pradesh,250941,Sironj,Municipality,464228
2883,23,Madhya Pradesh,250835,Sitamau,Town Panchayat,458990
2884,23,Madhya Pradesh,250976,Sohagpur,Town Panchayat,461771
2885,23,Madhya Pradesh,250866,Sonkatch,Town Panchayat,455001
2886,23,Madhya Pradesh,250866,Sonkatch,Town Panchayat,455118
2887,23,Madhya Pradesh,250866,Sonkatch,Town Panchayat,455111
2888,23,Madhya Pradesh,250853,Soyatkalan,Town Panchayat,465449
2889,23,Madhya Pradesh,250958,Sultanpur,Town Panchayat,464986
2890,23,Madhya Pradesh,298934,Surkhi,Town Panchayat,470221
2891,23,Madhya Pradesh,250854,Susner,Town Panchayat,465447
2892,23,Madhya Pradesh,250933,Suthaliya,Town Panchayat,465677
2893,23,Madhya Pradesh,290381,Suwasra,Town Panchayat,458888
2894,23,Madhya Pradesh,250840,Tal,Town Panchayat,457118
2895,23,Madhya Pradesh,250939,Talen,Town Panchayat,465680
2896,23,Madhya Pradesh,250850,Tarana,Town Panchayat,456665
2897,23,Madhya Pradesh,293818,Taricharkala,Town Panchayat,472445
2898,23,Madhya Pradesh,290462,Tendukheda- Damoh,Town Panchayat,470880
2899,23,Madhya Pradesh,290429,Tendukheda- Narsimhapur,Town Panchayat,487337
2900,23,Madhya Pradesh,250789,Teonthar,Town Panchayat,486220
2901,23,Madhya Pradesh,250876,Thandla,Town Panchayat,457777
2902,23,Madhya Pradesh,297119,Thikri,Town Panchayat,451660
2903,23,Madhya Pradesh,290285,Tikamgarh,Municipality,472001
2904,23,Madhya Pradesh,250968,Timarni,Town Panchayat,461228
2905,23,Madhya Pradesh,290271,Tonk Khurd,Town Panchayat,455111
2906,23,Madhya Pradesh,290271,Tonk Khurd,Town Panchayat,455116
2907,23,Madhya Pradesh,250963,Udaipura,Town Panchayat,464770
2908,23,Madhya Pradesh,250851,Ujjain,Municipal Corporation,456010
2909,23,Madhya Pradesh,250851,Ujjain,Municipal Corporation,456001
2910,23,Madhya Pradesh,250801,Umaria,Municipality,484661
2911,23,Madhya Pradesh,250783,Unchahara,Town Panchayat,485661
2912,23,Madhya Pradesh,250847,Unhel,Town Panchayat,456221
2913,23,Madhya Pradesh,250944,Vidisha,Municipality,464001
2914,23,Madhya Pradesh,250672,Vijaypur,Town Panchayat,476332
2915,23,Madhya Pradesh,250981,Vijayraghavgarh,Town Panchayat,483775
2916,23,Madhya Pradesh,251037,Waraseoni,Municipality,481331
2917,27,Maharashtra,251323,Achalpur,Municipality,444806
2918,27,Maharashtra,276327,Aheri,Nagar Panchayat,442705
2919,27,Maharashtra,251548,Ahmadnagar,Municipal Corporation,414003
2920,27,Maharashtra,251548,Ahmadnagar,Municipal Corporation,414001
2921,27,Maharashtra,251562,Ahmadpur,Municipality,413515
2922,27,Maharashtra,251630,Ajara,Nagar Panchayat,416505
2923,27,Maharashtra,251581,Akkalkot,Municipality,413216
2924,27,Maharashtra,300383,Akluj,Municipality,413101
2925,27,Maharashtra,251312,Akola,Municipal Corporation,444001
2926,27,Maharashtra,275728,Akole,Nagar Panchayat,422601
2927,27,Maharashtra,251310,Akot,Municipality,444101
2928,27,Maharashtra,251521,Alandi,Municipality,412105
2929,27,Maharashtra,251503,Alibag,Municipality,402201
2930,27,Maharashtra,251294,Amalner,Municipality,425401
2931,27,Maharashtra,251424,Ambad,Municipality,431002
2932,27,Maharashtra,251424,Ambad,Municipality,431204
2933,27,Maharashtra,251560,Ambajogai,Municipality,431517
2934,27,Maharashtra,251485,Ambarnath,Municipality,421501
2935,27,Maharashtra,276364,Amgaon,Municipality,441902
2936,27,Maharashtra,251328,Amravati,Municipal Corporation,444606
2937,27,Maharashtra,251328,Amravati,Municipal Corporation,444605
2938,27,Maharashtra,251328,Amravati,Municipal Corporation,444604
2939,27,Maharashtra,251328,Amravati,Municipal Corporation,444607
2940,27,Maharashtra,251328,Amravati,Municipal Corporation,444603
2941,27,Maharashtra,251328,Amravati,Municipal Corporation,444602
2942,27,Maharashtra,251328,Amravati,Municipal Corporation,444601
2943,27,Maharashtra,300382,Angar,Nagar Panchayat,413214
2944,27,Maharashtra,251322,Anjangaon,Municipality,444705
2945,27,Maharashtra,258020,Ardhapur,Nagar Panchayat,431704
2946,27,Maharashtra,276366,Arjuni,Nagar Panchayat,441807
2947,27,Maharashtra,276366,Arjuni,Nagar Panchayat,441702
2948,27,Maharashtra,276366,Arjuni,Nagar Panchayat,441701
2949,27,Maharashtra,259703,Arni,Municipality,445103
2950,27,Maharashtra,251332,Arvi,Municipality,442201
2951,27,Maharashtra,251634,Ashta,Municipality,416301
2952,27,Maharashtra,275734,Ashti,Nagar Panchayat,431507
2953,27,Maharashtra,276380,Ashti (Wardha),Nagar Panchayat,442202
2954,27,Maharashtra,300410,Atpadi,Nagar Panchayat,415301
2955,27,Maharashtra,296909,Aundha Nagnath,Nagar Panchayat,431705
2956,27,Maharashtra,251428,Aurangabad,Municipal Corporation,431001
2957,27,Maharashtra,251563,Ausa,Municipality,413520
2958,27,Maharashtra,272842,Babhulgaon Nagar Panchayat,Nagar Panchayat,445101
2959,27,Maharashtra,251486,Badlapur,Municipality,421503
2960,27,Maharashtra,276369,Badnapur,Nagar Panchayat,431202
2961,27,Maharashtra,301085,Bahadura Nagar Panchayat,Nagar Panchayat,440034
2962,27,Maharashtra,251311,Balapur,Municipality,444302
2963,27,Maharashtra,251381,Ballarpur,Municipality,442701
2964,27,Maharashtra,251536,Baramati,Municipality,413102
2965,27,Maharashtra,251576,Barshi,Municipality,413401
2966,27,Maharashtra,276332,Barshitakli,Nagar Panchayat,444401
2967,27,Maharashtra,251413,Basmath,Municipality,431512
2968,27,Maharashtra,301078,Besa Pipla Nagar Panchayat,Nagar Panchayat,440037
2969,27,Maharashtra,253140,Bhadgaon,Municipality,424105
2970,27,Maharashtra,251375,Bhadravati,Municipality,442902
2971,27,Maharashtra,251444,Bhagur,Municipality,422502
2972,27,Maharashtra,276283,Bhamragad,Nagar Panchayat,442710
2973,27,Maharashtra,248078,Bhandara,Municipality,441904
2974,27,Maharashtra,248078,Bhandara,Municipality,441924
2975,27,Maharashtra,276290,Bhatkuli,Nagar Panchayat,444602
2976,27,Maharashtra,300392,Bhisi,Nagar Panchayat,442920
2977,27,Maharashtra,251477,Bhiwandi,Municipal Corporation,421302
2978,27,Maharashtra,251477,Bhiwandi,Municipal Corporation,421308
2979,27,Maharashtra,263363,Bhiwapur,Nagar Panchayat,441201
2980,27,Maharashtra,259697,Bhokar,Municipality,413739
2981,27,Maharashtra,251422,Bhokardan,Municipality,431114
2982,27,Maharashtra,251422,Bhokardan,Municipality,431002
2983,27,Maharashtra,251535,Bhor,Municipality,412206
2984,27,Maharashtra,251567,Bhum,Municipality,413504
2985,27,Maharashtra,251290,Bhusawal,Municipality,425201
2986,27,Maharashtra,251557,Bid,Municipality,431122
2987,27,Maharashtra,251406,Biloli,Municipality,431710
2988,27,Maharashtra,276272,Bodwad,Nagar Panchayat,425310
2989,27,Maharashtra,251373,Brahmapuri,Municipality,441206
2990,27,Maharashtra,251305,Buldana,Municipality,443001
2991,27,Maharashtra,277411,Butibori,Nagar Panchayat,441122
2992,27,Maharashtra,251520,Chakan,Municipality,410501
2993,27,Maharashtra,276375,Chakur,Nagar Panchayat,413513
2994,27,Maharashtra,251296,Chalisgaon,Municipality,424101
2995,27,Maharashtra,276329,Chamorshi,Nagar Panchayat,442603
2996,27,Maharashtra,290433,Chandgad.,Nagar Panchayat,416509
2997,27,Maharashtra,248082,Chandrapur,Municipal Corporation,442402
2998,27,Maharashtra,248082,Chandrapur,Municipal Corporation,442401
2999,27,Maharashtra,251330,Chandur,Municipality,444904
3000,27,Maharashtra,251324,Chandurbazar,Municipality,444704
3001,27,Maharashtra,276281,Chandwad,Municipality,423101
3002,27,Maharashtra,276634,Chikhaldara,Municipality,444807
3003,27,Maharashtra,251304,Chikhli,Municipality,443201
3004,27,Maharashtra,265713,Chimur,Municipality,442903
3005,27,Maharashtra,251602,Chiplun,Municipality,415605
3006,27,Maharashtra,251283,Chopda,Municipality,425107
3007,27,Maharashtra,251451,Dahanu,Municipality,401602
3008,27,Maharashtra,276417,Dahiwadi,Nagar Panchayat,415508
3009,27,Maharashtra,251599,Dapoli Camp,Nagar Panchayat,415712
3010,27,Maharashtra,251389,Darwha,Municipality,445202
3011,27,Maharashtra,251329,Daryapur Banosa,Municipality,444803
3012,27,Maharashtra,251331,Dattapur Dhamangaon,Municipality,444709
3013,27,Maharashtra,251531,Daund,Municipality,413801
3014,27,Maharashtra,251410,Deglur,Municipality,431717
3015,27,Maharashtra,298888,Dehu,Nagar Panchayat,412109
3016,27,Maharashtra,276277,Deola,Nagar Panchayat,423102
3017,27,Maharashtra,251552,Deolali Pravara,Municipality,413716
3018,27,Maharashtra,251337,Deoli,Municipality,442101
3019,27,Maharashtra,276377,Deoni (Bk),Nagar Panchayat,413519
3020,27,Maharashtra,276363,Deori,Nagar Panchayat,441902
3021,27,Maharashtra,276363,Deori,Nagar Panchayat,441901
3022,27,Maharashtra,251306,Deulgaon Raja,Municipality,443204
3023,27,Maharashtra,276321,Devgad-Jamsande,Nagar Panchayat,416613
3024,27,Maharashtra,259684,Devrukh,Nagar Panchayat,415804
3025,27,Maharashtra,276345,Dhadgaon,Nagar Panchayat,425414
3026,27,Maharashtra,290430,Dhanki,Nagar Panchayat,445207
3027,27,Maharashtra,276284,Dhanora,Nagar Panchayat,442606
3028,27,Maharashtra,251293,Dharangaon,Municipality,423601
3029,27,Maharashtra,251293,Dharangaon,Municipality,425105
3030,27,Maharashtra,251404,Dharmabad,Municipality,431809
3031,27,Maharashtra,276292,Dharni,Nagar Panchayat,444702
3032,27,Maharashtra,251282,Dhule,Municipal Corporation,424002
3033,27,Maharashtra,251282,Dhule,Municipal Corporation,424001
3034,27,Maharashtra,251282,Dhule,Municipal Corporation,424311
3035,27,Maharashtra,251390,Digras,Municipality,445203
3036,27,Maharashtra,276276,Dindori,Nagar Panchayat,422202
3037,27,Maharashtra,251281,Dondaicha-Warwade,Municipality,425408
3038,27,Maharashtra,251583,Dudhani,Municipality,413220
3039,27,Maharashtra,251292,Erandol,Municipality,425109
3040,27,Maharashtra,276330,Etapalli,Nagar Panchayat,442704
3041,27,Maharashtra,251285,Faizpur,Municipality,425503
3042,27,Maharashtra,276353,Fulambri,Nagar Panchayat,431111
3043,27,Maharashtra,303134,Fursungi Uruli Devachi,Municipality,412308
3044,27,Maharashtra,265791,Gadchandur Nagar Parishad,Municipality,442908
3045,27,Maharashtra,251631,Gadhinglaj,Municipality,416502
3046,27,Maharashtra,251420,Gangakhed,Municipality,431514
3047,27,Maharashtra,251432,Gangapur,Municipality,431002
3048,27,Maharashtra,251432,Gangapur,Municipality,431109
3049,27,Maharashtra,251555,Georai,Municipality,431127
3050,27,Maharashtra,276370,Ghansawangi,Nagar Panchayat,431209
3051,27,Maharashtra,251394,Ghatanji,Municipality,445301
3052,27,Maharashtra,298902,Ghugus,Municipality,442505
3053,27,Maharashtra,251371,Gondiya,Municipality,441601
3054,27,Maharashtra,276358,Gondpimpri,Nagar Panchayat,442702
3055,27,Maharashtra,251510,Goregaon,Nagar Panchayat,402103
3056,27,Maharashtra,251510,Goregaon,Nagar Panchayat,441801
3057,27,Maharashtra,251488,Greater Mumbai,Municipal Corporation,400021
3058,27,Maharashtra,251488,Greater Mumbai,Municipal Corporation,400006
3059,27,Maharashtra,251488,Greater Mumbai,Municipal Corporation,400007
3060,27,Maharashtra,251488,Greater Mumbai,Municipal Corporation,400004
3061,27,Maharashtra,251488,Greater Mumbai,Municipal Corporation,400008
3062,27,Maharashtra,251488,Greater Mumbai,Municipal Corporation,400009
3063,27,Maharashtra,251488,Greater Mumbai,Municipal Corporation,400003
3064,27,Maharashtra,251488,Greater Mumbai,Municipal Corporation,400002
3065,27,Maharashtra,251488,Greater Mumbai,Municipal Corporation,400001
3066,27,Maharashtra,251488,Greater Mumbai,Municipal Corporation,400037
3067,27,Maharashtra,251488,Greater Mumbai,Municipal Corporation,400035
3068,27,Maharashtra,251488,Greater Mumbai,Municipal Corporation,400034
3069,27,Maharashtra,251488,Greater Mumbai,Municipal Corporation,400033
3070,27,Maharashtra,251488,Greater Mumbai,Municipal Corporation,400032
3071,27,Maharashtra,251488,Greater Mumbai,Municipal Corporation,400031
3072,27,Maharashtra,251488,Greater Mumbai,Municipal Corporation,400030
3073,27,Maharashtra,251488,Greater Mumbai,Municipal Corporation,400027
3074,27,Maharashtra,251488,Greater Mumbai,Municipal Corporation,400026
3075,27,Maharashtra,251488,Greater Mumbai,Municipal Corporation,400025
3076,27,Maharashtra,251488,Greater Mumbai,Municipal Corporation,400005
3077,27,Maharashtra,251488,Greater Mumbai,Municipal Corporation,400020
3078,27,Maharashtra,251488,Greater Mumbai,Municipal Corporation,400018
3079,27,Maharashtra,251488,Greater Mumbai,Municipal Corporation,400017
3080,27,Maharashtra,251488,Greater Mumbai,Municipal Corporation,400016
3081,27,Maharashtra,251488,Greater Mumbai,Municipal Corporation,400015
3082,27,Maharashtra,251488,Greater Mumbai,Municipal Corporation,400014
3083,27,Maharashtra,251488,Greater Mumbai,Municipal Corporation,400013
3084,27,Maharashtra,251488,Greater Mumbai,Municipal Corporation,400012
3085,27,Maharashtra,251488,Greater Mumbai,Municipal Corporation,400011
3086,27,Maharashtra,251488,Greater Mumbai,Municipal Corporation,400010
3087,27,Maharashtra,251604,Guhagar,Nagar Panchayat,415703
3088,27,Maharashtra,251399,Hadgaon,Municipality,431712
3089,27,Maharashtra,290434,Hatkanangale.,Nagar Panchayat,416109
3090,27,Maharashtra,276606,Himayatnagar Nagarpanchayat,Nagar Panchayat,431802
3091,27,Maharashtra,251338,Hinganghat,Municipality,442301
3092,27,Maharashtra,263362,Hingna,Nagar Panchayat,441110
3093,27,Maharashtra,251411,Hingoli,Municipality,431513
3094,27,Maharashtra,303119,Hiwarkhed,Municipality,444905
3095,27,Maharashtra,276296,Hupari,Municipality,416203
3096,27,Maharashtra,251619,Ichalkaranji,Municipal Corporation,416115
3097,27,Maharashtra,251445,Igatpuri,Municipality,422403
3098,27,Maharashtra,251537,Indapur,Municipality,413106
3099,27,Maharashtra,276372,Jafrabad,Nagar Panchayat,431206
3100,27,Maharashtra,276571,Jalgaon,Municipal Corporation,425002
3101,27,Maharashtra,276571,Jalgaon,Municipal Corporation,425004
3102,27,Maharashtra,251298,Jalgaon - Jamod,Municipality,443402
3103,27,Maharashtra,276373,Jalkot,Nagar Panchayat,413532
3104,27,Maharashtra,251423,Jalna,Municipal Corporation,431203
3105,27,Maharashtra,251423,Jalna,Municipal Corporation,431002
3106,27,Maharashtra,251554,Jamkhed,Municipality,413201
3107,27,Maharashtra,253139,Jamner,Municipality,424206
3108,27,Maharashtra,259699,Jath,Municipality,416404
3109,27,Maharashtra,251453,Jawhar,Municipality,401603
3110,27,Maharashtra,251621,Jaysingpur,Municipality,416101
3111,27,Maharashtra,251533,Jejuri,Municipality,412303
3112,27,Maharashtra,251415,Jintur,Municipality,431509
3113,27,Maharashtra,276355,Jiwati,Nagar Panchayat,442908
3114,27,Maharashtra,251516,Junnar,Municipality,410502
3115,27,Maharashtra,290358,Kadegaon.,Nagar Panchayat,415304
3116,27,Maharashtra,290358,Kadegaon.,Nagar Panchayat,441101
3117,27,Maharashtra,251628,Kagal,Municipality,416216
3118,27,Maharashtra,259696,Kaij,Nagar Panchayat,431123
3119,27,Maharashtra,251568,Kalamb,Municipality,413507
3120,27,Maharashtra,266073,Kalamb Nagar Panchayat,Nagar Panchayat,445401
3121,27,Maharashtra,266073,Kalamb Nagar Panchayat,Nagar Panchayat,413507
3122,27,Maharashtra,251342,Kalameshwar,Municipality,441501
3123,27,Maharashtra,251412,Kalamnuri,Municipality,431702
3124,27,Maharashtra,251412,Kalamnuri,Municipality,431701
3125,27,Maharashtra,276278,Kalwan,Nagar Panchayat,423501
3126,27,Maharashtra,251483,Kalyan-Dombivli,Municipal Corporation,421201
3127,27,Maharashtra,251483,Kalyan-Dombivli,Municipal Corporation,421306
3128,27,Maharashtra,251483,Kalyan-Dombivli,Municipal Corporation,421605
3129,27,Maharashtra,251483,Kalyan-Dombivli,Municipal Corporation,421301
3130,27,Maharashtra,251483,Kalyan-Dombivli,Municipal Corporation,421102
3131,27,Maharashtra,251483,Kalyan-Dombivli,Municipal Corporation,421203
3132,27,Maharashtra,251356,Kamptee,Municipality,441002
3133,27,Maharashtra,251356,Kamptee,Municipality,441001
3134,27,Maharashtra,251408,Kandhar,Municipality,431714
3135,27,Maharashtra,301086,Kandri Kanhan Nagar Panchayat,Nagar Panchayat,301086
3136,27,Maharashtra,251350,Kanhan - Pipri,Municipality,441401
3137,27,Maharashtra,251609,Kankavli,Nagar Panchayat,416602
3138,27,Maharashtra,251426,Kannad,Municipality,431103
3139,27,Maharashtra,251426,Kannad,Municipality,431002
3140,27,Maharashtra,251598,Karad,Municipality,415110
3141,27,Maharashtra,251318,Karanja,Municipality,444105
3142,27,Maharashtra,276633,Karanja Wardha,Nagar Panchayat,442203
3143,27,Maharashtra,251498,Karjat,Municipality,410201
3144,27,Maharashtra,275729,Karjat,Nagar Panchayat,414402
3145,27,Maharashtra,275729,Karjat,Nagar Panchayat,410201
3146,27,Maharashtra,251574,Karmala,Municipality,413203
3147,27,Maharashtra,263884,Kasai Dodamarg,Nagar Panchayat,416512
3148,27,Maharashtra,251341,Katol,Municipality,441302
3149,27,Maharashtra,276346,Kavthemahankal,Nagar Panchayat,416405
3150,27,Maharashtra,276267,Khalapur,Nagar Panchayat,410202
3151,27,Maharashtra,251302,Khamgaon,Municipality,444303
3152,27,Maharashtra,276348,Khanapur,Nagar Panchayat,415307
3153,27,Maharashtra,276348,Khanapur,Nagar Panchayat,411025
3154,27,Maharashtra,276383,Khandala,Nagar Panchayat,412802
3155,27,Maharashtra,251345,Khapa,Municipality,441101
3156,27,Maharashtra,251601,Khed,Municipality,415709
3157,27,Maharashtra,251501,Khopoli,Municipality,410203
3158,27,Maharashtra,251430,Khuldabad,Municipality,431002
3159,27,Maharashtra,251430,Khuldabad,Municipality,431101
3160,27,Maharashtra,251558,Kille Dharur,Municipality,431124
3161,27,Maharashtra,251398,Kinwat,Municipality,431804
3162,27,Maharashtra,251625,Kolhapur,Municipal Corporation,416006
3163,27,Maharashtra,251625,Kolhapur,Municipal Corporation,416007
3164,27,Maharashtra,251625,Kolhapur,Municipal Corporation,416003
3165,27,Maharashtra,251625,Kolhapur,Municipal Corporation,416012
3166,27,Maharashtra,251625,Kolhapur,Municipal Corporation,416001
3167,27,Maharashtra,251540,Kopargaon,Municipality,423601
3168,27,Maharashtra,276381,Koregaon,Nagar Panchayat,415501
3169,27,Maharashtra,276357,Korpana,Nagar Panchayat,442916
3170,27,Maharashtra,251612,Kudal,Nagar Panchayat,416520
3171,27,Maharashtra,263364,Kuhi Nagar Parishad,Nagar Panchayat,441202
3172,27,Maharashtra,251405,Kundalwadi,Municipality,431711
3173,27,Maharashtra,251575,Kurduvadi,Municipality,413208
3174,27,Maharashtra,276286,Kurkheda,Nagar Panchayat,441209
3175,27,Maharashtra,251622,Kurundvad,Municipality,416106
3176,27,Maharashtra,276324,Lakhandur,Nagar Panchayat,441803
3177,27,Maharashtra,276323,Lakhani,Nagar Panchayat,441804
3178,27,Maharashtra,276323,Lakhani,Nagar Panchayat,441805
3179,27,Maharashtra,251607,Lanja,Nagar Panchayat,416701
3180,27,Maharashtra,251561,Latur,Municipal Corporation,413512
3181,27,Maharashtra,251407,Loha,Municipality,431708
3182,27,Maharashtra,276313,Lohara (Bk),Nagar Panchayat,445002
3183,27,Maharashtra,276313,Lohara (Bk),Nagar Panchayat,413608
3184,27,Maharashtra,276414,Lonand,Nagar Panchayat,415521
3185,27,Maharashtra,251308,Lonar,Municipality,443302
3186,27,Maharashtra,251526,Lonavala,Municipality,410401
3187,27,Maharashtra,276302,Madha,Nagar Panchayat,413209
3188,27,Maharashtra,251584,Mahabaleshwar,Municipality,412806
3189,27,Maharashtra,251513,Mahad,Municipality,402301
3190,27,Maharashtra,251358,Mahadula,Nagar Panchayat,441106
3191,27,Maharashtra,276309,Mahagaon,Nagar Panchayat,445205
3192,27,Maharashtra,298893,Mahalung Shripur,Municipality,413112
3193,27,Maharashtra,258024,Mahur,Nagar Panchayat,431721
3194,27,Maharashtra,251582,Maindargi,Municipality,413217
3195,27,Maharashtra,251556,Majalgaon,Municipality,431131
3196,27,Maharashtra,251438,Malegaon,Municipal Corporation,423203
3197,27,Maharashtra,276293,Malegaon,Nagar Panchayat,444503
3198,27,Maharashtra,276293,Malegaon,Nagar Panchayat,413115
3199,27,Maharashtra,300394,Malegaon Budruk,Nagar Panchayat,413115
3200,27,Maharashtra,251301,Malkapur,Municipality,443101
3201,27,Maharashtra,251314,Malkapur,Nagar Panchayat,415539
3202,27,Maharashtra,251614,Malkapur-Kolhapur,Municipality,415101
3203,27,Maharashtra,276303,Malshiras,Nagar Panchayat,413107
3204,27,Maharashtra,251610,Malwan,Municipality,416606
3205,27,Maharashtra,300391,Manchar,Nagar Panchayat,410503
3206,27,Maharashtra,276295,Mandangad,Nagar Panchayat,415203
3207,27,Maharashtra,251580,Mangalvedhe,Municipality,413305
3208,27,Maharashtra,276268,Mangaon,Nagar Panchayat,402104
3209,27,Maharashtra,251317,Mangrulpir,Municipality,444403
3210,27,Maharashtra,251440,Manmad,Municipality,423104
3211,27,Maharashtra,276294,Manora,Nagar Panchayat,444404
3212,27,Maharashtra,276371,Mantha,Nagar Panchayat,431504
3213,27,Maharashtra,251417,Manwath,Municipality,431505
3214,27,Maharashtra,276310,Maregaon,Nagar Panchayat,445303
3215,27,Maharashtra,251497,Matheran,Municipality,410102
3216,27,Maharashtra,276415,Medha,Nagar Panchayat,415012
3217,27,Maharashtra,251303,Mehkar,Municipality,443301
3218,27,Maharashtra,251512,Mhasla,Nagar Panchayat,402105
3219,27,Maharashtra,251589,Mhaswad,Municipality,415509
3220,27,Maharashtra,251470,Mira-Bhayandar,Municipal Corporation,401107
3221,27,Maharashtra,276325,Mohadi,Nagar Panchayat,441909
3222,27,Maharashtra,276301,Mohol,Municipality,413213
3223,27,Maharashtra,251343,Mohpa,Municipality,441502
3224,27,Maharashtra,276317,Mokhada,Nagar Panchayat,401604
3225,27,Maharashtra,251325,Morshi,Municipality,444905
3226,27,Maharashtra,276275,Motala,Nagar Panchayat,443103
3227,27,Maharashtra,259672,Mouda,Nagar Panchayat,441104
3228,27,Maharashtra,251339,Mowad,Municipality,441303
3229,27,Maharashtra,251402,Mudkhed,Municipality,431806
3230,27,Maharashtra,251409,Mukhed,Municipality,431715
3231,27,Maharashtra,276421,Muktainagar,Nagar Panchayat,425306
3232,27,Maharashtra,251382,Mul,Municipality,441224
3233,27,Maharashtra,276287,Mulchera,Nagar Panchayat,442919
3234,27,Maharashtra,297866,Municipal Council Armori,Municipality,441208
3235,27,Maharashtra,248081,Municipal Council Desaiganj ( Wadsa),Municipality,441207
3236,27,Maharashtra,248080,Municipal Council Gadchiroli,Municipality,442605
3237,27,Maharashtra,251487,Murbad,Nagar Panchayat,421401
3238,27,Maharashtra,251629,Murgud,Municipality,416219
3239,27,Maharashtra,251315,Murtijapur,Municipality,444107
3240,27,Maharashtra,251504,Murud,Municipality,402401
3241,27,Maharashtra,251572,Murum,Municipality,413605
3242,27,Maharashtra,276361,Nagbhid Muncipal Council,Municipality,441205
3243,27,Maharashtra,251362,Nagpur,Municipal Corporation,440001
3244,27,Maharashtra,251362,Nagpur,Municipal Corporation,440029
3245,27,Maharashtra,276623,Naigaon (Khairgaon),Nagar Panchayat,431709
3246,27,Maharashtra,251571,Naldurg,Municipality,413602
3247,27,Maharashtra,251401,Nanded-Waghala,Municipal Corporation,431601
3248,27,Maharashtra,251439,Nandgaon,Municipality,423106
3249,27,Maharashtra,276291,Nandgaon Khandeshwar,Nagar Panchayat,444708
3250,27,Maharashtra,251300,Nandura,Municipality,443404
3251,27,Maharashtra,251278,Nandurbar,Municipality,425412
3252,27,Maharashtra,251340,Narkhed,Municipality,441304
3253,27,Maharashtra,251442,Nashik,Municipal Corporation,422007
3254,27,Maharashtra,251442,Nashik,Municipal Corporation,422001
3255,27,Maharashtra,251442,Nashik,Municipal Corporation,422002
3256,27,Maharashtra,251442,Nashik,Municipal Corporation,422101
3257,27,Maharashtra,251442,Nashik,Municipal Corporation,422004
3258,27,Maharashtra,251442,Nashik,Municipal Corporation,422006
3259,27,Maharashtra,251442,Nashik,Municipal Corporation,422013
3260,27,Maharashtra,251442,Nashik,Municipal Corporation,422005
3261,27,Maharashtra,251442,Nashik,Municipal Corporation,422009
3262,27,Maharashtra,251442,Nashik,Municipal Corporation,422003
3263,27,Maharashtra,251442,Nashik,Municipal Corporation,422010
3264,27,Maharashtra,251442,Nashik,Municipal Corporation,422011
3265,27,Maharashtra,251442,Nashik,Municipal Corporation,422012
3266,27,Maharashtra,300384,Natepute,Nagar Panchayat,413214
3267,27,Maharashtra,300384,Natepute,Nagar Panchayat,413109
3268,27,Maharashtra,251472,Navi Mumbai,Municipal Corporation,400614
3269,27,Maharashtra,251279,Nawapur,Municipality,425418
3270,27,Maharashtra,259704,Ner Nababpur,Municipality,445102
3271,27,Maharashtra,276320,Nevasa,Nagar Panchayat,414603
3272,27,Maharashtra,251564,Nilanga,Municipality,413521
3273,27,Maharashtra,276279,Niphad,Nagar Panchayat,422303
3274,27,Maharashtra,251569,Osmanabad,Municipality,413501
3275,27,Maharashtra,251297,Pachora,Municipality,424201
3276,27,Maharashtra,251433,Paithan,Municipality,431107
3277,27,Maharashtra,251433,Paithan,Municipality,431002
3278,27,Maharashtra,276297,Palam,Nagar Panchayat,431720
3279,27,Maharashtra,251460,Palghar,Municipality,401404
3280,27,Maharashtra,300027,Pali,Nagar Panchayat,410205
3281,27,Maharashtra,276350,Palus,Municipality,416310
3282,27,Maharashtra,251585,Panchgani,Municipality,412805
3283,27,Maharashtra,251395,Pandharkawda,Municipality,445302
3284,27,Maharashtra,297006,Pandharpur,Municipality,413304
3285,27,Maharashtra,251615,Panhala,Municipality,416201
3286,27,Maharashtra,251492,Panvel,Municipal Corporation,410206
3287,27,Maharashtra,251566,Paranda,Municipality,413502
3288,27,Maharashtra,251416,Parbhani,Municipal Corporation,431401
3289,27,Maharashtra,251559,Parli,Municipality,431515
3290,27,Maharashtra,275730,Parner,Nagar Panchayat,414302
3291,27,Maharashtra,251295,Parola,Municipality,425111
3292,27,Maharashtra,276305,Parshivni,Nagar Panchayat,441105
3293,27,Maharashtra,251425,Partur,Municipality,431501
3294,27,Maharashtra,251596,Patan,Nagar Panchayat,415206
3295,27,Maharashtra,251546,Pathardi,Municipality,414102
3296,27,Maharashtra,251418,Pathri,Municipality,431506
3297,27,Maharashtra,275732,Patoda.,Nagar Panchayat,414204
3298,27,Maharashtra,251316,Patur,Municipality,444501
3299,27,Maharashtra,248077,Pauni,Municipality,441910
3300,27,Maharashtra,248077,Pauni,Municipality,441903
3301,27,Maharashtra,251502,Pen,Municipality,402107
3302,27,Maharashtra,276280,Peth,Nagar Panchayat,422208
3303,27,Maharashtra,251403,Peth Umri,Municipality,431807
3304,27,Maharashtra,251588,Phaltan,Municipality,415523
3305,27,Maharashtra,303075,Pimpalgaon Baswant,Municipality,422209
3306,27,Maharashtra,303133,Pimpalner Nagar Pnchayat,Nagar Panchayat,424306
3307,27,Maharashtra,251528,Pimpri Chinchwad,Municipal Corporation,411017
3308,27,Maharashtra,251528,Pimpri Chinchwad,Municipal Corporation,411018
3309,27,Maharashtra,251528,Pimpri Chinchwad,Municipal Corporation,411044
3310,27,Maharashtra,251528,Pimpri Chinchwad,Municipal Corporation,411034
3311,27,Maharashtra,251528,Pimpri Chinchwad,Municipal Corporation,411012
3312,27,Maharashtra,251528,Pimpri Chinchwad,Municipal Corporation,411015
3313,27,Maharashtra,251528,Pimpri Chinchwad,Municipal Corporation,411033
3314,27,Maharashtra,251528,Pimpri Chinchwad,Municipal Corporation,411031
3315,27,Maharashtra,251528,Pimpri Chinchwad,Municipal Corporation,411039
3316,27,Maharashtra,251528,Pimpri Chinchwad,Municipal Corporation,411027
3317,27,Maharashtra,251528,Pimpri Chinchwad,Municipal Corporation,411026
3318,27,Maharashtra,251528,Pimpri Chinchwad,Municipal Corporation,411019
3319,27,Maharashtra,251528,Pimpri Chinchwad,Municipal Corporation,411062
3320,27,Maharashtra,251528,Pimpri Chinchwad,Municipal Corporation,411035
3321,27,Maharashtra,251528,Pimpri Chinchwad,Municipal Corporation,411061
3322,27,Maharashtra,251528,Pimpri Chinchwad,Municipal Corporation,411070
3323,27,Maharashtra,276636,Poladpur,Nagar Panchayat,402303
3324,27,Maharashtra,276359,Pombhurna,Nagar Panchayat,442918
3325,27,Maharashtra,251336,Pulgaon,Municipality,442302
3326,27,Maharashtra,251530,Pune,Municipal Corporation,411032
3327,27,Maharashtra,251530,Pune,Municipal Corporation,412308
3328,27,Maharashtra,251530,Pune,Municipal Corporation,412307
3329,27,Maharashtra,251530,Pune,Municipal Corporation,412207
3330,27,Maharashtra,251530,Pune,Municipal Corporation,411068
3331,27,Maharashtra,251530,Pune,Municipal Corporation,411067
3332,27,Maharashtra,251530,Pune,Municipal Corporation,411060
3333,27,Maharashtra,251530,Pune,Municipal Corporation,411058
3334,27,Maharashtra,251530,Pune,Municipal Corporation,411052
3335,27,Maharashtra,251530,Pune,Municipal Corporation,411051
3336,27,Maharashtra,251530,Pune,Municipal Corporation,411048
3337,27,Maharashtra,251530,Pune,Municipal Corporation,411047
3338,27,Maharashtra,251530,Pune,Municipal Corporation,411046
3339,27,Maharashtra,251530,Pune,Municipal Corporation,411045
3340,27,Maharashtra,251530,Pune,Municipal Corporation,411043
3341,27,Maharashtra,251530,Pune,Municipal Corporation,411042
3342,27,Maharashtra,251530,Pune,Municipal Corporation,411041
3343,27,Maharashtra,251530,Pune,Municipal Corporation,411040
3344,27,Maharashtra,251530,Pune,Municipal Corporation,411038
3345,27,Maharashtra,251530,Pune,Municipal Corporation,411001
3346,27,Maharashtra,251530,Pune,Municipal Corporation,411002
3347,27,Maharashtra,251530,Pune,Municipal Corporation,411003
3348,27,Maharashtra,251530,Pune,Municipal Corporation,411004
3349,27,Maharashtra,251530,Pune,Municipal Corporation,411005
3350,27,Maharashtra,251530,Pune,Municipal Corporation,411037
3351,27,Maharashtra,251530,Pune,Municipal Corporation,411006
3352,27,Maharashtra,251530,Pune,Municipal Corporation,411007
3353,27,Maharashtra,251530,Pune,Municipal Corporation,411008
3354,27,Maharashtra,251530,Pune,Municipal Corporation,411009
3355,27,Maharashtra,251530,Pune,Municipal Corporation,411011
3356,27,Maharashtra,251530,Pune,Municipal Corporation,411013
3357,27,Maharashtra,251530,Pune,Municipal Corporation,411036
3358,27,Maharashtra,251530,Pune,Municipal Corporation,411014
3359,27,Maharashtra,251530,Pune,Municipal Corporation,411015
3360,27,Maharashtra,251530,Pune,Municipal Corporation,411016
3361,27,Maharashtra,251530,Pune,Municipal Corporation,411030
3362,27,Maharashtra,251530,Pune,Municipal Corporation,411028
3363,27,Maharashtra,251530,Pune,Municipal Corporation,411025
3364,27,Maharashtra,251530,Pune,Municipal Corporation,411024
3365,27,Maharashtra,251530,Pune,Municipal Corporation,411023
3366,27,Maharashtra,251530,Pune,Municipal Corporation,411022
3367,27,Maharashtra,251530,Pune,Municipal Corporation,411021
3368,27,Maharashtra,251530,Pune,Municipal Corporation,411020
3369,27,Maharashtra,251421,Purna,Municipality,431511
3370,27,Maharashtra,251391,Pusad,Municipality,445204
3371,27,Maharashtra,251590,Rahimatpur,Municipality,415511
3372,27,Maharashtra,251543,Rahta Pimplas,Municipality,423107
3373,27,Maharashtra,251551,Rahuri,Municipality,413705
3374,27,Maharashtra,251608,Rajapur,Municipality,416702
3375,27,Maharashtra,296912,Rajgurunagar,Municipality,410505
3376,27,Maharashtra,251384,Rajura,Municipality,442905
3377,27,Maharashtra,276308,Ralegaon,Nagar Panchayat,445402
3378,27,Maharashtra,251353,Ramtek,Municipality,441106
3379,27,Maharashtra,251605,Ratnagiri,Municipality,415612
3380,27,Maharashtra,251287,Raver,Municipality,425508
3381,27,Maharashtra,276376,Renapur,Nagar Panchayat,413527
3382,27,Maharashtra,251320,Risod,Municipality,444506
3383,27,Maharashtra,251506,Roha Ashtami,Municipality,402109
3384,27,Maharashtra,276368,Sadak-Arjuni,Nagar Panchayat,441806
3385,27,Maharashtra,276368,Sadak-Arjuni,Nagar Panchayat,441807
3386,27,Maharashtra,251414,Sailu,Municipality,431503
3387,27,Maharashtra,276319,Sakoli,Municipality,441802
3388,27,Maharashtra,276339,Sakri,Nagar Panchayat,424304
3389,27,Maharashtra,276365,Salekasa,Nagar Panchayat,441916
3390,27,Maharashtra,276379,Samudrapur,Nagar Panchayat,442305
3391,27,Maharashtra,251539,Sangamner,Municipality,422605
3392,27,Maharashtra,251639,Sangli-Miraj Kupwad,Municipal Corporation,416416
3393,27,Maharashtra,251579,Sangole,Municipality,413307
3394,27,Maharashtra,276274,Sangrampur,Nagar Panchayat,444202
3395,27,Maharashtra,276356,Saoli,Nagar Panchayat,441225
3396,27,Maharashtra,251532,Sasvad,Municipality,412301
3397,27,Maharashtra,251435,Satana,Municipality,423301
3398,27,Maharashtra,251593,Satara,Municipality,415001
3399,27,Maharashtra,251286,Savda,Municipality,425502
3400,27,Maharashtra,251344,Savner,Municipality,441109
3401,27,Maharashtra,251613,Sawantwadi,Municipality,416510
3402,27,Maharashtra,276378,Seloo,Nagar Panchayat,442104
3403,27,Maharashtra,296910,Sengaon,Nagar Panchayat,431542
3404,27,Maharashtra,251277,Shahade,Municipality,425409
3405,27,Maharashtra,276333,Shahapur,Nagar Panchayat,431723
3406,27,Maharashtra,251299,Shegaon,Municipality,444203
3407,27,Maharashtra,251327,Shendurjana,Municipality,444907
3408,27,Maharashtra,277413,Shendurni,Nagar Panchayat,424204
3409,27,Maharashtra,276331,Shevgaon,Municipality,414502
3410,27,Maharashtra,276349,Shirala,Nagar Panchayat,415408
3411,27,Maharashtra,251542,Shirdi,Nagar Panchayat,423109
3412,27,Maharashtra,276635,Shirol,Municipality,416103
3413,27,Maharashtra,251280,Shirpur-Warwade,Municipality,425405
3414,27,Maharashtra,251518,Shirur,Municipality,412210
3415,27,Maharashtra,276374,Shirur-Anantpal,Nagar Panchayat,413544
3416,27,Maharashtra,275726,Shirur Kasar,Nagar Panchayat,413249
3417,27,Maharashtra,251553,Shrigonda,Municipality,413701
3418,27,Maharashtra,251544,Shrirampur,Municipality,413709
3419,27,Maharashtra,251511,Shrivardhan,Municipality,402110
3420,27,Maharashtra,297092,Sillod Municipal Council,Municipality,431112
3421,27,Maharashtra,276362,Sindewahi,Nagar Panchayat,441222
3422,27,Maharashtra,259701,Sindhakeda,Nagar Panchayat,425406
3423,27,Maharashtra,251333,Sindi,Municipality,442105
3424,27,Maharashtra,251307,Sindkhed Raja,Municipality,443203
3425,27,Maharashtra,251447,Sinnar,Municipality,422103
3426,27,Maharashtra,276288,Sironcha,Nagar Panchayat,442504
3427,27,Maharashtra,251577,Solapur,Municipal Corporation,413008
3428,27,Maharashtra,251577,Solapur,Municipal Corporation,413002
3429,27,Maharashtra,251577,Solapur,Municipal Corporation,413006
3430,27,Maharashtra,251577,Solapur,Municipal Corporation,413005
3431,27,Maharashtra,251577,Solapur,Municipal Corporation,413001
3432,27,Maharashtra,251577,Solapur,Municipal Corporation,413007
3433,27,Maharashtra,251577,Solapur,Municipal Corporation,413224
3434,27,Maharashtra,251577,Solapur,Municipal Corporation,413003
3435,27,Maharashtra,251577,Solapur,Municipal Corporation,413004
3436,27,Maharashtra,251419,Sonpeth,Municipality,431516
3437,27,Maharashtra,251436,Soyagaon,Nagar Panchayat,431120
3438,27,Maharashtra,251434,Surgana,Nagar Panchayat,422211
3439,27,Maharashtra,276270,Tala,Nagar Panchayat,402111
3440,27,Maharashtra,276315,Talasari,Nagar Panchayat,401606
3441,27,Maharashtra,251522,Talegaon Dabhade,Municipality,410506
3442,27,Maharashtra,251275,Talode,Municipality,425413
3443,27,Maharashtra,251636,Tasgaon,Municipality,416312
3444,27,Maharashtra,251309,Telhara,Municipality,444108
3445,27,Maharashtra,251471,Thane,Municipal Corporation,400612
3446,27,Maharashtra,251471,Thane,Municipal Corporation,400605
3447,27,Maharashtra,251471,Thane,Municipal Corporation,400607
3448,27,Maharashtra,251471,Thane,Municipal Corporation,400606
3449,27,Maharashtra,251471,Thane,Municipal Corporation,400604
3450,27,Maharashtra,251471,Thane,Municipal Corporation,400615
3451,27,Maharashtra,251471,Thane,Municipal Corporation,400610
3452,27,Maharashtra,251471,Thane,Municipal Corporation,400602
3453,27,Maharashtra,251471,Thane,Municipal Corporation,400603
3454,27,Maharashtra,251471,Thane,Municipal Corporation,400608
3455,27,Maharashtra,251370,Tirora,Municipality,441911
3456,27,Maharashtra,276289,Tiwsa,Nagar Panchayat,444903
3457,27,Maharashtra,251441,Trimbak,Municipality,422212
3458,27,Maharashtra,251570,Tuljapur,Municipality,413601
3459,27,Maharashtra,248079,Tumsar,Municipality,441912
3460,27,Maharashtra,251565,Udgir,Municipality,413517
3461,27,Maharashtra,251484,Ulhasnagar,Municipal Corporation,421004
3462,27,Maharashtra,251484,Ulhasnagar,Municipal Corporation,421005
3463,27,Maharashtra,251484,Ulhasnagar,Municipal Corporation,421001
3464,27,Maharashtra,251484,Ulhasnagar,Municipal Corporation,421003
3465,27,Maharashtra,251484,Ulhasnagar,Municipal Corporation,421002
3466,27,Maharashtra,251573,Umarga,Municipality,413606
3467,27,Maharashtra,251393,Umarkhed,Municipality,445206
3468,27,Maharashtra,251366,Umred,Municipality,441203
3469,27,Maharashtra,251491,Uran,Municipality,400702
3470,27,Maharashtra,251633,Uran Islampur,Municipality,415409
3471,27,Maharashtra,263834,Vabhave Vaibhavwadi Nagar Panchayat,Nagar Panchayat,416810
3472,27,Maharashtra,251616,Vadgaon Kasba,Municipality,416112
3473,27,Maharashtra,276637,Vadgaon Mawal,Nagar Panchayat,412106
3474,27,Maharashtra,276416,Vaduj,Nagar Panchayat,415506
3475,27,Maharashtra,251431,Vaijapur,Municipality,423701
3476,27,Maharashtra,251431,Vaijapur,Municipality,431002
3477,27,Maharashtra,300385,Vairag,Nagar Panchayat,413402
3478,27,Maharashtra,276273,Varangaon,Municipality,425305
3479,27,Maharashtra,251463,Vasai-Virar,Municipal Corporation,401303
3480,27,Maharashtra,251611,Vengurla,Municipality,416516
3481,27,Maharashtra,276316,Vikramgad,Nagar Panchayat,401605
3482,27,Maharashtra,251635,Vita,Municipality,415311
3483,27,Maharashtra,276318,Wada,Nagar Panchayat,421303
3484,27,Maharashtra,277475,Wadgaon,Municipality,412106
3485,27,Maharashtra,251359,Wadi,Municipality,440023
3486,27,Maharashtra,275731,Wadvani,Nagar Panchayat,431144
3487,27,Maharashtra,251586,Wai,Municipality,412803
3488,27,Maharashtra,251586,Wai,Municipality,412801
3489,27,Maharashtra,251363,Wanadongri,Municipality,441110
3490,27,Maharashtra,251397,Wani,Municipality,445304
3491,27,Maharashtra,251334,Wardha,Municipality,442001
3492,27,Maharashtra,251376,Warora,Municipality,442907
3493,27,Maharashtra,251326,Warud,Municipality,444906
3494,27,Maharashtra,276312,Washi,Nagar Panchayat,413503
3495,27,Maharashtra,251319,Washim,Municipality,444505
3496,27,Maharashtra,251386,Yavatmal,Municipality,445001
3497,27,Maharashtra,251386,Yavatmal,Municipality,445002
3498,27,Maharashtra,251284,Yawal,Municipality,425301
3499,27,Maharashtra,251450,Yevla,Municipality,423401
3500,27,Maharashtra,272845,Zari Zamani,Nagar Panchayat,445324
3501,14,Manipur,276527,Andro,Municipal Council,795149
3502,14,Manipur,276501,Bishnupur,Municipal Council,795126
3503,14,Manipur,276546,Heirok,Municipal Council,795148
3504,14,Manipur,276547,Imphal,Municipal Corporation,795001
3505,14,Manipur,276503,Jiribam,Municipal Council,795116
3506,14,Manipur,276500,Kakching,Municipal Council,795103
3507,14,Manipur,276536,Kakching Khunou,Municipal Council,795103
3508,14,Manipur,276505,Kumbi,Municipal Council,795133
3509,14,Manipur,276525,Kwakta,Municipal Council,795113
3510,14,Manipur,276508,Lamlai,Municipal Council,795010
3511,14,Manipur,276545,Lamsang,Municipal Council,795146
3512,14,Manipur,276548,Lilong (Imphal West),Municipal Council,795130
3513,14,Manipur,276502,Lilong (Thoubal),Municipal Council,795138
3514,14,Manipur,276552,Mayang Imphal,Municipal Council,795132
3515,14,Manipur,276514,Moirang,Municipal Council,795133
3516,14,Manipur,276515,Nambol,Municipal Council,795134
3517,14,Manipur,276530,Ningthoukhong,Municipal Council,795011
3518,14,Manipur,276506,Oinam,Municipal Council,795134
3519,14,Manipur,276551,Samourou,Municipal Council,795009
3520,14,Manipur,276553,Sekmai,Municipal Council,795136
3521,14,Manipur,276509,Shikhong Sekmai,Municipal Council,795136
3522,14,Manipur,276510,Sugunu,Municipal Council,795101
3523,14,Manipur,276550,Thongkhong Laxmi,Municipal Council,795009
3524,14,Manipur,276498,Thoubal,Municipal Council,795138
3525,14,Manipur,276511,Wangjing Lamding,Municipal Council,795148
3526,14,Manipur,276549,Wangoi,Municipal Council,795009
3527,14,Manipur,276513,Yairipok,Municipal Council,795149
3528,17,Meghalaya,249809,Baghmara,Municipal Board,794102
3529,17,Meghalaya,249820,Jowai,Municipal Board,793150
3530,17,Meghalaya,279714,Khliehriat,Town Committee,793200
3531,17,Meghalaya,249811,Mairang,Town Committee,793120
3532,17,Meghalaya,282009,Mawkyrwat,Town Committee,793114
3533,17,Meghalaya,249812,Nongpoh,Town Committee,793102
3534,17,Meghalaya,249810,Nongstoin,Town Committee,793119
3535,17,Meghalaya,249807,Resubelpara,Municipal Board,794108
3536,17,Meghalaya,249814,Shillong,Municipal Board,793001
3537,17,Meghalaya,249806,Tura Municipal Board,Municipal Board,794001
3538,17,Meghalaya,249808,Williamnagar,Municipal Board,794111
3539,15,Mizoram,249770,Aizawl,Notified Area Council,796001
3540,15,Mizoram,277318,Aizawl Municipal Co-Operation,Municipal Corporation,796004
3541,15,Mizoram,277318,Aizawl Municipal Co-Operation,Municipal Corporation,796007
3542,15,Mizoram,277318,Aizawl Municipal Co-Operation,Municipal Corporation,796008
3543,15,Mizoram,277318,Aizawl Municipal Co-Operation,Municipal Corporation,796009
3544,15,Mizoram,277318,Aizawl Municipal Co-Operation,Municipal Corporation,796012
3545,15,Mizoram,277318,Aizawl Municipal Co-Operation,Municipal Corporation,796014
3546,15,Mizoram,277318,Aizawl Municipal Co-Operation,Municipal Corporation,796017
3547,15,Mizoram,277318,Aizawl Municipal Co-Operation,Municipal Corporation,796001
3548,15,Mizoram,277318,Aizawl Municipal Co-Operation,Municipal Corporation,796005
3549,15,Mizoram,249765,Bairabi,Notified Area Council,796081
3550,15,Mizoram,249775,Biate,Notified Area Council,796370
3551,15,Mizoram,249773,Champhai,Notified Area Council,796321
3552,15,Mizoram,249768,Darlawn,Notified Area Council,796111
3553,15,Mizoram,249781,Hnahthial,Notified Area Council,796571
3554,15,Mizoram,249774,Khawhai,Notified Area Council,796321
3555,15,Mizoram,249774,Khawhai,Notified Area Council,796310
3556,15,Mizoram,249772,Khawzawl,Notified Area Council,796310
3557,15,Mizoram,249766,Kolasib,Notified Area Council,796081
3558,15,Mizoram,249763,Lengpui,Notified Area Council,796421
3559,15,Mizoram,249780,Lunglei,Notified Area Council,796701
3560,15,Mizoram,249762,Mamit,Notified Area Council,796441
3561,15,Mizoram,249767,N.Kawnpui,Notified Area Council,796070
3562,15,Mizoram,249778,N.Vanlaiphai,Notified Area Council,796184
3563,15,Mizoram,249782,Saiha,Notified Area Council,796901
3564,15,Mizoram,249769,Sairang,Notified Area Council,796410
3565,15,Mizoram,249771,Saitual,Notified Area Council,796261
3566,15,Mizoram,249776,Serchhip,Notified Area Council,796181
3567,15,Mizoram,249777,Thenzawl,Notified Area Council,796186
3568,15,Mizoram,249779,Tlabung,Notified Area Council,796751
3569,15,Mizoram,249764,Vairengte,Notified Area Council,796101
3570,15,Mizoram,249761,Zawlnuam,Notified Area Council,796470
3571,13,Nagaland,276216,Aboi Town Council,Town Council,798603
3572,13,Nagaland,299085,Aghunato Town Council,Town Council,798620
3573,13,Nagaland,299086,Atoizu Town Council,Town Council,798620
3574,13,Nagaland,276219,Bhandari Town Council,Town Council,797099
3575,13,Nagaland,253207,Changtongya Town Council,Town Council,798613
3576,13,Nagaland,299088,Chiephobozou Town Council,Town Council,797105
3577,13,Nagaland,276220,Chozuba Town Council,Town Council,797104
3578,13,Nagaland,249721,Chumukedima Town Council,Town Council,797103
3579,13,Nagaland,249720,Dimapur Municipal Council,Municipality,797112
3580,13,Nagaland,276217,East Dimapur Town Council,Town Council,797112
3581,13,Nagaland,253205,Jalukie Town Council,Town Council,797110
3582,13,Nagaland,253202,Kiphire Town Council,Town Council,798611
3583,13,Nagaland,249722,Kohima Municipal Council,Municipality,797001
3584,13,Nagaland,276218,Longkhim Town Council,Town Council,798616
3585,13,Nagaland,253201,Longleng Town Council,Town Council,798625
3586,13,Nagaland,276221,Mangkolemba Town Council,Town Council,798604
3587,13,Nagaland,253213,Medziphema Town Council,Town Council,797106
3588,13,Nagaland,276222,Meluri Town Council,Town Council,797114
3589,13,Nagaland,249717,Mokokchung Municipal Council,Municipality,798601
3590,13,Nagaland,249715,Mon Town Council,Town Council,798621
3591,13,Nagaland,253203,Naginimora Town Council,Town Council,798622
3592,13,Nagaland,299083,Niuland Town Council,Town Council,797112
3593,13,Nagaland,276223,Noklak Town Council,Town Council,798612
3594,13,Nagaland,253204,Peren Town Council,Town Council,797101
3595,13,Nagaland,253210,Pfutsero Town Council,Town Council,797107
3596,13,Nagaland,249723,Phek Town Council,Town Council,797108
3597,13,Nagaland,276224,Pungro Town Council,Town Council,798611
3598,13,Nagaland,299087,Satakha Town Council,Town Council,798620
3599,13,Nagaland,299082,Seyochung Town Council,Town Council,798611
3600,13,Nagaland,276225,Shamator Town Council,Town Council,798612
3601,13,Nagaland,299084,Tamlu Town Council,Town Council,798625
3602,13,Nagaland,276226,Tening Town Council,Town Council,797101
3603,13,Nagaland,276227,Tizit Town Council,Town Council,798602
3604,13,Nagaland,276228,Tobu Town Council,Town Council,798603
3605,13,Nagaland,253209,Tseminyu Town Council,Town Council,797109
3606,13,Nagaland,249716,Tuensang Town Council,Town Council,798612
3607,13,Nagaland,253206,Tuli Town Council,Town Council,798618
3608,13,Nagaland,249719,Wokha Town Council,Town Council,797111
3609,13,Nagaland,249718,Zunheboto Town Council,Town Council,798620
3610,21,Odisha,250476,Anandapur,Municipality,758021
3611,21,Odisha,248140,Anugul,Municipality,759122
3612,21,Odisha,250529,Asika,Notified Area Council,761110
3613,21,Odisha,250498,Athagad,Notified Area Council,754029
3614,21,Odisha,248142,Athamallik,Notified Area Council,759125
3615,21,Odisha,259705,Attabira,Notified Area Council,768027
3616,21,Odisha,250555,Balangir,Municipality,767002
3617,21,Odisha,250555,Balangir,Municipality,767001
3618,21,Odisha,250486,Baleshwar,Municipality,756001
3619,21,Odisha,263005,Baliguda,Notified Area Council,762103
3620,21,Odisha,250576,Balimela,Notified Area Council,764051
3621,21,Odisha,250517,Balugaon,Notified Area Council,752030
3622,21,Odisha,250519,Banapur,Notified Area Council,752031
3623,21,Odisha,250500,Banki,Notified Area Council,754008
3624,21,Odisha,250447,Barapali,Notified Area Council,768029
3625,21,Odisha,250469,Barbil,Municipality,758035
3626,21,Odisha,250448,Bargarh,Municipality,768028
3627,21,Odisha,250481,Baripada,Municipality,757001
3628,21,Odisha,250489,Basudebpur,Municipality,756125
3629,21,Odisha,250527,Bellaguntha,Notified Area Council,761119
3630,21,Odisha,250450,Belpahar,Municipality,768218
3631,21,Odisha,250543,Berhampur,Municipal Corporation,760001
3632,21,Odisha,250543,Berhampur,Municipal Corporation,760005
3633,21,Odisha,250543,Berhampur,Municipal Corporation,760004
3634,21,Odisha,250543,Berhampur,Municipal Corporation,760003
3635,21,Odisha,250543,Berhampur,Municipal Corporation,760002
3636,21,Odisha,250543,Berhampur,Municipal Corporation,760011
3637,21,Odisha,250543,Berhampur,Municipal Corporation,760010
3638,21,Odisha,250543,Berhampur,Municipal Corporation,760009
3639,21,Odisha,250543,Berhampur,Municipal Corporation,760008
3640,21,Odisha,250543,Berhampur,Municipal Corporation,760006
3641,21,Odisha,250487,Bhadrak,Municipality,756100
3642,21,Odisha,250526,Bhanjanagar,Notified Area Council,761126
3643,21,Odisha,250558,Bhawanipatna,Municipality,766001
3644,21,Odisha,248059,Bhuban,Notified Area Council,759017
3645,21,Odisha,250520,Bhubaneswar,Municipal Corporation,751016
3646,21,Odisha,250520,Bhubaneswar,Municipal Corporation,751030
3647,21,Odisha,250520,Bhubaneswar,Municipal Corporation,751031
3648,21,Odisha,250520,Bhubaneswar,Municipal Corporation,751032
3649,21,Odisha,250520,Bhubaneswar,Municipal Corporation,751029
3650,21,Odisha,250520,Bhubaneswar,Municipal Corporation,751028
3651,21,Odisha,250520,Bhubaneswar,Municipal Corporation,751025
3652,21,Odisha,250520,Bhubaneswar,Municipal Corporation,751024
3653,21,Odisha,250520,Bhubaneswar,Municipal Corporation,751023
3654,21,Odisha,250520,Bhubaneswar,Municipal Corporation,751022
3655,21,Odisha,250520,Bhubaneswar,Municipal Corporation,751021
3656,21,Odisha,250520,Bhubaneswar,Municipal Corporation,751020
3657,21,Odisha,250520,Bhubaneswar,Municipal Corporation,751019
3658,21,Odisha,250520,Bhubaneswar,Municipal Corporation,751001
3659,21,Odisha,250520,Bhubaneswar,Municipal Corporation,751002
3660,21,Odisha,250520,Bhubaneswar,Municipal Corporation,751003
3661,21,Odisha,250520,Bhubaneswar,Municipal Corporation,751004
3662,21,Odisha,250520,Bhubaneswar,Municipal Corporation,751005
3663,21,Odisha,250520,Bhubaneswar,Municipal Corporation,751006
3664,21,Odisha,250520,Bhubaneswar,Municipal Corporation,751007
3665,21,Odisha,250520,Bhubaneswar,Municipal Corporation,751018
3666,21,Odisha,250520,Bhubaneswar,Municipal Corporation,751008
3667,21,Odisha,250520,Bhubaneswar,Municipal Corporation,751009
3668,21,Odisha,250520,Bhubaneswar,Municipal Corporation,751010
3669,21,Odisha,250520,Bhubaneswar,Municipal Corporation,751011
3670,21,Odisha,250520,Bhubaneswar,Municipal Corporation,751012
3671,21,Odisha,250520,Bhubaneswar,Municipal Corporation,751013
3672,21,Odisha,250520,Bhubaneswar,Municipal Corporation,751014
3673,21,Odisha,250520,Bhubaneswar,Municipal Corporation,751015
3674,21,Odisha,250520,Bhubaneswar,Municipal Corporation,751017
3675,21,Odisha,276628,Bijepur,Notified Area Council,768032
3676,21,Odisha,250551,Binika,Notified Area Council,767019
3677,21,Odisha,250462,Biramitrapur,Municipality,770033
3678,21,Odisha,250548,Boudhgarh,Notified Area Council,762014
3679,21,Odisha,250451,Brajarajnagar,Municipality,768216
3680,21,Odisha,250525,Buguda,Notified Area Council,761118
3681,21,Odisha,263000,Champua,Notified Area Council,758041
3682,21,Odisha,276631,Chandabali,Notified Area Council,756133
3683,21,Odisha,250537,Chhatrapur,Notified Area Council,761020
3684,21,Odisha,250537,Chhatrapur,Notified Area Council,761025
3685,21,Odisha,250540,Chikiti,Notified Area Council,761010
3686,21,Odisha,250494,Choudwar,Municipality,754025
3687,21,Odisha,250501,Cuttack,Municipal Corporation,752120
3688,21,Odisha,250501,Cuttack,Municipal Corporation,753001
3689,21,Odisha,262987,Dasapalla,Notified Area Council,752084
3690,21,Odisha,250457,Debagarh,Municipality,768108
3691,21,Odisha,276632,Dhamanagar,Notified Area Council,756117
3692,21,Odisha,263009,Dharmagarh,Notified Area Council,766015
3693,21,Odisha,248060,Dhenkanal,Municipality,759001
3694,21,Odisha,250541,Digapahandi,Notified Area Council,761012
3695,21,Odisha,250538,Ganjam,Notified Area Council,761026
3696,21,Odisha,250539,Gopalpur,Notified Area Council,761002
3697,21,Odisha,250563,Gudari,Notified Area Council,765026
3698,21,Odisha,250547,G. Udayagiri,Notified Area Council,762100
3699,21,Odisha,250564,Gunupur,Municipality,765022
3700,21,Odisha,259680,Hindol,Notified Area Council,759022
3701,21,Odisha,250542,Hinjilicut,Municipality,761102
3702,21,Odisha,263336,Jagatsinghpur,Municipality,754103
3703,21,Odisha,250503,Jajapur,Municipality,755001
3704,21,Odisha,250482,Jaleswar,Municipality,756032
3705,21,Odisha,250516,Jatani,Municipality,752050
3706,21,Odisha,250574,Jeypur,Municipality,764005
3707,21,Odisha,250574,Jeypur,Municipality,764004
3708,21,Odisha,250574,Jeypur,Municipality,764003
3709,21,Odisha,250574,Jeypur,Municipality,764001
3710,21,Odisha,250452,Jharsuguda,Municipality,768203
3711,21,Odisha,250452,Jharsuguda,Municipality,768201
3712,21,Odisha,250471,Joda,Municipality,758034
3713,21,Odisha,250560,Junagarh,Notified Area Council,766014
3714,21,Odisha,248058,Kamakhyanagar,Notified Area Council,759018
3715,21,Odisha,250552,Kantabanji,Notified Area Council,767039
3716,21,Odisha,250480,Karanjia,Notified Area Council,757037
3717,21,Odisha,250545,Kasinagar,Notified Area Council,761206
3718,21,Odisha,250532,Kavisurjyanagar,Notified Area Council,761104
3719,21,Odisha,250491,Kendrapara,Municipality,754214
3720,21,Odisha,250491,Kendrapara,Municipality,754211
3721,21,Odisha,250491,Kendrapara,Municipality,754250
3722,21,Odisha,250474,Kendujhar,Municipality,758001
3723,21,Odisha,250559,Kesinga,Notified Area Council,766012
3724,21,Odisha,250535,Khalikote,Notified Area Council,761030
3725,21,Odisha,250535,Khalikote,Notified Area Council,761029
3726,21,Odisha,250510,Khandapada,Notified Area Council,752077
3727,21,Odisha,250557,Khariar,Notified Area Council,766107
3728,21,Odisha,250556,Khariar Road,Notified Area Council,766104
3729,21,Odisha,250514,Khordha,Municipality,752055
3730,21,Odisha,250453,Kochinda,Notified Area Council,768222
3731,21,Odisha,250534,Kodala,Notified Area Council,761032
3732,21,Odisha,250523,Konark,Notified Area Council,752111
3733,21,Odisha,250571,Koraput,Municipality,764020
3734,21,Odisha,250570,Kotpad,Notified Area Council,764058
3735,21,Odisha,263345,Malkangiri,Municipality,764045
3736,21,Odisha,250569,Nabarangapur,Municipality,764059
3737,21,Odisha,250512,Nayagarh,Municipality,752069
3738,21,Odisha,250484,Nilagiri,Notified Area Council,756040
3739,21,Odisha,250522,Nimapada,Notified Area Council,752106
3740,21,Odisha,259201,Nuapada,Notified Area Council,766105
3741,21,Odisha,276434,Odogaon,Notified Area Council,752081
3742,21,Odisha,250446,Padmapur,Notified Area Council,768036
3743,21,Odisha,263324,Paradeep,Municipality,754142
3744,21,Odisha,250544,Paralakhemundi,Municipality,761200
3745,21,Odisha,250554,Patnagarh,Notified Area Council,767025
3746,21,Odisha,250490,Pattamundai,Municipality,754215
3747,21,Odisha,250546,Phulabani,Municipality,762001
3748,21,Odisha,250521,Pipili,Notified Area Council,752104
3749,21,Odisha,250533,Polasara,Notified Area Council,761105
3750,21,Odisha,250524,Puri,Municipality,752003
3751,21,Odisha,250524,Puri,Municipality,752001
3752,21,Odisha,250524,Puri,Municipality,752002
3753,21,Odisha,250531,Purusottampur,Notified Area Council,761018
3754,21,Odisha,250478,Rairangpur,Municipality,757043
3755,21,Odisha,250459,Rajagangapur,Municipality,770017
3756,21,Odisha,250536,Rambha,Notified Area Council,761028
3757,21,Odisha,262994,Ranapur,Notified Area Council,752026
3758,21,Odisha,250467,Raurkela,Municipal Corporation,769001
3759,21,Odisha,250467,Raurkela,Municipal Corporation,769016
3760,21,Odisha,250467,Raurkela,Municipal Corporation,769014
3761,21,Odisha,250467,Raurkela,Municipal Corporation,769013
3762,21,Odisha,250467,Raurkela,Municipal Corporation,769005
3763,21,Odisha,250467,Raurkela,Municipal Corporation,769008
3764,21,Odisha,250467,Raurkela,Municipal Corporation,769011
3765,21,Odisha,250467,Raurkela,Municipal Corporation,769012
3766,21,Odisha,250467,Raurkela,Municipal Corporation,769002
3767,21,Odisha,250467,Raurkela,Municipal Corporation,769010
3768,21,Odisha,250565,Rayagada,Municipality,765001
3769,21,Odisha,250454,Redhakhol,Notified Area Council,768106
3770,21,Odisha,300314,Remuna,Notified Area Council,756019
3771,21,Odisha,253100,Sambalpur,Municipal Corporation,768019
3772,21,Odisha,253100,Sambalpur,Municipal Corporation,768001
3773,21,Odisha,253100,Sambalpur,Municipal Corporation,768002
3774,21,Odisha,253100,Sambalpur,Municipal Corporation,768003
3775,21,Odisha,253100,Sambalpur,Municipal Corporation,768004
3776,21,Odisha,253100,Sambalpur,Municipal Corporation,768017
3777,21,Odisha,253100,Sambalpur,Municipal Corporation,768018
3778,21,Odisha,253100,Sambalpur,Municipal Corporation,768020
3779,21,Odisha,250550,Sonapur,Municipality,767017
3780,21,Odisha,250485,Soro,Municipality,756045
3781,21,Odisha,250573,Sunabeda,Municipality,763002
3782,21,Odisha,250458,Sundargarh,Municipality,770001
3783,21,Odisha,250528,Surada,Notified Area Council,761108
3784,21,Odisha,248141,Talcher,Municipality,759100
3785,21,Odisha,250549,Tarbha,Notified Area Council,767016
3786,21,Odisha,250553,Titlagarh,Municipality,767033
3787,21,Odisha,263006,Tusura,Notified Area Council,767030
3788,21,Odisha,250479,Udala,Notified Area Council,757041
3789,21,Odisha,250567,Umarkote,Municipality,764073
3790,21,Odisha,250502,Vyasanagar,Municipality,755019
3791,34,Puducherry,253096,Karaikal,Municipality,609605
3792,34,Puducherry,253096,Karaikal,Municipality,609602
3793,34,Puducherry,253095,Mahe,Municipality,673310
3794,34,Puducherry,253093,Ozhukarai,Municipality,605005
3795,34,Puducherry,253094,Pondicherry,Municipality,605110
3796,34,Puducherry,253094,Pondicherry,Municipality,605004
3797,34,Puducherry,253094,Pondicherry,Municipality,605005
3798,34,Puducherry,253094,Pondicherry,Municipality,605007
3799,34,Puducherry,253094,Pondicherry,Municipality,605106
3800,34,Puducherry,253094,Pondicherry,Municipality,607402
3801,34,Puducherry,253094,Pondicherry,Municipality,607403
3802,34,Puducherry,253094,Pondicherry,Municipality,605001
3803,34,Puducherry,253092,Yanam,Municipality,533464
3804,3,Punjab,248355,Abohar,Municipal Corporation,152116
3805,3,Punjab,248294,Adampur,Municipality,144102
3806,3,Punjab,299458,Adda Devigarh,Nagar Panchayat	,147111
3807,3,Punjab,248382,Ahmedgarh,Municipality,148021
3808,3,Punjab,248269,Ajnala,Municipality,143102
3809,3,Punjab,248295,Alawalpur,Municipality,144301
3810,3,Punjab,273471,Amargarh,Nagar Panchayat	,148022
3811,3,Punjab,248330,Amloh,Municipality,147203
3812,3,Punjab,248273,Amritsar,Municipal Corporation,143001
3813,3,Punjab,248317,Anandpur Sahib,Municipality,140118
3814,3,Punjab,277198,Arniwala Shekh Suban,Nagar Panchayat	,152124
3815,3,Punjab,299457,Baba Bakala,Nagar Panchayat	,143202
3816,3,Punjab,248344,Badhni Kalan,Nagar Panchayat	,142037
3817,3,Punjab,248315,Balachaur,Municipality,248315
3818,3,Punjab,248312,Banga,Municipality,144505
3819,3,Punjab,248404,Banur,Municipality,140601
3820,3,Punjab,248374,Bareta,Municipality,151501
3821,3,Punjab,248358,Bariwala,Nagar Panchayat	,152025
3822,3,Punjab,248378,Barnala,Municipality,148101
3823,3,Punjab,248327,Bassi Pathana,Municipality,140412
3824,3,Punjab,248264,Batala,Municipal Corporation,143528
3825,3,Punjab,248367,Bathinda,Municipal Corporation,151005
3826,3,Punjab,248280,Begowal,Nagar Panchayat	,144621
3827,3,Punjab,248377,Bhadaur,Municipality,148102
3828,3,Punjab,261762,Bhadson,Nagar Panchayat	,147202
3829,3,Punjab,248345,Bhagha Purana,Municipality,142038
3830,3,Punjab,276562,Bhagta Bhai Ka Nagar Panchayat,Nagar Panchayat	,151206
3831,3,Punjab,260770,Bhai Rupa,Nagar Panchayat	,151106
3832,3,Punjab,248387,Bhawanigarh,Municipality,148026
3833,3,Punjab,248387,Bhawanigarh,Municipality,148017
3834,3,Punjab,248375,Bhikhi,Nagar Panchayat	,151504
3835,3,Punjab,248275,Bhikhiwind,Nagar Panchayat	,143303
3836,3,Punjab,248298,Bhogpur,Municipality,144201
3837,3,Punjab,248366,Bhucho Mandi,Municipality,151101
3838,3,Punjab,248281,Bhulath,Nagar Panchayat	,144622
3839,3,Punjab,277200,Bilga,Nagar Panchayat	,144036
3840,3,Punjab,277199,Boha,Nagar Panchayat	,151503
3841,3,Punjab,248373,Budhlada,Municipality,151502
3842,3,Punjab,261450,Chamkaur Sahib,Nagar Panchayat	,140112
3843,3,Punjab,248388,Cheema,Nagar Panchayat	,148029
3844,3,Punjab,248300,Dasua,Municipality,248303
3845,3,Punjab,248267,Dera Baba Nanak,Municipality,143604
3846,3,Punjab,248405,Dera Bassi,Municipality,140507
3847,3,Punjab,248381,Dhanaula,Municipality,148105
3848,3,Punjab,248346,Dharamkot,Municipality,142042
3849,3,Punjab,248262,Dhariwal,Municipality,143519
3850,3,Punjab,248282,Dhilwan,Nagar Panchayat	,144804
3851,3,Punjab,248384,Dhuri,Municipality,148024
3852,3,Punjab,248259,Dinanagar,Municipality,143531
3853,3,Punjab,248389,Dirba,Nagar Panchayat	,148035
3854,3,Punjab,248337,Doraha,Municipality,141421
3855,3,Punjab,248360,Faridkot,Municipality,151203
3856,3,Punjab,248263,Fatehgarh Churian,Municipality,143602
3857,3,Punjab,276647,Fatehgarh Panjtoor,Nagar Panchayat	,142043
3858,3,Punjab,248354,Fazilka,Municipality,152123
3859,3,Punjab,248351,Firozpur,Municipality,152002
3860,3,Punjab,248301,Gardhiwala,Municipality,248303
3861,3,Punjab,248311,Garhshankar,Municipality,248303
3862,3,Punjab,248394,Ghagga,Nagar Panchayat	,147102
3863,3,Punjab,248402,Ghanaur,Nagar Panchayat	,140702
3864,3,Punjab,299456,Gharuan,Nagar Panchayat	,140413
3865,3,Punjab,248357,Giddarbaha,Municipality,152101
3866,3,Punjab,248329,Gobindgarh,Municipality,147301
3867,3,Punjab,248364,Goniana,Municipality,151201
3868,3,Punjab,248292,Goraya,Municipality,144409
3869,3,Punjab,248260,Gurdaspur,Municipality,143521
3870,3,Punjab,248352,Guru Har Sahai,Municipality,152022
3871,3,Punjab,248379,Handiaya,Nagar Panchayat	,148107
3872,3,Punjab,248306,Hariana,Municipality,248303
3873,3,Punjab,248308,Hoshiarpur,Municipal Corporation,248303
3874,3,Punjab,248343,Jagraon,Municipality,142026
3875,3,Punjab,248362,Jaitu,Municipality,151202
3876,3,Punjab,248353,Jalalabad,Municipality,152024
3877,3,Punjab,248296,Jalandhar,Municipal Corporation,144001
3878,3,Punjab,248296,Jalandhar,Municipal Corporation,144027
3879,3,Punjab,248296,Jalandhar,Municipal Corporation,144008
3880,3,Punjab,248296,Jalandhar,Municipal Corporation,144005
3881,3,Punjab,248272,Jandiala Guru,Municipality,143115
3882,3,Punjab,262906,Joga,Nagar Panchayat	,151510
3883,3,Punjab,248283,Kapurthala,Municipal Corporation,144601
3884,3,Punjab,248299,Kartarpur,Municipality,144801
3885,3,Punjab,248331,Khamanon,Nagar Panchayat	,141801
3886,3,Punjab,248393,Khanauri,Nagar Panchayat	,148027
3887,3,Punjab,248334,Khanna,Municipality,141401
3888,3,Punjab,248324,Kharar,Municipality,140301
3889,3,Punjab,248276,Khemkaran,Nagar Panchayat	,143419
3890,3,Punjab,261446,Kiratpur Sahib,Nagar Panchayat	,140115
3891,3,Punjab,248369,Kot Fatta,Municipality,151511
3892,3,Punjab,260780,Kotha Guru,Nagar Panchayat	,151206
3893,3,Punjab,262989,Kot Ise Khan,Nagar Panchayat	,142043
3894,3,Punjab,248361,Kot Kapura,Municipality,151204
3895,3,Punjab,260782,Kot Shamir,Nagar Panchayat	,151511
3896,3,Punjab,248321,Kurali,Municipality,140103
3897,3,Punjab,277203,Lalru,Municipality,140501
3898,3,Punjab,248391,Lehragaga,Municipality,148031
3899,3,Punjab,260778,Lehra Mohabat,Nagar Panchayat	,151111
3900,3,Punjab,248287,Lohian Khas,Nagar Panchayat	,144629
3901,3,Punjab,248385,Longowal,Municipality,148106
3902,3,Punjab,248338,Ludhiana,Municipal Corporation,141001
3903,3,Punjab,248333,Machhiwara,Municipality,141115
3904,3,Punjab,248310,Mahilpur,Nagar Panchayat	,248308
3905,3,Punjab,248271,Majitha,Nagar Panchayat	,143601
3906,3,Punjab,248348,Makhu,Nagar Panchayat	,142044
3907,3,Punjab,248383,Malerkotla,Municipality,148023
3908,3,Punjab,253222,Mallanwala,Nagar Panchayat	,152021
3909,3,Punjab,248335,Maloud,Nagar Panchayat	,141119
3910,3,Punjab,248356,Malout,Municipality,152107
3911,3,Punjab,260781,Maluka,Nagar Panchayat	,151206
3912,3,Punjab,277197,Mamdot,Nagar Panchayat	,152023
3913,3,Punjab,248376,Mansa,Municipality,151505
3914,3,Punjab,248371,Maur,Municipality,151509
3915,3,Punjab,277201,Mehatpur,Nagar Panchayat	,144041
3916,3,Punjab,260771,Mehraj,Nagar Panchayat	,151105
3917,3,Punjab,248347,Moga,Municipal Corporation,142001
3918,3,Punjab,248392,Moonak,Nagar Panchayat	,148033
3919,3,Punjab,248320,Morinda,Municipality,140101
3920,3,Punjab,253122,Mudki,Nagar Panchayat	,142060
3921,3,Punjab,248303,Mukerian,Municipality,248303
3922,3,Punjab,248359,Muktsar,Municipality,152026
3923,3,Punjab,248340,Mullanpur Dakha,Municipality,141101
3924,3,Punjab,248397,Nabha,Municipality,147201
3925,3,Punjab,274218,Nadala,Nagar Panchayat	,144624
3926,3,Punjab,248289,Nakodar,Municipality,144040
3927,3,Punjab,277196,Nangal,Municipality,140124
3928,3,Punjab,277196,Nangal,Municipality,140126
3929,3,Punjab,277196,Nangal,Municipality,140125
3930,3,Punjab,260779,Nathana,Nagar Panchayat	,151102
3931,3,Punjab,248313,Nawanshahr,Municipality,144514
3932,3,Punjab,277194,Nayan Gaon,Municipality,160103
3933,3,Punjab,262988,Nihal Singh Wala,Nagar Panchayat	,142055
3934,3,Punjab,277202,Norat Jamal Singh,Nagar Panchayat	,145026
3935,3,Punjab,248291,Nurmahal,Municipality,144039
3936,3,Punjab,248256,Pathankot,Municipal Corporation,143528
3937,3,Punjab,248399,Patiala,Municipal Corporation,147001
3938,3,Punjab,248395,Patran,Municipality,147105
3939,3,Punjab,248277,Patti,Municipality,143416
3940,3,Punjab,248336,Payal,Municipality,141416
3941,3,Punjab,248286,Phagwara,Municipal Corporation,144401
3942,3,Punjab,248293,Phillaur,Municipality,144410
3943,3,Punjab,248266,Qadian,Municipality,143516
3944,3,Punjab,248314,Rahon,Municipality,144517
3945,3,Punjab,248342,Raikot,Municipality,141109
3946,3,Punjab,248270,Raja Sansi,Nagar Panchayat	,143101
3947,3,Punjab,248403,Rajpura,Municipality,140401
3948,3,Punjab,248370,Raman,Municipality,151301
3949,3,Punjab,248268,Ramdas,Nagar Panchayat	,143603
3950,3,Punjab,248363,Rampura Phul,Municipality,151103
3951,3,Punjab,248278,Rayya,Municipality,143412
3952,3,Punjab,248319,Rupnagar,Municipality,140001
3953,3,Punjab,248339,Sahnewal,Municipality,141120
3954,3,Punjab,248396,Samana,Municipality,147101
3955,3,Punjab,248332,Samrala,Municipality,141114
3956,3,Punjab,248398,Sanaur,Municipality,147103
3957,3,Punjab,248368,Sangat,Municipality,151401
3958,3,Punjab,248386,Sangrur,Municipality,148001
3959,3,Punjab,248372,Sardulgarh,Nagar Panchayat	,151507
3960,3,Punjab,248325,S.A.S.Nagar - Mohali,Municipal Corporation,160059
3961,3,Punjab,248325,S.A.S.Nagar - Mohali,Municipal Corporation,160071
3962,3,Punjab,248325,S.A.S.Nagar - Mohali,Municipal Corporation,160062
3963,3,Punjab,248325,S.A.S.Nagar - Mohali,Municipal Corporation,160055
3964,3,Punjab,248325,S.A.S.Nagar - Mohali,Municipal Corporation,140603
3965,3,Punjab,248288,Shahkot,Nagar Panchayat	,144702
3966,3,Punjab,248309,Sham Chaurasi,Municipality,248303
3967,3,Punjab,248328,Sirhind Fatehgarh Sahib,Municipality,140406
3968,3,Punjab,248265,Sri Hargobindpur,Municipality,143515
3969,3,Punjab,248254,Sujanpur,Municipality,145024
3970,3,Punjab,248285,Sultanpur Lodhi,Municipality,144626
3971,3,Punjab,248390,Sunam,Municipality,148028
3972,3,Punjab,248350,Talwandi Bhai,Municipality,142050
3973,3,Punjab,253124,Talwandi Sabo,Nagar Panchayat	,151302
3974,3,Punjab,248305,Talwara,Nagar Panchayat	,248305
3975,3,Punjab,248380,Tapa,Municipality,148108
3976,3,Punjab,248274,Tarn-Taran,Municipality,143401
3977,3,Punjab,248302,Urmar Tanda,Municipality,248303
3978,3,Punjab,248349,Zira,Municipality,142047
3979,3,Punjab,248407,Zirakpur,Municipality,140603
3980,8,Rajasthan,248774,Abu Road,Municipality(Nagar Palika),328024
3981,8,Rajasthan,248774,Abu Road,Municipality(Nagar Palika),313325
3982,8,Rajasthan,248774,Abu Road,Municipality(Nagar Palika),307026
3983,8,Rajasthan,248774,Abu Road,Municipality(Nagar Palika),328027
3984,8,Rajasthan,301405,Ahore,Municipality(Nagar Palika),328027
3985,8,Rajasthan,301405,Ahore,Municipality(Nagar Palika),313325
3986,8,Rajasthan,301405,Ahore,Municipality(Nagar Palika),328024
3987,8,Rajasthan,301405,Ahore,Municipality(Nagar Palika),307029
3988,8,Rajasthan,299977,Ajeetgarh,Municipality(Nagar Palika),328027
3989,8,Rajasthan,299977,Ajeetgarh,Municipality(Nagar Palika),305921
3990,8,Rajasthan,299977,Ajeetgarh,Municipality(Nagar Palika),313325
3991,8,Rajasthan,299977,Ajeetgarh,Municipality(Nagar Palika),328024
3992,8,Rajasthan,248788,Ajmer,Municipal Corporation,305004
3993,8,Rajasthan,248788,Ajmer,Municipal Corporation,305012
3994,8,Rajasthan,248788,Ajmer,Municipal Corporation,305024
3995,8,Rajasthan,248788,Ajmer,Municipal Corporation,305001
3996,8,Rajasthan,248788,Ajmer,Municipal Corporation,305009
3997,8,Rajasthan,248788,Ajmer,Municipal Corporation,305007
3998,8,Rajasthan,248788,Ajmer,Municipal Corporation,305006
3999,8,Rajasthan,248788,Ajmer,Municipal Corporation,305005
4000,8,Rajasthan,248788,Ajmer,Municipal Corporation,305003
4001,8,Rajasthan,248788,Ajmer,Municipal Corporation,305002
4002,8,Rajasthan,248865,Aklera,Municipality(Nagar Palika),326033
4003,8,Rajasthan,248865,Aklera,Municipality(Nagar Palika),328027
4004,8,Rajasthan,248865,Aklera,Municipality(Nagar Palika),328024
4005,8,Rajasthan,248865,Aklera,Municipality(Nagar Palika),313325
4006,8,Rajasthan,301433,Akola,Municipality(Nagar Palika),328024
4007,8,Rajasthan,301433,Akola,Municipality(Nagar Palika),312205
4008,8,Rajasthan,301433,Akola,Municipality(Nagar Palika),328027
4009,8,Rajasthan,301433,Akola,Municipality(Nagar Palika),313325
4010,8,Rajasthan,248699,Alwar,Municipal Corporation,313203
4011,8,Rajasthan,248699,Alwar,Municipal Corporation,305921
4012,8,Rajasthan,248699,Alwar,Municipal Corporation,301001
4013,8,Rajasthan,248817,Amet,Municipality(Nagar Palika),313325
4014,8,Rajasthan,248817,Amet,Municipality(Nagar Palika),328027
4015,8,Rajasthan,248817,Amet,Municipality(Nagar Palika),328024
4016,8,Rajasthan,248817,Amet,Municipality(Nagar Palika),313332
4017,8,Rajasthan,248857,Anta,Municipality(Nagar Palika),328024
4018,8,Rajasthan,248857,Anta,Municipality(Nagar Palika),328027
4019,8,Rajasthan,248857,Anta,Municipality(Nagar Palika),313325
4020,8,Rajasthan,248857,Anta,Municipality(Nagar Palika),325202
4021,8,Rajasthan,248656,Anupgarh,Municipality(Nagar Palika),328024
4022,8,Rajasthan,248656,Anupgarh,Municipality(Nagar Palika),313325
4023,8,Rajasthan,248656,Anupgarh,Municipality(Nagar Palika),335701
4024,8,Rajasthan,248656,Anupgarh,Municipality(Nagar Palika),328027
4025,8,Rajasthan,302889,Arnod,Municipal Council,312615
4026,8,Rajasthan,248808,Asind,Municipality(Nagar Palika),328027
4027,8,Rajasthan,248808,Asind,Municipality(Nagar Palika),311301
4028,8,Rajasthan,248808,Asind,Municipality(Nagar Palika),313325
4029,8,Rajasthan,248808,Asind,Municipality(Nagar Palika),328024
4030,8,Rajasthan,296934,Atru,Municipality(Nagar Palika),325218
4031,8,Rajasthan,296934,Atru,Municipality(Nagar Palika),328024
4032,8,Rajasthan,296934,Atru,Municipality(Nagar Palika),328027
4033,8,Rajasthan,296934,Atru,Municipality(Nagar Palika),313325
4034,8,Rajasthan,248684,Baggar,Municipality(Nagar Palika),328024
4035,8,Rajasthan,248684,Baggar,Municipality(Nagar Palika),328027
4036,8,Rajasthan,248684,Baggar,Municipality(Nagar Palika),333028
4037,8,Rajasthan,248684,Baggar,Municipality(Nagar Palika),313325
4038,8,Rajasthan,248735,Bagru,Municipality(Nagar Palika),328024
4039,8,Rajasthan,248735,Bagru,Municipality(Nagar Palika),313325
4040,8,Rajasthan,248735,Bagru,Municipality(Nagar Palika),303007
4041,8,Rajasthan,248735,Bagru,Municipality(Nagar Palika),328027
4042,8,Rajasthan,300344,Bahadurpur,Municipality(Nagar Palika),328027
4043,8,Rajasthan,300344,Bahadurpur,Municipality(Nagar Palika),301028
4044,8,Rajasthan,300344,Bahadurpur,Municipality(Nagar Palika),313325
4045,8,Rajasthan,300344,Bahadurpur,Municipality(Nagar Palika),328024
4046,8,Rajasthan,299784,Balesar Satta,Municipality(Nagar Palika),328024
4047,8,Rajasthan,299784,Balesar Satta,Municipality(Nagar Palika),313325
4048,8,Rajasthan,299784,Balesar Satta,Municipality(Nagar Palika),342023
4049,8,Rajasthan,299784,Balesar Satta,Municipality(Nagar Palika),328027
4050,8,Rajasthan,248785,Bali,Municipality(Nagar Palika),328027
4051,8,Rajasthan,248785,Bali,Municipality(Nagar Palika),328024
4052,8,Rajasthan,248785,Bali,Municipality(Nagar Palika),313325
4053,8,Rajasthan,248785,Bali,Municipality(Nagar Palika),306701
4054,8,Rajasthan,248765,Balotra,Municipal Council,305921
4055,8,Rajasthan,248765,Balotra,Municipal Council,313203
4056,8,Rajasthan,248765,Balotra,Municipal Council,344022
4057,8,Rajasthan,248765,Balotra,Municipal Council,344024
4058,8,Rajasthan,296936,Bamanwas,Municipality(Nagar Palika),313325
4059,8,Rajasthan,296936,Bamanwas,Municipality(Nagar Palika),328024
4060,8,Rajasthan,296936,Bamanwas,Municipality(Nagar Palika),322211
4061,8,Rajasthan,296936,Bamanwas,Municipality(Nagar Palika),328027
4062,8,Rajasthan,248722,Bandikui,Municipal Council,303315
4063,8,Rajasthan,248722,Bandikui,Municipal Council,313325
4064,8,Rajasthan,302924,Banera,Municipal Council,311401
4065,8,Rajasthan,296923,Bansur,Municipality(Nagar Palika),328027
4066,8,Rajasthan,296923,Bansur,Municipality(Nagar Palika),328024
4067,8,Rajasthan,296923,Bansur,Municipality(Nagar Palika),313325
4068,8,Rajasthan,296923,Bansur,Municipality(Nagar Palika),301402
4069,8,Rajasthan,248835,Banswara,Municipal Council,327001
4070,8,Rajasthan,248835,Banswara,Municipal Council,313203
4071,8,Rajasthan,248835,Banswara,Municipal Council,305921
4072,8,Rajasthan,301412,Bap,Municipality(Nagar Palika),328024
4073,8,Rajasthan,301412,Bap,Municipality(Nagar Palika),328027
4074,8,Rajasthan,301412,Bap,Municipality(Nagar Palika),334305
4075,8,Rajasthan,301412,Bap,Municipality(Nagar Palika),313325
4076,8,Rajasthan,248858,Baran,Municipal Council,325205
4077,8,Rajasthan,248858,Baran,Municipal Council,305921
4078,8,Rajasthan,248858,Baran,Municipal Council,313203
4079,8,Rajasthan,299974,Bardod,Municipality(Nagar Palika),328027
4080,8,Rajasthan,299974,Bardod,Municipality(Nagar Palika),313325
4081,8,Rajasthan,299974,Bardod,Municipality(Nagar Palika),328024
4082,8,Rajasthan,299974,Bardod,Municipality(Nagar Palika),301020
4083,8,Rajasthan,248712,Bari,Municipality(Nagar Palika),328024
4084,8,Rajasthan,248712,Bari,Municipality(Nagar Palika),313325
4085,8,Rajasthan,248712,Bari,Municipality(Nagar Palika),328021
4086,8,Rajasthan,248712,Bari,Municipality(Nagar Palika),328027
4087,8,Rajasthan,248843,Bari Sadri,Municipality(Nagar Palika),328027
4088,8,Rajasthan,248843,Bari Sadri,Municipality(Nagar Palika),312403
4089,8,Rajasthan,248843,Bari Sadri,Municipality(Nagar Palika),328024
4090,8,Rajasthan,248843,Bari Sadri,Municipality(Nagar Palika),313325
4091,8,Rajasthan,248766,Barmer,Municipal Council,313203
4092,8,Rajasthan,248766,Barmer,Municipal Council,305921
4093,8,Rajasthan,248766,Barmer,Municipal Council,344001
4094,8,Rajasthan,300347,Baroda Meo,Municipality(Nagar Palika),313325
4095,8,Rajasthan,300347,Baroda Meo,Municipality(Nagar Palika),301021
4096,8,Rajasthan,300347,Baroda Meo,Municipality(Nagar Palika),328024
4097,8,Rajasthan,300347,Baroda Meo,Municipality(Nagar Palika),328027
4098,8,Rajasthan,296931,Baseri,Municipality(Nagar Palika),328022
4099,8,Rajasthan,296931,Baseri,Municipality(Nagar Palika),313325
4100,8,Rajasthan,296931,Baseri,Municipality(Nagar Palika),328024
4101,8,Rajasthan,296931,Baseri,Municipality(Nagar Palika),328027
4102,8,Rajasthan,299976,Basni,Municipality(Nagar Palika),341021
4103,8,Rajasthan,299976,Basni,Municipality(Nagar Palika),313325
4104,8,Rajasthan,299976,Basni,Municipality(Nagar Palika),328024
4105,8,Rajasthan,299976,Basni,Municipality(Nagar Palika),328027
4106,8,Rajasthan,296925,Bassi,Municipality(Nagar Palika),328024
4107,8,Rajasthan,296925,Bassi,Municipality(Nagar Palika),328027
4108,8,Rajasthan,296925,Bassi,Municipality(Nagar Palika),313325
4109,8,Rajasthan,296925,Bassi,Municipality(Nagar Palika),303301
4110,8,Rajasthan,296925,Bassi,Municipality(Nagar Palika),303012
4111,8,Rajasthan,296925,Bassi,Municipality(Nagar Palika),303302
4112,8,Rajasthan,301411,Baswa,Municipality(Nagar Palika),303327
4113,8,Rajasthan,301411,Baswa,Municipality(Nagar Palika),313325
4114,8,Rajasthan,301411,Baswa,Municipality(Nagar Palika),328024
4115,8,Rajasthan,301411,Baswa,Municipality(Nagar Palika),328027
4116,8,Rajasthan,248711,Bayana,Municipality(Nagar Palika),328027
4117,8,Rajasthan,248711,Bayana,Municipality(Nagar Palika),313325
4118,8,Rajasthan,248711,Bayana,Municipality(Nagar Palika),321401
4119,8,Rajasthan,248711,Bayana,Municipality(Nagar Palika),328024
4120,8,Rajasthan,248790,Beawar,Municipal Council,313203
4121,8,Rajasthan,248790,Beawar,Municipal Council,305901
4122,8,Rajasthan,248790,Beawar,Municipal Council,305921
4123,8,Rajasthan,248837,Begun,Municipality(Nagar Palika),313325
4124,8,Rajasthan,248837,Begun,Municipality(Nagar Palika),328024
4125,8,Rajasthan,248837,Begun,Municipality(Nagar Palika),328027
4126,8,Rajasthan,248837,Begun,Municipality(Nagar Palika),312023
4127,8,Rajasthan,248694,Behror,Municipality(Nagar Palika),328024
4128,8,Rajasthan,248694,Behror,Municipality(Nagar Palika),313325
4129,8,Rajasthan,248694,Behror,Municipality(Nagar Palika),301701
4130,8,Rajasthan,248694,Behror,Municipality(Nagar Palika),328027
4131,8,Rajasthan,248666,Bhadra,Municipal Council,313325
4132,8,Rajasthan,248666,Bhadra,Municipal Council,335501
4133,8,Rajasthan,301435,Bhandarej,Municipality(Nagar Palika),303501
4134,8,Rajasthan,301435,Bhandarej,Municipality(Nagar Palika),313325
4135,8,Rajasthan,301435,Bhandarej,Municipality(Nagar Palika),328024
4136,8,Rajasthan,301435,Bhandarej,Municipality(Nagar Palika),328027
4137,8,Rajasthan,248708,Bharatpur,Municipal Corporation,321001
4138,8,Rajasthan,248867,Bhawani Mandi,Municipality(Nagar Palika),328027
4139,8,Rajasthan,248867,Bhawani Mandi,Municipality(Nagar Palika),328024
4140,8,Rajasthan,248867,Bhawani Mandi,Municipality(Nagar Palika),313325
4141,8,Rajasthan,248867,Bhawani Mandi,Municipality(Nagar Palika),326502
4142,8,Rajasthan,248812,Bhilwara,Municipal Corporation,311001
4143,8,Rajasthan,248812,Bhilwara,Municipal Corporation,313203
4144,8,Rajasthan,248812,Bhilwara,Municipal Corporation,305921
4145,8,Rajasthan,301436,Bhim,Municipality(Nagar Palika),328024
4146,8,Rajasthan,301436,Bhim,Municipality(Nagar Palika),328027
4147,8,Rajasthan,301436,Bhim,Municipality(Nagar Palika),313325
4148,8,Rajasthan,248823,Bhinder,Municipality(Nagar Palika),313325
4149,8,Rajasthan,248823,Bhinder,Municipality(Nagar Palika),313603
4150,8,Rajasthan,248823,Bhinder,Municipality(Nagar Palika),328024
4151,8,Rajasthan,248823,Bhinder,Municipality(Nagar Palika),328027
4152,8,Rajasthan,248768,Bhinmal,Municipality(Nagar Palika),313325
4153,8,Rajasthan,248768,Bhinmal,Municipality(Nagar Palika),328024
4154,8,Rajasthan,248768,Bhinmal,Municipality(Nagar Palika),328027
4155,8,Rajasthan,248768,Bhinmal,Municipality(Nagar Palika),343029
4156,8,Rajasthan,248695,Bhiwadi,Municipal Council,313203
4157,8,Rajasthan,248695,Bhiwadi,Municipal Council,305921
4158,8,Rajasthan,248695,Bhiwadi,Municipal Council,301019
4159,8,Rajasthan,296924,Bhopalgarh,Municipality(Nagar Palika),313325
4160,8,Rajasthan,296924,Bhopalgarh,Municipality(Nagar Palika),342603
4161,8,Rajasthan,296924,Bhopalgarh,Municipality(Nagar Palika),328027
4162,8,Rajasthan,296924,Bhopalgarh,Municipality(Nagar Palika),328024
4163,8,Rajasthan,248709,Bhusawar,Municipality(Nagar Palika),321406
4164,8,Rajasthan,248709,Bhusawar,Municipality(Nagar Palika),328027
4165,8,Rajasthan,248709,Bhusawar,Municipality(Nagar Palika),313325
4166,8,Rajasthan,248709,Bhusawar,Municipality(Nagar Palika),328024
4167,8,Rajasthan,248678,Bidasar,Municipal Council,313325
4168,8,Rajasthan,248678,Bidasar,Municipal Council,331501
4169,8,Rajasthan,302998,Bigod,Municipal Council,311601
4170,8,Rajasthan,301915,Bijoliya,Municipal Council,311602
4171,8,Rajasthan,301915,Bijoliya,Municipal Council,313203
4172,8,Rajasthan,301915,Bijoliya,Municipal Council,305921
4173,8,Rajasthan,248667,Bikaner,Municipal Corporation,334001
4174,8,Rajasthan,248762,Bilara,Municipality(Nagar Palika),342602
4175,8,Rajasthan,248762,Bilara,Municipality(Nagar Palika),328027
4176,8,Rajasthan,248762,Bilara,Municipality(Nagar Palika),328024
4177,8,Rajasthan,248762,Bilara,Municipality(Nagar Palika),342605
4178,8,Rajasthan,248762,Bilara,Municipality(Nagar Palika),313325
4179,8,Rajasthan,248681,Bissau,Municipality(Nagar Palika),328027
4180,8,Rajasthan,248681,Bissau,Municipality(Nagar Palika),313325
4181,8,Rajasthan,248681,Bissau,Municipality(Nagar Palika),328024
4182,8,Rajasthan,248681,Bissau,Municipality(Nagar Palika),331027
4183,8,Rajasthan,299825,Bonli,Municipality(Nagar Palika),328024
4184,8,Rajasthan,299825,Bonli,Municipality(Nagar Palika),328027
4185,8,Rajasthan,299825,Bonli,Municipality(Nagar Palika),313325
4186,8,Rajasthan,299825,Bonli,Municipality(Nagar Palika),322023
4187,8,Rajasthan,299534,Borawar,Municipality(Nagar Palika),313325
4188,8,Rajasthan,299534,Borawar,Municipality(Nagar Palika),341502
4189,8,Rajasthan,299534,Borawar,Municipality(Nagar Palika),328027
4190,8,Rajasthan,299534,Borawar,Municipality(Nagar Palika),328024
4191,8,Rajasthan,302876,Buhana,Municipal Council,333502
4192,8,Rajasthan,248806,Bundi,Municipal Council,313203
4193,8,Rajasthan,248806,Bundi,Municipal Council,323001
4194,8,Rajasthan,248806,Bundi,Municipal Council,305921
4195,8,Rajasthan,248737,Chaksu,Municipality(Nagar Palika),328024
4196,8,Rajasthan,248737,Chaksu,Municipality(Nagar Palika),313325
4197,8,Rajasthan,248737,Chaksu,Municipality(Nagar Palika),303901
4198,8,Rajasthan,248737,Chaksu,Municipality(Nagar Palika),328027
4199,8,Rajasthan,248860,Chhabra,Municipality(Nagar Palika),328024
4200,8,Rajasthan,248860,Chhabra,Municipality(Nagar Palika),328027
4201,8,Rajasthan,248860,Chhabra,Municipality(Nagar Palika),325220
4202,8,Rajasthan,248860,Chhabra,Municipality(Nagar Palika),313325
4203,8,Rajasthan,248679,Chhapar,Municipality(Nagar Palika),313325
4204,8,Rajasthan,248679,Chhapar,Municipality(Nagar Palika),328027
4205,8,Rajasthan,248679,Chhapar,Municipality(Nagar Palika),331502
4206,8,Rajasthan,248679,Chhapar,Municipality(Nagar Palika),328024
4207,8,Rajasthan,248842,Chhoti Sadri,Municipality(Nagar Palika),313325
4208,8,Rajasthan,248842,Chhoti Sadri,Municipality(Nagar Palika),328024
4209,8,Rajasthan,248842,Chhoti Sadri,Municipality(Nagar Palika),312604
4210,8,Rajasthan,248842,Chhoti Sadri,Municipality(Nagar Palika),328027
4211,8,Rajasthan,248687,Chirawa,Municipality(Nagar Palika),313325
4212,8,Rajasthan,248687,Chirawa,Municipality(Nagar Palika),328027
4213,8,Rajasthan,248687,Chirawa,Municipality(Nagar Palika),333026
4214,8,Rajasthan,248687,Chirawa,Municipality(Nagar Palika),328024
4215,8,Rajasthan,248839,Chittorgarh,Municipal Council,305921
4216,8,Rajasthan,248839,Chittorgarh,Municipal Council,313203
4217,8,Rajasthan,248839,Chittorgarh,Municipal Council,312001
4218,8,Rajasthan,302181,Chohtan,Municipal Council,305921
4219,8,Rajasthan,302181,Chohtan,Municipal Council,344702
4220,8,Rajasthan,302181,Chohtan,Municipal Council,313203
4221,8,Rajasthan,248730,Chomu,Municipality(Nagar Palika),303706
4222,8,Rajasthan,248730,Chomu,Municipality(Nagar Palika),303602
4223,8,Rajasthan,248730,Chomu,Municipality(Nagar Palika),303701
4224,8,Rajasthan,248730,Chomu,Municipality(Nagar Palika),303702
4225,8,Rajasthan,248730,Chomu,Municipality(Nagar Palika),303704
4226,8,Rajasthan,248730,Chomu,Municipality(Nagar Palika),303803
4227,8,Rajasthan,248730,Chomu,Municipality(Nagar Palika),303804
4228,8,Rajasthan,248730,Chomu,Municipality(Nagar Palika),303806
4229,8,Rajasthan,248730,Chomu,Municipality(Nagar Palika),303807
4230,8,Rajasthan,248730,Chomu,Municipality(Nagar Palika),313325
4231,8,Rajasthan,248730,Chomu,Municipality(Nagar Palika),328024
4232,8,Rajasthan,248730,Chomu,Municipality(Nagar Palika),328027
4233,8,Rajasthan,248673,Churu,Municipal Council,331001
4234,8,Rajasthan,248673,Churu,Municipal Council,313203
4235,8,Rajasthan,248673,Churu,Municipal Council,305921
4236,8,Rajasthan,302855,Dag,Municipal Council,326514
4237,8,Rajasthan,299941,Danta,Municipality(Nagar Palika),313325
4238,8,Rajasthan,299941,Danta,Municipality(Nagar Palika),332703
4239,8,Rajasthan,299941,Danta,Municipality(Nagar Palika),328027
4240,8,Rajasthan,299941,Danta,Municipality(Nagar Palika),328024
4241,8,Rajasthan,248725,Dausa,Municipal Council,313203
4242,8,Rajasthan,248725,Dausa,Municipal Council,303303
4243,8,Rajasthan,248725,Dausa,Municipal Council,305921
4244,8,Rajasthan,248705,Deeg,Municipal Council,321203
4245,8,Rajasthan,248705,Deeg,Municipal Council,305921
4246,8,Rajasthan,248705,Deeg,Municipal Council,313203
4247,8,Rajasthan,277231,Degana,Municipality(Nagar Palika),328024
4248,8,Rajasthan,277231,Degana,Municipality(Nagar Palika),313325
4249,8,Rajasthan,277231,Degana,Municipality(Nagar Palika),341503
4250,8,Rajasthan,277231,Degana,Municipality(Nagar Palika),328027
4251,8,Rajasthan,301414,Dei,Municipality(Nagar Palika),328024
4252,8,Rajasthan,301414,Dei,Municipality(Nagar Palika),313325
4253,8,Rajasthan,301414,Dei,Municipality(Nagar Palika),323802
4254,8,Rajasthan,301414,Dei,Municipality(Nagar Palika),328027
4255,8,Rajasthan,248816,Deogarh,Municipality(Nagar Palika),328024
4256,8,Rajasthan,248816,Deogarh,Municipality(Nagar Palika),328027
4257,8,Rajasthan,248816,Deogarh,Municipality(Nagar Palika),313325
4258,8,Rajasthan,248816,Deogarh,Municipality(Nagar Palika),313331
4259,8,Rajasthan,248799,Deoli,Municipal Council,313325
4260,8,Rajasthan,248799,Deoli,Municipal Council,304804
4261,8,Rajasthan,248668,Deshnoke,Municipality(Nagar Palika),328024
4262,8,Rajasthan,248668,Deshnoke,Municipality(Nagar Palika),328027
4263,8,Rajasthan,248668,Deshnoke,Municipality(Nagar Palika),334801
4264,8,Rajasthan,248668,Deshnoke,Municipality(Nagar Palika),313325
4265,8,Rajasthan,299942,Dhariawad,Municipality(Nagar Palika),312625
4266,8,Rajasthan,299942,Dhariawad,Municipality(Nagar Palika),313325
4267,8,Rajasthan,299942,Dhariawad,Municipality(Nagar Palika),328024
4268,8,Rajasthan,299942,Dhariawad,Municipality(Nagar Palika),328027
4269,8,Rajasthan,248713,Dhaulpur,Municipal Council,313203
4270,8,Rajasthan,248713,Dhaulpur,Municipal Council,305921
4271,8,Rajasthan,248713,Dhaulpur,Municipal Council,328001
4272,8,Rajasthan,302255,Dhod,Municipality(Nagar Palika),328024
4273,8,Rajasthan,302255,Dhod,Municipality(Nagar Palika),313325
4274,8,Rajasthan,302255,Dhod,Municipality(Nagar Palika),328027
4275,8,Rajasthan,302255,Dhod,Municipality(Nagar Palika),332002
4276,8,Rajasthan,302257,Dhorimanna,Municipality(Nagar Palika),313325
4277,8,Rajasthan,302257,Dhorimanna,Municipality(Nagar Palika),328027
4278,8,Rajasthan,302257,Dhorimanna,Municipality(Nagar Palika),344704
4279,8,Rajasthan,302257,Dhorimanna,Municipality(Nagar Palika),328024
4280,8,Rajasthan,248748,Didwana,Municipality(Nagar Palika),303511
4281,8,Rajasthan,248748,Didwana,Municipality(Nagar Palika),313325
4282,8,Rajasthan,248748,Didwana,Municipality(Nagar Palika),341303
4283,8,Rajasthan,248748,Didwana,Municipality(Nagar Palika),328027
4284,8,Rajasthan,248748,Didwana,Municipality(Nagar Palika),328024
4285,8,Rajasthan,301914,Diggi,Municipal Council,304504
4286,8,Rajasthan,301914,Diggi,Municipal Council,305921
4287,8,Rajasthan,301914,Diggi,Municipal Council,313203
4288,8,Rajasthan,301439,Dooni,Municipality(Nagar Palika),328024
4289,8,Rajasthan,301439,Dooni,Municipality(Nagar Palika),328027
4290,8,Rajasthan,301439,Dooni,Municipality(Nagar Palika),313325
4291,8,Rajasthan,301439,Dooni,Municipality(Nagar Palika),304802
4292,8,Rajasthan,301438,Dudu,Municipal Council,303008
4293,8,Rajasthan,301438,Dudu,Municipal Council,305921
4294,8,Rajasthan,301438,Dudu,Municipal Council,313203
4295,8,Rajasthan,301913,Dundlod,Municipal Council,333702
4296,8,Rajasthan,301913,Dundlod,Municipal Council,305921
4297,8,Rajasthan,301913,Dundlod,Municipal Council,313203
4298,8,Rajasthan,248831,Dungarpur,Municipal Council,314001
4299,8,Rajasthan,248831,Dungarpur,Municipal Council,305921
4300,8,Rajasthan,248831,Dungarpur,Municipal Council,313203
4301,8,Rajasthan,248784,Falna,Municipality(Nagar Palika),328024
4302,8,Rajasthan,248784,Falna,Municipality(Nagar Palika),328027
4303,8,Rajasthan,248784,Falna,Municipality(Nagar Palika),313325
4304,8,Rajasthan,248784,Falna,Municipality(Nagar Palika),306116
4305,8,Rajasthan,248821,Fatehnagar,Municipality(Nagar Palika),328027
4306,8,Rajasthan,248821,Fatehnagar,Municipality(Nagar Palika),313205
4307,8,Rajasthan,248821,Fatehnagar,Municipality(Nagar Palika),328024
4308,8,Rajasthan,248821,Fatehnagar,Municipality(Nagar Palika),313325
4309,8,Rajasthan,248739,Fatehpur,Municipality(Nagar Palika),328027
4310,8,Rajasthan,248739,Fatehpur,Municipality(Nagar Palika),328024
4311,8,Rajasthan,248739,Fatehpur,Municipality(Nagar Palika),313325
4312,8,Rajasthan,248739,Fatehpur,Municipality(Nagar Palika),332301
4313,8,Rajasthan,301440,Fhagi,Municipality(Nagar Palika),303005
4314,8,Rajasthan,301440,Fhagi,Municipality(Nagar Palika),328027
4315,8,Rajasthan,301440,Fhagi,Municipality(Nagar Palika),313325
4316,8,Rajasthan,301440,Fhagi,Municipality(Nagar Palika),328024
4317,8,Rajasthan,248654,Gajsinghpur,Municipality(Nagar Palika),335024
4318,8,Rajasthan,248654,Gajsinghpur,Municipality(Nagar Palika),313325
4319,8,Rajasthan,248654,Gajsinghpur,Municipality(Nagar Palika),328024
4320,8,Rajasthan,248654,Gajsinghpur,Municipality(Nagar Palika),328027
4321,8,Rajasthan,248811,Gangapur,Municipality(Nagar Palika),311801
4322,8,Rajasthan,248811,Gangapur,Municipality(Nagar Palika),328024
4323,8,Rajasthan,248811,Gangapur,Municipality(Nagar Palika),313325
4324,8,Rajasthan,248811,Gangapur,Municipality(Nagar Palika),328027
4325,8,Rajasthan,248718,Gangapur City,Municipal Council,313203
4326,8,Rajasthan,248718,Gangapur City,Municipal Council,322201
4327,8,Rajasthan,248718,Gangapur City,Municipal Council,305921
4328,8,Rajasthan,302263,Gharsana,Municipality(Nagar Palika),328027
4329,8,Rajasthan,302263,Gharsana,Municipality(Nagar Palika),328024
4330,8,Rajasthan,302263,Gharsana,Municipality(Nagar Palika),313325
4331,8,Rajasthan,301442,Goluwala,Municipality(Nagar Palika),313325
4332,8,Rajasthan,301442,Goluwala,Municipality(Nagar Palika),328024
4333,8,Rajasthan,301442,Goluwala,Municipality(Nagar Palika),328027
4334,8,Rajasthan,301442,Goluwala,Municipality(Nagar Palika),335805
4335,8,Rajasthan,299536,Govindgarh,Municipal Council,301604
4336,8,Rajasthan,299536,Govindgarh,Municipal Council,313325
4337,8,Rajasthan,299536,Govindgarh,Municipal Council,303803
4338,8,Rajasthan,299536,Govindgarh,Municipal Council,303804
4339,8,Rajasthan,299536,Govindgarh,Municipal Council,303801
4340,8,Rajasthan,299536,Govindgarh,Municipal Council,303712
4341,8,Rajasthan,299536,Govindgarh,Municipal Council,303602
4342,8,Rajasthan,302204,Gudhamalani,Municipality(Nagar Palika),313203
4343,8,Rajasthan,302204,Gudhamalani,Municipality(Nagar Palika),344031
4344,8,Rajasthan,302204,Gudhamalani,Municipality(Nagar Palika),328027
4345,8,Rajasthan,302204,Gudhamalani,Municipality(Nagar Palika),305921
4346,8,Rajasthan,302204,Gudhamalani,Municipality(Nagar Palika),328024
4347,8,Rajasthan,248809,Gulabpura,Municipality(Nagar Palika),313325
4348,8,Rajasthan,248809,Gulabpura,Municipality(Nagar Palika),328024
4349,8,Rajasthan,248809,Gulabpura,Municipality(Nagar Palika),328027
4350,8,Rajasthan,248809,Gulabpura,Municipality(Nagar Palika),311021
4351,8,Rajasthan,299936,Hameergarh,Municipality(Nagar Palika),311025
4352,8,Rajasthan,299936,Hameergarh,Municipality(Nagar Palika),328027
4353,8,Rajasthan,299936,Hameergarh,Municipality(Nagar Palika),328024
4354,8,Rajasthan,299936,Hameergarh,Municipality(Nagar Palika),313325
4355,8,Rajasthan,248662,Hanumangarh,Municipal Council,335512
4356,8,Rajasthan,248662,Hanumangarh,Municipal Council,305921
4357,8,Rajasthan,248662,Hanumangarh,Municipal Council,313203
4358,8,Rajasthan,248716,Hindaun City,Municipal Council,322230
4359,8,Rajasthan,248716,Hindaun City,Municipal Council,313203
4360,8,Rajasthan,248716,Hindaun City,Municipal Council,305921
4361,8,Rajasthan,303112,Hindoli,Municipality(Nagar Palika),323023
4362,8,Rajasthan,303112,Hindoli,Municipality(Nagar Palika),328027
4363,8,Rajasthan,303112,Hindoli,Municipality(Nagar Palika),328024
4364,8,Rajasthan,248802,Indragarh,Municipality(Nagar Palika),328024
4365,8,Rajasthan,248802,Indragarh,Municipality(Nagar Palika),313325
4366,8,Rajasthan,248802,Indragarh,Municipality(Nagar Palika),328027
4367,8,Rajasthan,248802,Indragarh,Municipality(Nagar Palika),323613
4368,8,Rajasthan,263007,Itawa,Municipality(Nagar Palika),313325
4369,8,Rajasthan,263007,Itawa,Municipality(Nagar Palika),325204
4370,8,Rajasthan,263007,Itawa,Municipality(Nagar Palika),328024
4371,8,Rajasthan,263007,Itawa,Municipality(Nagar Palika),328027
4372,8,Rajasthan,248813,Jahazpur,Municipality(Nagar Palika),328024
4373,8,Rajasthan,248813,Jahazpur,Municipality(Nagar Palika),311201
4374,8,Rajasthan,248813,Jahazpur,Municipality(Nagar Palika),313325
4375,8,Rajasthan,248813,Jahazpur,Municipality(Nagar Palika),328027
4376,8,Rajasthan,303088,Jaipur,Municipal Corporation,302015
4377,8,Rajasthan,248763,Jaisalmer,Municipal Council,345001
4378,8,Rajasthan,248763,Jaisalmer,Municipal Council,305921
4379,8,Rajasthan,248763,Jaisalmer,Municipal Council,313203
4380,8,Rajasthan,248775,Jaitaran,Municipality(Nagar Palika),313325
4381,8,Rajasthan,248775,Jaitaran,Municipality(Nagar Palika),306302
4382,8,Rajasthan,248775,Jaitaran,Municipality(Nagar Palika),328024
4383,8,Rajasthan,248775,Jaitaran,Municipality(Nagar Palika),328027
4384,8,Rajasthan,301912,Jakhal,Municipal Council,305921
4385,8,Rajasthan,301912,Jakhal,Municipal Council,313203
4386,8,Rajasthan,301912,Jakhal,Municipal Council,333305
4387,8,Rajasthan,248767,Jalore,Municipal Council,305921
4388,8,Rajasthan,248767,Jalore,Municipal Council,313203
4389,8,Rajasthan,248767,Jalore,Municipal Council,343001
4390,8,Rajasthan,301911,Jamwa Ramgarh,Municipal Council,303109
4391,8,Rajasthan,301911,Jamwa Ramgarh,Municipal Council,313325
4392,8,Rajasthan,299764,Jayal,Municipality(Nagar Palika),328024
4393,8,Rajasthan,299764,Jayal,Municipality(Nagar Palika),341023
4394,8,Rajasthan,299764,Jayal,Municipality(Nagar Palika),328027
4395,8,Rajasthan,299764,Jayal,Municipality(Nagar Palika),313325
4396,8,Rajasthan,248862,Jhalawar,Municipal Council,313203
4397,8,Rajasthan,248862,Jhalawar,Municipal Council,305921
4398,8,Rajasthan,248862,Jhalawar,Municipal Council,326001
4399,8,Rajasthan,248863,Jhalrapatan,Municipal Council,313325
4400,8,Rajasthan,248863,Jhalrapatan,Municipal Council,326023
4401,8,Rajasthan,248683,Jhunjhunun,Municipal Council,333001
4402,8,Rajasthan,248683,Jhunjhunun,Municipal Council,313203
4403,8,Rajasthan,248683,Jhunjhunun,Municipal Council,305921
4404,8,Rajasthan,248732,Jobner,Municipality(Nagar Palika),303328
4405,8,Rajasthan,248732,Jobner,Municipality(Nagar Palika),328027
4406,8,Rajasthan,248732,Jobner,Municipality(Nagar Palika),328024
4407,8,Rajasthan,248732,Jobner,Municipality(Nagar Palika),313325
4408,8,Rajasthan,302800,Kaladera,Municipal Council,303801
4409,8,Rajasthan,248703,Kaman,Municipality(Nagar Palika),328024
4410,8,Rajasthan,248703,Kaman,Municipality(Nagar Palika),328027
4411,8,Rajasthan,248703,Kaman,Municipality(Nagar Palika),321022
4412,8,Rajasthan,248703,Kaman,Municipality(Nagar Palika),313325
4413,8,Rajasthan,248824,Kanor,Municipality(Nagar Palika),328024
4414,8,Rajasthan,248824,Kanor,Municipality(Nagar Palika),328027
4415,8,Rajasthan,248824,Kanor,Municipality(Nagar Palika),313604
4416,8,Rajasthan,248824,Kanor,Municipality(Nagar Palika),313325
4417,8,Rajasthan,302921,Kanota,Municipal Council,303012
4418,8,Rajasthan,248840,Kapasan,Municipality(Nagar Palika),328024
4419,8,Rajasthan,248840,Kapasan,Municipality(Nagar Palika),312202
4420,8,Rajasthan,248840,Kapasan,Municipality(Nagar Palika),313325
4421,8,Rajasthan,248840,Kapasan,Municipality(Nagar Palika),328027
4422,8,Rajasthan,248804,Kaprain,Municipality(Nagar Palika),323301
4423,8,Rajasthan,248804,Kaprain,Municipality(Nagar Palika),328027
4424,8,Rajasthan,248804,Kaprain,Municipality(Nagar Palika),328024
4425,8,Rajasthan,248804,Kaprain,Municipality(Nagar Palika),313325
4426,8,Rajasthan,248717,Karauli,Municipal Council,305921
4427,8,Rajasthan,248717,Karauli,Municipal Council,322241
4428,8,Rajasthan,248717,Karauli,Municipal Council,313203
4429,8,Rajasthan,301415,Kathumar,Municipal Council,301415
4430,8,Rajasthan,301415,Kathumar,Municipal Council,313203
4431,8,Rajasthan,301415,Kathumar,Municipal Council,305921
4432,8,Rajasthan,248793,Kekri,Municipality(Nagar Palika),305404
4433,8,Rajasthan,248793,Kekri,Municipality(Nagar Palika),328024
4434,8,Rajasthan,248793,Kekri,Municipality(Nagar Palika),313325
4435,8,Rajasthan,248793,Kekri,Municipality(Nagar Palika),328027
4436,8,Rajasthan,248805,Keshoraipatan,Municipality(Nagar Palika),323601
4437,8,Rajasthan,248805,Keshoraipatan,Municipality(Nagar Palika),328027
4438,8,Rajasthan,248805,Keshoraipatan,Municipality(Nagar Palika),313325
4439,8,Rajasthan,248805,Keshoraipatan,Municipality(Nagar Palika),328024
4440,8,Rajasthan,248649,Kesrisinghpur,Municipality(Nagar Palika),328027
4441,8,Rajasthan,248649,Kesrisinghpur,Municipality(Nagar Palika),335027
4442,8,Rajasthan,248649,Kesrisinghpur,Municipality(Nagar Palika),328024
4443,8,Rajasthan,248649,Kesrisinghpur,Municipality(Nagar Palika),313325
4444,8,Rajasthan,248698,Khairthal-Tijara,Municipal Council,313325
4445,8,Rajasthan,248698,Khairthal-Tijara,Municipal Council,301404
4446,8,Rajasthan,299753,Khajuwala,Municipality(Nagar Palika),328027
4447,8,Rajasthan,299753,Khajuwala,Municipality(Nagar Palika),334023
4448,8,Rajasthan,299753,Khajuwala,Municipality(Nagar Palika),328024
4449,8,Rajasthan,299753,Khajuwala,Municipality(Nagar Palika),313325
4450,8,Rajasthan,302262,Khandar,Municipality(Nagar Palika),328024
4451,8,Rajasthan,302262,Khandar,Municipality(Nagar Palika),328027
4452,8,Rajasthan,302262,Khandar,Municipality(Nagar Palika),313325
4453,8,Rajasthan,302262,Khandar,Municipality(Nagar Palika),322025
4454,8,Rajasthan,248743,Khandela,Municipal Council,313325
4455,8,Rajasthan,248743,Khandela,Municipal Council,332709
4456,8,Rajasthan,302856,Khanpur,Municipal Council,326038
4457,8,Rajasthan,302919,Khatu Khurd,Municipal Council,341502
4458,8,Rajasthan,277601,Khatushyamji,Municipality(Nagar Palika),332602
4459,8,Rajasthan,277601,Khatushyamji,Municipality(Nagar Palika),313325
4460,8,Rajasthan,277601,Khatushyamji,Municipality(Nagar Palika),328024
4461,8,Rajasthan,277601,Khatushyamji,Municipality(Nagar Palika),328027
4462,8,Rajasthan,302813,Khejroli,Municipal Council,303803
4463,8,Rajasthan,248702,Kherli,Municipal Council,313325
4464,8,Rajasthan,248702,Kherli,Municipal Council,321606
4465,8,Rajasthan,248690,Khetri,Municipal Council,333503
4466,8,Rajasthan,248690,Khetri,Municipal Council,313325
4467,8,Rajasthan,248786,Kishangarh,Municipal Council,305921
4468,8,Rajasthan,248786,Kishangarh,Municipal Council,305801
4469,8,Rajasthan,248786,Kishangarh,Municipal Council,305802
4470,8,Rajasthan,248786,Kishangarh,Municipal Council,313203
4471,8,Rajasthan,277233,Kishangarhbas,Municipality(Nagar Palika),328024
4472,8,Rajasthan,277233,Kishangarhbas,Municipality(Nagar Palika),313325
4473,8,Rajasthan,277233,Kishangarhbas,Municipality(Nagar Palika),301405
4474,8,Rajasthan,277233,Kishangarhbas,Municipality(Nagar Palika),328027
4475,8,Rajasthan,248731,Kishangarh Renwal,Municipality(Nagar Palika),328024
4476,8,Rajasthan,248731,Kishangarh Renwal,Municipality(Nagar Palika),313325
4477,8,Rajasthan,248731,Kishangarh Renwal,Municipality(Nagar Palika),328027
4478,8,Rajasthan,248731,Kishangarh Renwal,Municipality(Nagar Palika),303603
4479,8,Rajasthan,248731,Kishangarh Renwal,Municipality(Nagar Palika),303602
4480,8,Rajasthan,303090,Kota,Municipal Corporation,324009
4481,8,Rajasthan,299535,Kotkasim,Municipality(Nagar Palika),301702
4482,8,Rajasthan,299535,Kotkasim,Municipality(Nagar Palika),328024
4483,8,Rajasthan,299535,Kotkasim,Municipality(Nagar Palika),313325
4484,8,Rajasthan,299535,Kotkasim,Municipality(Nagar Palika),328027
4485,8,Rajasthan,248727,Kotputli,Municipal Council,313203
4486,8,Rajasthan,248727,Kotputli,Municipal Council,303108
4487,8,Rajasthan,248727,Kotputli,Municipal Council,305921
4488,8,Rajasthan,248757,Kuchaman City,Municipality(Nagar Palika),328024
4489,8,Rajasthan,248757,Kuchaman City,Municipality(Nagar Palika),313325
4490,8,Rajasthan,248757,Kuchaman City,Municipality(Nagar Palika),328027
4491,8,Rajasthan,248757,Kuchaman City,Municipality(Nagar Palika),341508
4492,8,Rajasthan,248752,Kuchera,Municipality(Nagar Palika),313325
4493,8,Rajasthan,248752,Kuchera,Municipality(Nagar Palika),341024
4494,8,Rajasthan,248752,Kuchera,Municipality(Nagar Palika),328027
4495,8,Rajasthan,248752,Kuchera,Municipality(Nagar Palika),328024
4496,8,Rajasthan,248707,Kumher,Municipality(Nagar Palika),328027
4497,8,Rajasthan,248707,Kumher,Municipality(Nagar Palika),328024
4498,8,Rajasthan,248707,Kumher,Municipality(Nagar Palika),321201
4499,8,Rajasthan,248707,Kumher,Municipality(Nagar Palika),313325
4500,8,Rajasthan,248836,Kushalgarh,Municipality(Nagar Palika),328027
4501,8,Rajasthan,248836,Kushalgarh,Municipality(Nagar Palika),328024
4502,8,Rajasthan,248836,Kushalgarh,Municipality(Nagar Palika),327801
4503,8,Rajasthan,248836,Kushalgarh,Municipality(Nagar Palika),313325
4504,8,Rajasthan,248740,Lachhmangarh,Municipal Council,332311
4505,8,Rajasthan,248740,Lachhmangarh,Municipal Council,313325
4506,8,Rajasthan,248747,Ladnu,Municipality(Nagar Palika),341306
4507,8,Rajasthan,248747,Ladnu,Municipality(Nagar Palika),313325
4508,8,Rajasthan,248747,Ladnu,Municipality(Nagar Palika),328024
4509,8,Rajasthan,248747,Ladnu,Municipality(Nagar Palika),328027
4510,8,Rajasthan,248803,Lakheri,Municipality(Nagar Palika),323603
4511,8,Rajasthan,248803,Lakheri,Municipality(Nagar Palika),328024
4512,8,Rajasthan,248803,Lakheri,Municipality(Nagar Palika),313325
4513,8,Rajasthan,248803,Lakheri,Municipality(Nagar Palika),328027
4514,8,Rajasthan,248726,Lalsot,Municipal Council,303505
4515,8,Rajasthan,248726,Lalsot,Municipal Council,313325
4516,8,Rajasthan,301909,Lambaharising,Municipal Council,304503
4517,8,Rajasthan,301909,Lambaharising,Municipal Council,305921
4518,8,Rajasthan,301909,Lambaharising,Municipal Council,313203
4519,8,Rajasthan,301406,Lawan,Municipal Council,303004
4520,8,Rajasthan,301406,Lawan,Municipal Council,313203
4521,8,Rajasthan,301406,Lawan,Municipal Council,305921
4522,8,Rajasthan,296915,Laxmangarh (Alwar),Municipality(Nagar Palika),313325
4523,8,Rajasthan,296915,Laxmangarh (Alwar),Municipality(Nagar Palika),328027
4524,8,Rajasthan,296915,Laxmangarh (Alwar),Municipality(Nagar Palika),328024
4525,8,Rajasthan,296915,Laxmangarh (Alwar),Municipality(Nagar Palika),321607
4526,8,Rajasthan,248742,Losal,Municipal Council,332025
4527,8,Rajasthan,248742,Losal,Municipal Council,313325
4528,8,Rajasthan,302182,Lunkaransar,Municipal Council,305921
4529,8,Rajasthan,302182,Lunkaransar,Municipal Council,334603
4530,8,Rajasthan,302182,Lunkaransar,Municipal Council,313203
4531,8,Rajasthan,275691,Mahwa,Municipal Council,321609
4532,8,Rajasthan,275691,Mahwa,Municipal Council,321608
4533,8,Rajasthan,275691,Mahwa,Municipal Council,313325
4534,8,Rajasthan,248756,Makrana,Municipal Council,305921
4535,8,Rajasthan,248756,Makrana,Municipal Council,313203
4536,8,Rajasthan,248756,Makrana,Municipal Council,341505
4537,8,Rajasthan,301407,Malakheda,Municipal Council,301406
4538,8,Rajasthan,301407,Malakheda,Municipal Council,305921
4539,8,Rajasthan,301407,Malakheda,Municipal Council,313203
4540,8,Rajasthan,248794,Malpura,Municipal Council,304502
4541,8,Rajasthan,248794,Malpura,Municipal Council,313325
4542,8,Rajasthan,302612,Malsisar,Municipal Council,331028
4543,8,Rajasthan,302612,Malsisar,Municipal Council,305921
4544,8,Rajasthan,302612,Malsisar,Municipal Council,313203
4545,8,Rajasthan,248814,Mandalgarh,Municipality(Nagar Palika),313325
4546,8,Rajasthan,248814,Mandalgarh,Municipality(Nagar Palika),328024
4547,8,Rajasthan,248814,Mandalgarh,Municipality(Nagar Palika),328027
4548,8,Rajasthan,248814,Mandalgarh,Municipality(Nagar Palika),311604
4549,8,Rajasthan,302890,Mandar,Municipal Council,307513
4550,8,Rajasthan,248682,Mandawa,Municipality(Nagar Palika),313325
4551,8,Rajasthan,248682,Mandawa,Municipality(Nagar Palika),333704
4552,8,Rajasthan,248682,Mandawa,Municipality(Nagar Palika),328027
4553,8,Rajasthan,248682,Mandawa,Municipality(Nagar Palika),328024
4554,8,Rajasthan,299765,Mandawar,Municipality(Nagar Palika),328027
4555,8,Rajasthan,299765,Mandawar,Municipality(Nagar Palika),313325
4556,8,Rajasthan,299765,Mandawar,Municipality(Nagar Palika),325204
4557,8,Rajasthan,299765,Mandawar,Municipality(Nagar Palika),328024
4558,8,Rajasthan,296926,Mandawari,Municipality(Nagar Palika),328024
4559,8,Rajasthan,296926,Mandawari,Municipality(Nagar Palika),328027
4560,8,Rajasthan,296926,Mandawari,Municipality(Nagar Palika),303504
4561,8,Rajasthan,296926,Mandawari,Municipality(Nagar Palika),313325
4562,8,Rajasthan,302222,Mandhan,Municipal Council,313203
4563,8,Rajasthan,302222,Mandhan,Municipal Council,301704
4564,8,Rajasthan,302222,Mandhan,Municipal Council,305921
4565,8,Rajasthan,301413,Mandrayal,Municipal Council,322251
4566,8,Rajasthan,301413,Mandrayal,Municipal Council,313203
4567,8,Rajasthan,301413,Mandrayal,Municipal Council,305921
4568,8,Rajasthan,302801,Mandrela,Municipality(Nagar Palika),328024
4569,8,Rajasthan,302801,Mandrela,Municipality(Nagar Palika),333025
4570,8,Rajasthan,302801,Mandrela,Municipality(Nagar Palika),328027
4571,8,Rajasthan,248856,Mangrol,Municipality(Nagar Palika),328024
4572,8,Rajasthan,248856,Mangrol,Municipality(Nagar Palika),313325
4573,8,Rajasthan,248856,Mangrol,Municipality(Nagar Palika),325215
4574,8,Rajasthan,248856,Mangrol,Municipality(Nagar Palika),328027
4575,8,Rajasthan,302896,Maniyan,Municipal Council,302896
4576,8,Rajasthan,300350,Manoharpur,Municipality(Nagar Palika),328024
4577,8,Rajasthan,300350,Manoharpur,Municipality(Nagar Palika),328027
4578,8,Rajasthan,300350,Manoharpur,Municipality(Nagar Palika),313325
4579,8,Rajasthan,300350,Manoharpur,Municipality(Nagar Palika),303104
4580,8,Rajasthan,302858,Manoharthana,Municipal Council,326037
4581,8,Rajasthan,300322,Marwar Junction,Municipality(Nagar Palika),328024
4582,8,Rajasthan,300322,Marwar Junction,Municipality(Nagar Palika),306301
4583,8,Rajasthan,300322,Marwar Junction,Municipality(Nagar Palika),328027
4584,8,Rajasthan,300322,Marwar Junction,Municipality(Nagar Palika),313325
4585,8,Rajasthan,300322,Marwar Junction,Municipality(Nagar Palika),306001
4586,8,Rajasthan,302261,Masuda,Municipality(Nagar Palika),328024
4587,8,Rajasthan,302261,Masuda,Municipality(Nagar Palika),313325
4588,8,Rajasthan,302261,Masuda,Municipality(Nagar Palika),328027
4589,8,Rajasthan,302802,Mathaniya,Municipality(Nagar Palika),328024
4590,8,Rajasthan,302802,Mathaniya,Municipality(Nagar Palika),328027
4591,8,Rajasthan,302802,Mathaniya,Municipality(Nagar Palika),342305
4592,8,Rajasthan,301445,Mawali,Municipal Council,305921
4593,8,Rajasthan,301445,Mawali,Municipal Council,313203
4594,8,Rajasthan,248753,Merta City,Municipality(Nagar Palika),313325
4595,8,Rajasthan,248753,Merta City,Municipality(Nagar Palika),341510
4596,8,Rajasthan,248753,Merta City,Municipality(Nagar Palika),328024
4597,8,Rajasthan,248753,Merta City,Municipality(Nagar Palika),328027
4598,8,Rajasthan,301906,Mertaroad,Municipality(Nagar Palika),341511
4599,8,Rajasthan,301906,Mertaroad,Municipality(Nagar Palika),328024
4600,8,Rajasthan,301906,Mertaroad,Municipality(Nagar Palika),328027
4601,8,Rajasthan,301906,Mertaroad,Municipality(Nagar Palika),313325
4602,8,Rajasthan,248773,Mount Abu,Municipality(Nagar Palika),328024
4603,8,Rajasthan,248773,Mount Abu,Municipality(Nagar Palika),313325
4604,8,Rajasthan,248773,Mount Abu,Municipality(Nagar Palika),307501
4605,8,Rajasthan,248773,Mount Abu,Municipality(Nagar Palika),328027
4606,8,Rajasthan,248691,Mukandgarh,Municipality(Nagar Palika),333705
4607,8,Rajasthan,248691,Mukandgarh,Municipality(Nagar Palika),328027
4608,8,Rajasthan,248691,Mukandgarh,Municipality(Nagar Palika),328024
4609,8,Rajasthan,248691,Mukandgarh,Municipality(Nagar Palika),313325
4610,8,Rajasthan,301461,Mundawar,Municipality(Nagar Palika),328024
4611,8,Rajasthan,301461,Mundawar,Municipality(Nagar Palika),328027
4612,8,Rajasthan,301461,Mundawar,Municipality(Nagar Palika),313325
4613,8,Rajasthan,301461,Mundawar,Municipality(Nagar Palika),301407
4614,8,Rajasthan,248751,Mundwa,Municipality(Nagar Palika),313325
4615,8,Rajasthan,248751,Mundwa,Municipality(Nagar Palika),341026
4616,8,Rajasthan,248751,Mundwa,Municipality(Nagar Palika),328027
4617,8,Rajasthan,248751,Mundwa,Municipality(Nagar Palika),328024
4618,8,Rajasthan,248706,Nadbai,Municipal Council,313325
4619,8,Rajasthan,248706,Nadbai,Municipal Council,321602
4620,8,Rajasthan,248704,Nagar,Municipality(Nagar Palika),313325
4621,8,Rajasthan,248704,Nagar,Municipality(Nagar Palika),328027
4622,8,Rajasthan,248704,Nagar,Municipality(Nagar Palika),328024
4623,8,Rajasthan,248704,Nagar,Municipality(Nagar Palika),321205
4624,8,Rajasthan,248749,Nagaur,Municipal Council,313203
4625,8,Rajasthan,248749,Nagaur,Municipal Council,305921
4626,8,Rajasthan,248749,Nagaur,Municipal Council,341001
4627,8,Rajasthan,248801,Nainwa,Municipality(Nagar Palika),323801
4628,8,Rajasthan,248801,Nainwa,Municipality(Nagar Palika),313325
4629,8,Rajasthan,248801,Nainwa,Municipality(Nagar Palika),328027
4630,8,Rajasthan,248801,Nainwa,Municipality(Nagar Palika),328024
4631,8,Rajasthan,302180,Napasar,Municipal Council,334201
4632,8,Rajasthan,302180,Napasar,Municipal Council,313203
4633,8,Rajasthan,302180,Napasar,Municipal Council,305921
4634,8,Rajasthan,300321,Narayana,Municipality(Nagar Palika),303348
4635,8,Rajasthan,300321,Narayana,Municipality(Nagar Palika),328027
4636,8,Rajasthan,300321,Narayana,Municipality(Nagar Palika),328024
4637,8,Rajasthan,300321,Narayana,Municipality(Nagar Palika),313325
4638,8,Rajasthan,301905,Narayanpur,Municipal Council,305921
4639,8,Rajasthan,301905,Narayanpur,Municipal Council,313203
4640,8,Rajasthan,301905,Narayanpur,Municipal Council,301024
4641,8,Rajasthan,277232,Nasirabad,Municipal Council,313325
4642,8,Rajasthan,277232,Nasirabad,Municipal Council,305601
4643,8,Rajasthan,248820,Nathdwara,Municipality(Nagar Palika),313202
4644,8,Rajasthan,248820,Nathdwara,Municipality(Nagar Palika),328027
4645,8,Rajasthan,248820,Nathdwara,Municipality(Nagar Palika),313325
4646,8,Rajasthan,248820,Nathdwara,Municipality(Nagar Palika),328024
4647,8,Rajasthan,301446,Nauganwa,Municipality(Nagar Palika),328024
4648,8,Rajasthan,301446,Nauganwa,Municipality(Nagar Palika),321023
4649,8,Rajasthan,301446,Nauganwa,Municipality(Nagar Palika),313325
4650,8,Rajasthan,301446,Nauganwa,Municipality(Nagar Palika),328027
4651,8,Rajasthan,248758,Nawa,Municipality(Nagar Palika),313325
4652,8,Rajasthan,248758,Nawa,Municipality(Nagar Palika),341509
4653,8,Rajasthan,248758,Nawa,Municipality(Nagar Palika),328027
4654,8,Rajasthan,248758,Nawa,Municipality(Nagar Palika),328024
4655,8,Rajasthan,248692,Nawalgarh,Municipality(Nagar Palika),328024
4656,8,Rajasthan,248692,Nawalgarh,Municipality(Nagar Palika),313325
4657,8,Rajasthan,248692,Nawalgarh,Municipality(Nagar Palika),333042
4658,8,Rajasthan,248692,Nawalgarh,Municipality(Nagar Palika),328027
4659,8,Rajasthan,248746,Neem-Ka-Thana,Municipal Council,332713
4660,8,Rajasthan,248746,Neem-Ka-Thana,Municipal Council,332402
4661,8,Rajasthan,248746,Neem-Ka-Thana,Municipal Council,313325
4662,8,Rajasthan,299935,Neemrana,Municipal Council,313325
4663,8,Rajasthan,299935,Neemrana,Municipal Council,301705
4664,8,Rajasthan,248841,Nimbahera,Municipality(Nagar Palika),312601
4665,8,Rajasthan,248841,Nimbahera,Municipality(Nagar Palika),328027
4666,8,Rajasthan,248841,Nimbahera,Municipality(Nagar Palika),328024
4667,8,Rajasthan,248841,Nimbahera,Municipality(Nagar Palika),313325
4668,8,Rajasthan,248796,Niwai,Municipality(Nagar Palika),304021
4669,8,Rajasthan,248796,Niwai,Municipality(Nagar Palika),328024
4670,8,Rajasthan,248796,Niwai,Municipality(Nagar Palika),328027
4671,8,Rajasthan,248796,Niwai,Municipality(Nagar Palika),313325
4672,8,Rajasthan,248665,Nohar,Municipal Council,313325
4673,8,Rajasthan,248665,Nohar,Municipal Council,335523
4674,8,Rajasthan,248669,Nokha,Municipality(Nagar Palika),313325
4675,8,Rajasthan,248669,Nokha,Municipality(Nagar Palika),334803
4676,8,Rajasthan,248669,Nokha,Municipality(Nagar Palika),328027
4677,8,Rajasthan,248669,Nokha,Municipality(Nagar Palika),328024
4678,8,Rajasthan,248653,Padampur,Municipality(Nagar Palika),328027
4679,8,Rajasthan,248653,Padampur,Municipality(Nagar Palika),313325
4680,8,Rajasthan,248653,Padampur,Municipality(Nagar Palika),328024
4681,8,Rajasthan,248653,Padampur,Municipality(Nagar Palika),335041
4682,8,Rajasthan,302206,Pahari ,Municipal Council,321024
4683,8,Rajasthan,302206,Pahari ,Municipal Council,313203
4684,8,Rajasthan,302206,Pahari ,Municipal Council,305921
4685,8,Rajasthan,248778,Pali,Municipal Corporation,313203
4686,8,Rajasthan,248778,Pali,Municipal Corporation,305921
4687,8,Rajasthan,248778,Pali,Municipal Corporation,306401
4688,8,Rajasthan,302948,Palsana,Municipal Council,332402
4689,8,Rajasthan,296922,Paota-Pragpura,Municipal Council,303104
4690,8,Rajasthan,296922,Paota-Pragpura,Municipal Council,303106
4691,8,Rajasthan,296922,Paota-Pragpura,Municipal Council,313325
4692,8,Rajasthan,248755,Parbatsar,Municipality(Nagar Palika),328027
4693,8,Rajasthan,248755,Parbatsar,Municipality(Nagar Palika),341512
4694,8,Rajasthan,248755,Parbatsar,Municipality(Nagar Palika),313325
4695,8,Rajasthan,248755,Parbatsar,Municipality(Nagar Palika),328024
4696,8,Rajasthan,277602,Partapur -Garhi,Municipality(Nagar Palika),328024
4697,8,Rajasthan,277602,Partapur -Garhi,Municipality(Nagar Palika),313325
4698,8,Rajasthan,277602,Partapur -Garhi,Municipality(Nagar Palika),327024
4699,8,Rajasthan,277602,Partapur -Garhi,Municipality(Nagar Palika),328027
4700,8,Rajasthan,302259,Peeplu,Municipality(Nagar Palika),328027
4701,8,Rajasthan,302259,Peeplu,Municipality(Nagar Palika),328024
4702,8,Rajasthan,302259,Peeplu,Municipality(Nagar Palika),313325
4703,8,Rajasthan,302259,Peeplu,Municipality(Nagar Palika),304801
4704,8,Rajasthan,248759,Phalodi,Municipality(Nagar Palika),342301
4705,8,Rajasthan,248759,Phalodi,Municipality(Nagar Palika),328027
4706,8,Rajasthan,248759,Phalodi,Municipality(Nagar Palika),313325
4707,8,Rajasthan,248759,Phalodi,Municipality(Nagar Palika),328024
4708,8,Rajasthan,248734,Phulera,Municipality(Nagar Palika),328027
4709,8,Rajasthan,248734,Phulera,Municipality(Nagar Palika),303338
4710,8,Rajasthan,248734,Phulera,Municipality(Nagar Palika),313325
4711,8,Rajasthan,248734,Phulera,Municipality(Nagar Palika),328024
4712,8,Rajasthan,248685,Pilani,Municipality(Nagar Palika),328027
4713,8,Rajasthan,248685,Pilani,Municipality(Nagar Palika),333031
4714,8,Rajasthan,248685,Pilani,Municipality(Nagar Palika),328024
4715,8,Rajasthan,248685,Pilani,Municipality(Nagar Palika),313325
4716,8,Rajasthan,248663,Pilibanga,Municipality(Nagar Palika),313325
4717,8,Rajasthan,248663,Pilibanga,Municipality(Nagar Palika),335803
4718,8,Rajasthan,248663,Pilibanga,Municipality(Nagar Palika),328027
4719,8,Rajasthan,248663,Pilibanga,Municipality(Nagar Palika),328024
4720,8,Rajasthan,277234,Pindwara,Municipality(Nagar Palika),328024
4721,8,Rajasthan,277234,Pindwara,Municipality(Nagar Palika),307022
4722,8,Rajasthan,277234,Pindwara,Municipality(Nagar Palika),313325
4723,8,Rajasthan,277234,Pindwara,Municipality(Nagar Palika),328027
4724,8,Rajasthan,248761,Pipar City,Municipality(Nagar Palika),342601
4725,8,Rajasthan,248761,Pipar City,Municipality(Nagar Palika),313325
4726,8,Rajasthan,248761,Pipar City,Municipality(Nagar Palika),328024
4727,8,Rajasthan,248761,Pipar City,Municipality(Nagar Palika),328027
4728,8,Rajasthan,248868,Pirawa,Municipality(Nagar Palika),313325
4729,8,Rajasthan,248868,Pirawa,Municipality(Nagar Palika),328024
4730,8,Rajasthan,248868,Pirawa,Municipality(Nagar Palika),328027
4731,8,Rajasthan,248868,Pirawa,Municipality(Nagar Palika),326034
4732,8,Rajasthan,248764,Pokaran,Municipality(Nagar Palika),313325
4733,8,Rajasthan,248764,Pokaran,Municipality(Nagar Palika),345021
4734,8,Rajasthan,248764,Pokaran,Municipality(Nagar Palika),328027
4735,8,Rajasthan,248764,Pokaran,Municipality(Nagar Palika),328024
4736,8,Rajasthan,248844,Pratapgarh,Municipal Council,313203
4737,8,Rajasthan,248844,Pratapgarh,Municipal Council,301027
4738,8,Rajasthan,248844,Pratapgarh,Municipal Council,305921
4739,8,Rajasthan,248844,Pratapgarh,Municipal Council,312605
4740,8,Rajasthan,248787,Pushkar,Municipal Council,313325
4741,8,Rajasthan,248787,Pushkar,Municipal Council,305022
4742,8,Rajasthan,302860,Raipur,Municipal Council,306304
4743,8,Rajasthan,302860,Raipur,Municipal Council,326036
4744,8,Rajasthan,248655,Raisinghnagar,Municipality(Nagar Palika),328027
4745,8,Rajasthan,248655,Raisinghnagar,Municipality(Nagar Palika),335051
4746,8,Rajasthan,248655,Raisinghnagar,Municipality(Nagar Palika),313325
4747,8,Rajasthan,248655,Raisinghnagar,Municipality(Nagar Palika),328024
4748,8,Rajasthan,248714,Rajakhera,Municipality(Nagar Palika),328027
4749,8,Rajasthan,248714,Rajakhera,Municipality(Nagar Palika),328024
4750,8,Rajasthan,248714,Rajakhera,Municipality(Nagar Palika),313325
4751,8,Rajasthan,248714,Rajakhera,Municipality(Nagar Palika),328025
4752,8,Rajasthan,248677,Rajaldesar,Municipality(Nagar Palika),328024
4753,8,Rajasthan,248677,Rajaldesar,Municipality(Nagar Palika),328027
4754,8,Rajasthan,248677,Rajaldesar,Municipality(Nagar Palika),313325
4755,8,Rajasthan,248677,Rajaldesar,Municipality(Nagar Palika),331802
4756,8,Rajasthan,248671,Rajgarh (Alwar),Municipal Council,313325
4757,8,Rajasthan,248671,Rajgarh (Alwar),Municipal Council,301408
4758,8,Rajasthan,248700,Rajgarh(Churu),Municipality(Nagar Palika),328024
4759,8,Rajasthan,248700,Rajgarh(Churu),Municipality(Nagar Palika),328027
4760,8,Rajasthan,248700,Rajgarh(Churu),Municipality(Nagar Palika),331023
4761,8,Rajasthan,248700,Rajgarh(Churu),Municipality(Nagar Palika),313325
4762,8,Rajasthan,248818,Rajsamand,Municipal Council,305921
4763,8,Rajasthan,248818,Rajsamand,Municipal Council,313203
4764,8,Rajasthan,248818,Rajsamand,Municipal Council,313324
4765,8,Rajasthan,248851,Ramganj Mandi,Municipality(Nagar Palika),326519
4766,8,Rajasthan,248851,Ramganj Mandi,Municipality(Nagar Palika),313325
4767,8,Rajasthan,248851,Ramganj Mandi,Municipality(Nagar Palika),328027
4768,8,Rajasthan,248851,Ramganj Mandi,Municipality(Nagar Palika),328024
4769,8,Rajasthan,248738,Ramgarh,Municipality(Nagar Palika),331024
4770,8,Rajasthan,248738,Ramgarh,Municipality(Nagar Palika),328024
4771,8,Rajasthan,248738,Ramgarh,Municipality(Nagar Palika),313325
4772,8,Rajasthan,248738,Ramgarh,Municipality(Nagar Palika),328027
4773,8,Rajasthan,296916,Ramgarh (Alwar),Municipality(Nagar Palika),313325
4774,8,Rajasthan,296916,Ramgarh (Alwar),Municipality(Nagar Palika),328027
4775,8,Rajasthan,296916,Ramgarh (Alwar),Municipality(Nagar Palika),301026
4776,8,Rajasthan,296916,Ramgarh (Alwar),Municipality(Nagar Palika),328024
4777,8,Rajasthan,301410,Ramgarh Pachwara,Municipal Council,305921
4778,8,Rajasthan,301410,Ramgarh Pachwara,Municipal Council,313203
4779,8,Rajasthan,301410,Ramgarh Pachwara,Municipal Council,303510
4780,8,Rajasthan,248780,Rani,Municipality(Nagar Palika),313325
4781,8,Rajasthan,248780,Rani,Municipality(Nagar Palika),328027
4782,8,Rajasthan,248780,Rani,Municipality(Nagar Palika),328024
4783,8,Rajasthan,248780,Rani,Municipality(Nagar Palika),306115
4784,8,Rajasthan,248676,Ratangarh,Municipal Council,313325
4785,8,Rajasthan,248676,Ratangarh,Municipal Council,331022
4786,8,Rajasthan,248674,Ratannagar,Municipality(Nagar Palika),313325
4787,8,Rajasthan,248674,Ratannagar,Municipality(Nagar Palika),328024
4788,8,Rajasthan,248674,Ratannagar,Municipality(Nagar Palika),328027
4789,8,Rajasthan,248674,Ratannagar,Municipality(Nagar Palika),331021
4790,8,Rajasthan,248838,Rawatbhata,Municipal Council,323307
4791,8,Rajasthan,248838,Rawatbhata,Municipal Council,313325
4792,8,Rajasthan,248664,Rawatsar,Municipal Council,313325
4793,8,Rajasthan,248664,Rawatsar,Municipal Council,335524
4794,8,Rajasthan,248745,Reengus,Municipality(Nagar Palika),313325
4795,8,Rajasthan,248745,Reengus,Municipality(Nagar Palika),328027
4796,8,Rajasthan,248745,Reengus,Municipality(Nagar Palika),332404
4797,8,Rajasthan,248745,Reengus,Municipality(Nagar Palika),328024
4798,8,Rajasthan,302942,Riyan Bari,Municipal Council,341513
4799,8,Rajasthan,263008,Roopbas,Municipality(Nagar Palika),313325
4800,8,Rajasthan,263008,Roopbas,Municipality(Nagar Palika),328027
4801,8,Rajasthan,263008,Roopbas,Municipality(Nagar Palika),328024
4802,8,Rajasthan,263008,Roopbas,Municipality(Nagar Palika),321404
4803,8,Rajasthan,248781,Sadri,Municipality(Nagar Palika),313325
4804,8,Rajasthan,248781,Sadri,Municipality(Nagar Palika),328024
4805,8,Rajasthan,248781,Sadri,Municipality(Nagar Palika),328027
4806,8,Rajasthan,248781,Sadri,Municipality(Nagar Palika),306702
4807,8,Rajasthan,248652,Sadulshahar,Municipality(Nagar Palika),335062
4808,8,Rajasthan,248652,Sadulshahar,Municipality(Nagar Palika),313325
4809,8,Rajasthan,248652,Sadulshahar,Municipality(Nagar Palika),328024
4810,8,Rajasthan,248652,Sadulshahar,Municipality(Nagar Palika),328027
4811,8,Rajasthan,248832,Sagwara,Municipality(Nagar Palika),314025
4812,8,Rajasthan,248832,Sagwara,Municipality(Nagar Palika),313325
4813,8,Rajasthan,248832,Sagwara,Municipality(Nagar Palika),328024
4814,8,Rajasthan,248832,Sagwara,Municipality(Nagar Palika),328027
4815,8,Rajasthan,302861,Sahwa,Municipal Council,331001
4816,8,Rajasthan,302862,Saipau,Municipal Council,302862
4817,8,Rajasthan,248826,Salumbar,Municipal Council,313325
4818,8,Rajasthan,248826,Salumbar,Municipal Council,313027
4819,8,Rajasthan,248733,Sambhar,Municipality(Nagar Palika),313325
4820,8,Rajasthan,248733,Sambhar,Municipality(Nagar Palika),303604
4821,8,Rajasthan,248733,Sambhar,Municipality(Nagar Palika),328024
4822,8,Rajasthan,248733,Sambhar,Municipality(Nagar Palika),328027
4823,8,Rajasthan,248769,Sanchore,Municipality(Nagar Palika),328027
4824,8,Rajasthan,248769,Sanchore,Municipality(Nagar Palika),343041
4825,8,Rajasthan,248769,Sanchore,Municipality(Nagar Palika),328024
4826,8,Rajasthan,248769,Sanchore,Municipality(Nagar Palika),313325
4827,8,Rajasthan,248661,Sangaria,Municipality(Nagar Palika),342013
4828,8,Rajasthan,248661,Sangaria,Municipality(Nagar Palika),328027
4829,8,Rajasthan,248661,Sangaria,Municipality(Nagar Palika),335063
4830,8,Rajasthan,248661,Sangaria,Municipality(Nagar Palika),328024
4831,8,Rajasthan,248661,Sangaria,Municipality(Nagar Palika),313325
4832,8,Rajasthan,248855,Sangod,Municipality(Nagar Palika),328027
4833,8,Rajasthan,248855,Sangod,Municipality(Nagar Palika),325601
4834,8,Rajasthan,248855,Sangod,Municipality(Nagar Palika),328024
4835,8,Rajasthan,248855,Sangod,Municipality(Nagar Palika),313325
4836,8,Rajasthan,296932,Sapotra,Municipal Council,313325
4837,8,Rajasthan,296932,Sapotra,Municipal Council,322218
4838,8,Rajasthan,248672,Sardarshahar,Municipality(Nagar Palika),328027
4839,8,Rajasthan,248672,Sardarshahar,Municipality(Nagar Palika),328024
4840,8,Rajasthan,248672,Sardarshahar,Municipality(Nagar Palika),313325
4841,8,Rajasthan,248672,Sardarshahar,Municipality(Nagar Palika),331403
4842,8,Rajasthan,296930,Sarmathura,Municipality(Nagar Palika),328026
4843,8,Rajasthan,296930,Sarmathura,Municipality(Nagar Palika),328027
4844,8,Rajasthan,296930,Sarmathura,Municipality(Nagar Palika),328024
4845,8,Rajasthan,296930,Sarmathura,Municipality(Nagar Palika),313325
4846,8,Rajasthan,248792,Sarwar,Municipality(Nagar Palika),328024
4847,8,Rajasthan,248792,Sarwar,Municipality(Nagar Palika),313325
4848,8,Rajasthan,248792,Sarwar,Municipality(Nagar Palika),305403
4849,8,Rajasthan,248792,Sarwar,Municipality(Nagar Palika),328027
4850,8,Rajasthan,248720,Sawai Madhopur,Municipal Council,322001
4851,8,Rajasthan,248720,Sawai Madhopur,Municipal Council,305921
4852,8,Rajasthan,248720,Sawai Madhopur,Municipal Council,313203
4853,8,Rajasthan,301417,Sawar,Municipal Council,305921
4854,8,Rajasthan,301417,Sawar,Municipal Council,313203
4855,8,Rajasthan,302254,Sayla,Municipality(Nagar Palika),328027
4856,8,Rajasthan,302254,Sayla,Municipality(Nagar Palika),328024
4857,8,Rajasthan,302254,Sayla,Municipality(Nagar Palika),313325
4858,8,Rajasthan,301460,Seeswali,Municipality(Nagar Palika),328024
4859,8,Rajasthan,301460,Seeswali,Municipality(Nagar Palika),328027
4860,8,Rajasthan,301460,Seeswali,Municipality(Nagar Palika),313325
4861,8,Rajasthan,248729,Shahpura,Municipal Council,303803
4862,8,Rajasthan,248729,Shahpura,Municipal Council,303103
4863,8,Rajasthan,248729,Shahpura,Municipal Council,313325
4864,8,Rajasthan,277235,Shahpura..(Bhilwara),Municipality(Nagar Palika),311404
4865,8,Rajasthan,277235,Shahpura..(Bhilwara),Municipality(Nagar Palika),328027
4866,8,Rajasthan,277235,Shahpura..(Bhilwara),Municipality(Nagar Palika),328024
4867,8,Rajasthan,277235,Shahpura..(Bhilwara),Municipality(Nagar Palika),313325
4868,8,Rajasthan,248770,Sheoganj,Municipality(Nagar Palika),328024
4869,8,Rajasthan,248770,Sheoganj,Municipality(Nagar Palika),307027
4870,8,Rajasthan,248770,Sheoganj,Municipality(Nagar Palika),313325
4871,8,Rajasthan,248770,Sheoganj,Municipality(Nagar Palika),328027
4872,8,Rajasthan,248741,Sikar,Municipal Council,305921
4873,8,Rajasthan,248741,Sikar,Municipal Council,313203
4874,8,Rajasthan,248741,Sikar,Municipal Council,332001
4875,8,Rajasthan,301451,Sikaray,Municipal Council,303508
4876,8,Rajasthan,301451,Sikaray,Municipal Council,305921
4877,8,Rajasthan,301451,Sikaray,Municipal Council,313203
4878,8,Rajasthan,298995,Sikri,Municipality(Nagar Palika),321024
4879,8,Rajasthan,298995,Sikri,Municipality(Nagar Palika),328024
4880,8,Rajasthan,298995,Sikri,Municipality(Nagar Palika),328027
4881,8,Rajasthan,298995,Sikri,Municipality(Nagar Palika),313325
4882,8,Rajasthan,303111,Sindhari,Municipality(Nagar Palika),328024
4883,8,Rajasthan,303111,Sindhari,Municipality(Nagar Palika),328027
4884,8,Rajasthan,301409,Singhana,Municipal Council,313203
4885,8,Rajasthan,301409,Singhana,Municipal Council,305921
4886,8,Rajasthan,301409,Singhana,Municipal Council,301409
4887,8,Rajasthan,301409,Singhana,Municipal Council,333516
4888,8,Rajasthan,248771,Sirohi,Municipal Council,305921
4889,8,Rajasthan,248771,Sirohi,Municipal Council,313203
4890,8,Rajasthan,248771,Sirohi,Municipal Council,307001
4891,8,Rajasthan,299757,Siwana,Municipality(Nagar Palika),328027
4892,8,Rajasthan,299757,Siwana,Municipality(Nagar Palika),328024
4893,8,Rajasthan,299757,Siwana,Municipality(Nagar Palika),344044
4894,8,Rajasthan,299757,Siwana,Municipality(Nagar Palika),313325
4895,8,Rajasthan,248776,Sojat,Municipality(Nagar Palika),328027
4896,8,Rajasthan,248776,Sojat,Municipality(Nagar Palika),306104
4897,8,Rajasthan,248776,Sojat,Municipality(Nagar Palika),313325
4898,8,Rajasthan,248776,Sojat,Municipality(Nagar Palika),328024
4899,8,Rajasthan,302249,Sojat Road,Municipal Council,313203
4900,8,Rajasthan,302249,Sojat Road,Municipal Council,305921
4901,8,Rajasthan,248675,Sri Dungargarh,Municipality(Nagar Palika),313325
4902,8,Rajasthan,248675,Sri Dungargarh,Municipality(Nagar Palika),331803
4903,8,Rajasthan,248675,Sri Dungargarh,Municipality(Nagar Palika),328027
4904,8,Rajasthan,248675,Sri Dungargarh,Municipality(Nagar Palika),328024
4905,8,Rajasthan,248651,Sri Ganganagar,Municipal Council,305921
4906,8,Rajasthan,248651,Sri Ganganagar,Municipal Council,313203
4907,8,Rajasthan,248651,Sri Ganganagar,Municipal Council,335001
4908,8,Rajasthan,248650,Srikaranpur,Municipality(Nagar Palika),335073
4909,8,Rajasthan,248650,Srikaranpur,Municipality(Nagar Palika),328027
4910,8,Rajasthan,248650,Srikaranpur,Municipality(Nagar Palika),313325
4911,8,Rajasthan,248650,Srikaranpur,Municipality(Nagar Palika),328024
4912,8,Rajasthan,248744,Sri Madhopur,Municipal Council,313325
4913,8,Rajasthan,248744,Sri Madhopur,Municipal Council,332715
4914,8,Rajasthan,248658,Srivijainagar,Municipality(Nagar Palika),328024
4915,8,Rajasthan,248658,Srivijainagar,Municipality(Nagar Palika),328027
4916,8,Rajasthan,248658,Srivijainagar,Municipality(Nagar Palika),313325
4917,8,Rajasthan,248658,Srivijainagar,Municipality(Nagar Palika),335704
4918,8,Rajasthan,248680,Sujangarh,Municipal Council,305921
4919,8,Rajasthan,248680,Sujangarh,Municipal Council,331507
4920,8,Rajasthan,248680,Sujangarh,Municipal Council,313203
4921,8,Rajasthan,301453,Suket,Municipality(Nagar Palika),328027
4922,8,Rajasthan,301453,Suket,Municipality(Nagar Palika),313325
4923,8,Rajasthan,301453,Suket,Municipality(Nagar Palika),328024
4924,8,Rajasthan,302258,Sultana,Municipality(Nagar Palika),328027
4925,8,Rajasthan,302258,Sultana,Municipality(Nagar Palika),328024
4926,8,Rajasthan,302258,Sultana,Municipality(Nagar Palika),333028
4927,8,Rajasthan,302258,Sultana,Municipality(Nagar Palika),313325
4928,8,Rajasthan,296933,Sultanpur,Municipality(Nagar Palika),313325
4929,8,Rajasthan,296933,Sultanpur,Municipality(Nagar Palika),328027
4930,8,Rajasthan,296933,Sultanpur,Municipality(Nagar Palika),328024
4931,8,Rajasthan,296933,Sultanpur,Municipality(Nagar Palika),325204
4932,8,Rajasthan,248783,Sumerpur,Municipal Council,306902
4933,8,Rajasthan,248783,Sumerpur,Municipal Council,313325
4934,8,Rajasthan,248688,Surajgarh,Municipality(Nagar Palika),333029
4935,8,Rajasthan,248688,Surajgarh,Municipality(Nagar Palika),313325
4936,8,Rajasthan,248688,Surajgarh,Municipality(Nagar Palika),328027
4937,8,Rajasthan,248688,Surajgarh,Municipality(Nagar Palika),328024
4938,8,Rajasthan,248660,Suratgarh,Municipality(Nagar Palika),335804
4939,8,Rajasthan,248660,Suratgarh,Municipality(Nagar Palika),313325
4940,8,Rajasthan,248660,Suratgarh,Municipality(Nagar Palika),328027
4941,8,Rajasthan,248660,Suratgarh,Municipality(Nagar Palika),328024
4942,8,Rajasthan,302962,Suroth,Municipal Council,322252
4943,8,Rajasthan,248782,Takhatgarh,Municipality(Nagar Palika),328027
4944,8,Rajasthan,248782,Takhatgarh,Municipality(Nagar Palika),306912
4945,8,Rajasthan,248782,Takhatgarh,Municipality(Nagar Palika),313325
4946,8,Rajasthan,248782,Takhatgarh,Municipality(Nagar Palika),328024
4947,8,Rajasthan,301901,Tantoti,Municipal Council,305921
4948,8,Rajasthan,301901,Tantoti,Municipal Council,313203
4949,8,Rajasthan,299934,Tapukara,Municipality(Nagar Palika),313325
4950,8,Rajasthan,299934,Tapukara,Municipality(Nagar Palika),328027
4951,8,Rajasthan,299934,Tapukara,Municipality(Nagar Palika),328024
4952,8,Rajasthan,299934,Tapukara,Municipality(Nagar Palika),301707
4953,8,Rajasthan,248670,Taranagar,Municipality(Nagar Palika),328024
4954,8,Rajasthan,248670,Taranagar,Municipality(Nagar Palika),331304
4955,8,Rajasthan,248670,Taranagar,Municipality(Nagar Palika),328027
4956,8,Rajasthan,248670,Taranagar,Municipality(Nagar Palika),313325
4957,8,Rajasthan,290432,Thanagaji,Municipality(Nagar Palika),328024
4958,8,Rajasthan,290432,Thanagaji,Municipality(Nagar Palika),328027
4959,8,Rajasthan,290432,Thanagaji,Municipality(Nagar Palika),313325
4960,8,Rajasthan,290432,Thanagaji,Municipality(Nagar Palika),301022
4961,8,Rajasthan,299937,Tibbi,Municipality(Nagar Palika),328024
4962,8,Rajasthan,299937,Tibbi,Municipality(Nagar Palika),335526
4963,8,Rajasthan,299937,Tibbi,Municipality(Nagar Palika),328027
4964,8,Rajasthan,299937,Tibbi,Municipality(Nagar Palika),313325
4965,8,Rajasthan,248696,Tijara,Municipality(Nagar Palika),328024
4966,8,Rajasthan,248696,Tijara,Municipality(Nagar Palika),328027
4967,8,Rajasthan,248696,Tijara,Municipality(Nagar Palika),301411
4968,8,Rajasthan,248696,Tijara,Municipality(Nagar Palika),313325
4969,8,Rajasthan,302253,Tinwari,Municipality(Nagar Palika),342306
4970,8,Rajasthan,302253,Tinwari,Municipality(Nagar Palika),328024
4971,8,Rajasthan,302253,Tinwari,Municipality(Nagar Palika),313325
4972,8,Rajasthan,302253,Tinwari,Municipality(Nagar Palika),328027
4973,8,Rajasthan,248715,Todabhim,Municipal Council,321611
4974,8,Rajasthan,248715,Todabhim,Municipal Council,313325
4975,8,Rajasthan,248798,Todaraisingh,Municipality(Nagar Palika),328024
4976,8,Rajasthan,248798,Todaraisingh,Municipality(Nagar Palika),313325
4977,8,Rajasthan,248798,Todaraisingh,Municipality(Nagar Palika),328027
4978,8,Rajasthan,248798,Todaraisingh,Municipality(Nagar Palika),304505
4979,8,Rajasthan,248797,Tonk,Municipal Council,304001
4980,8,Rajasthan,248797,Tonk,Municipal Council,313203
4981,8,Rajasthan,248797,Tonk,Municipal Council,305921
4982,8,Rajasthan,298994,Uchchain,Municipality(Nagar Palika),313325
4983,8,Rajasthan,298994,Uchchain,Municipality(Nagar Palika),328027
4984,8,Rajasthan,298994,Uchchain,Municipality(Nagar Palika),328024
4985,8,Rajasthan,298994,Uchchain,Municipality(Nagar Palika),321302
4986,8,Rajasthan,248822,Udaipur,Municipal Corporation,313205
4987,8,Rajasthan,248822,Udaipur,Municipal Corporation,313001
4988,8,Rajasthan,248822,Udaipur,Municipal Corporation,313002
4989,8,Rajasthan,248822,Udaipur,Municipal Corporation,313003
4990,8,Rajasthan,248822,Udaipur,Municipal Corporation,313604
4991,8,Rajasthan,248822,Udaipur,Municipal Corporation,313331
4992,8,Rajasthan,248822,Udaipur,Municipal Corporation,313301
4993,8,Rajasthan,248822,Udaipur,Municipal Corporation,313027
4994,8,Rajasthan,248822,Udaipur,Municipal Corporation,313206
4995,8,Rajasthan,248693,Udaipurwati,Municipality(Nagar Palika),313325
4996,8,Rajasthan,248693,Udaipurwati,Municipality(Nagar Palika),328027
4997,8,Rajasthan,248693,Udaipurwati,Municipality(Nagar Palika),333307
4998,8,Rajasthan,248693,Udaipurwati,Municipality(Nagar Palika),328024
4999,8,Rajasthan,248800,Uniara,Municipality(Nagar Palika),328024
5000,8,Rajasthan,248800,Uniara,Municipality(Nagar Palika),313325
5001,8,Rajasthan,248800,Uniara,Municipality(Nagar Palika),304024
5002,8,Rajasthan,248800,Uniara,Municipality(Nagar Palika),328027
5003,8,Rajasthan,301454,Vajirpur,Municipality(Nagar Palika),328024
5004,8,Rajasthan,301454,Vajirpur,Municipality(Nagar Palika),313325
5005,8,Rajasthan,301454,Vajirpur,Municipality(Nagar Palika),322219
5006,8,Rajasthan,301454,Vajirpur,Municipality(Nagar Palika),328027
5007,8,Rajasthan,301408,Vallabhnagar,Municipal Council,313203
5008,8,Rajasthan,301408,Vallabhnagar,Municipal Council,301408
5009,8,Rajasthan,301408,Vallabhnagar,Municipal Council,305921
5010,8,Rajasthan,301455,Vatika,Municipal Council,303905
5011,8,Rajasthan,301455,Vatika,Municipal Council,313325
5012,8,Rajasthan,248686,Vidyavihar,Municipality(Nagar Palika),328024
5013,8,Rajasthan,248686,Vidyavihar,Municipality(Nagar Palika),313001
5014,8,Rajasthan,248686,Vidyavihar,Municipality(Nagar Palika),313325
5015,8,Rajasthan,248686,Vidyavihar,Municipality(Nagar Palika),328027
5016,8,Rajasthan,248791,Vijainagar,Municipal Council,305624
5017,8,Rajasthan,248791,Vijainagar,Municipal Council,313325
5018,8,Rajasthan,248728,Viratnagar,Municipality(Nagar Palika),328024
5019,8,Rajasthan,248728,Viratnagar,Municipality(Nagar Palika),303102
5020,8,Rajasthan,248728,Viratnagar,Municipality(Nagar Palika),328027
5021,8,Rajasthan,248728,Viratnagar,Municipality(Nagar Palika),313325
5022,8,Rajasthan,248710,Weir,Municipality(Nagar Palika),313325
5023,8,Rajasthan,248710,Weir,Municipality(Nagar Palika),321408
5024,8,Rajasthan,248710,Weir,Municipality(Nagar Palika),328027
5025,8,Rajasthan,248710,Weir,Municipality(Nagar Palika),328024
5026,11,Sikkim,249694,Gangtok (M Corp.),Municipal Corporation,737101
5027,11,Sikkim,249694,Gangtok (M Corp.),Municipal Corporation,737103
5028,11,Sikkim,249690,Gyalshing Nagar Panchayat,Nagar Panchayat,737111
5029,11,Sikkim,249689,Mangan Nagar Panchayat,Nagar Panchayat,737116
5030,11,Sikkim,249689,Mangan Nagar Panchayat,Nagar Panchayat,737120
5031,11,Sikkim,249692,Namchi Municipal Council,Municipal council,737126
5032,11,Sikkim,249692,Namchi Municipal Council,Municipal council,737128
5033,11,Sikkim,249693,Nayabazar Jorethang Nagar Panchayat,Nagar Panchayat,737121
5034,11,Sikkim,290460,Rangpo (Np),Nagar Panchayat,737132
5035,11,Sikkim,290460,Rangpo (Np),Nagar Panchayat,737136
5036,11,Sikkim,249695,Singtam (Np),Nagar Panchayat,737134
5037,33,Tamil Nadu,252954,Abiramam,Town Panchayat,623601
5038,33,Tamil Nadu,253002,Achampudur,Town Panchayat,627809
5039,33,Tamil Nadu,253002,Achampudur,Town Panchayat,627803
5040,33,Tamil Nadu,252348,Acharapakkam,Town Panchayat,603301
5041,33,Tamil Nadu,252607,Adikaratti,Town Panchayat,643003
5042,33,Tamil Nadu,252840,Adiramapattinam,Municipality,614701
5043,33,Tamil Nadu,252818,Aduthurai,Town Panchayat,612101
5044,33,Tamil Nadu,252702,Agaram,Town Panchayat,624709
5045,33,Tamil Nadu,253090,Agastheeswaram,Town Panchayat,629701
5046,33,Tamil Nadu,252505,Alampalayam,Town Panchayat,638661
5047,33,Tamil Nadu,252883,Alanganallur,Town Panchayat,625501
5048,33,Tamil Nadu,252395,Alangayam,Town Panchayat,635701
5049,33,Tamil Nadu,252852,Alangudi,Town Panchayat,622301
5050,33,Tamil Nadu,252852,Alangudi,Town Panchayat,612801
5051,33,Tamil Nadu,253008,Alangulam,Town Panchayat,627851
5052,33,Tamil Nadu,252658,Alanthurai,Town Panchayat,641101
5053,33,Tamil Nadu,253012,Alwarkurichi,Town Panchayat,627412
5054,33,Tamil Nadu,252977,Alwarthirunagiri,Town Panchayat,628612
5055,33,Tamil Nadu,253014,Ambasamudram,Municipality,627401
5056,33,Tamil Nadu,252391,Ambur,Municipality,635802
5057,33,Tamil Nadu,252714,Ammainaickanur,Town Panchayat,624201
5058,33,Tamil Nadu,252829,Ammapettai,Town Panchayat,614401
5059,33,Tamil Nadu,252533,Ammapettai,Town Panchayat,638311
5060,33,Tamil Nadu,252361,Ammoor,Town Panchayat,632501
5061,33,Tamil Nadu,252678,Anaimalai,Town Panchayat,642104
5062,33,Tamil Nadu,252437,Ananthapuram,Town Panchayat,605201
5063,33,Tamil Nadu,253089,Anjugrammam,Town Panchayat,629401
5064,33,Tamil Nadu,252782,Annamalai Nagar,Town Panchayat,608002
5065,33,Tamil Nadu,252844,Annavasal,Town Panchayat,622101
5066,33,Tamil Nadu,252614,Annur,Town Panchayat,641653
5067,33,Tamil Nadu,252535,Anthiyur,Town Panchayat,638501
5068,33,Tamil Nadu,252537,Appakudal,Town Panchayat,638315
5069,33,Tamil Nadu,252575,Arachalur,Town Panchayat,638101
5070,33,Tamil Nadu,252445,Arakandanallur,Town Panchayat,605752
5071,33,Tamil Nadu,252367,Arakkonam,Municipality,631003
5072,33,Tamil Nadu,252367,Arakkonam,Municipality,631004
5073,33,Tamil Nadu,252367,Arakkonam,Municipality,631005
5074,33,Tamil Nadu,252367,Arakkonam,Municipality,631006
5075,33,Tamil Nadu,252367,Arakkonam,Municipality,632531
5076,33,Tamil Nadu,252367,Arakkonam,Municipality,631002
5077,33,Tamil Nadu,252367,Arakkonam,Municipality,631001
5078,33,Tamil Nadu,253076,Aralvaimozhi,Town Panchayat,629301
5079,33,Tamil Nadu,252422,Arani,Municipality,632301
5080,33,Tamil Nadu,252263,Arani,Town Panchayat,601101
5081,33,Tamil Nadu,252854,Aranthangi,Municipality,614616
5082,33,Tamil Nadu,252471,Arasiramani,Town Panchayat,637101
5083,33,Tamil Nadu,252719,Aravakurichi,Town Panchayat,639201
5084,33,Tamil Nadu,252373,Arcot,Municipality,632531
5085,33,Tamil Nadu,252850,Arimalam,Town Panchayat,622201
5086,33,Tamil Nadu,252767,Ariyalur,Municipality,621704
5087,33,Tamil Nadu,252529,Ariyappampalayam,Town Panchayat,638402
5088,33,Tamil Nadu,253033,Arumanai,Town Panchayat,629151
5089,33,Tamil Nadu,252760,Arumbavur,Town Panchayat,621103
5090,33,Tamil Nadu,252981,Arumuganeri,Town Panchayat,628202
5091,33,Tamil Nadu,252947,Aruppukkottai,Municipality,626101
5092,33,Tamil Nadu,252536,Athani,Town Panchayat,638502
5093,33,Tamil Nadu,252509,Athanur,Town Panchayat,636301
5094,33,Tamil Nadu,252979,Athur,Town Panchayat,639008
5095,33,Tamil Nadu,253055,Athur,Town Panchayat,628151
5096,33,Tamil Nadu,252483,Attayampatti,Town Panchayat,637501
5097,33,Tamil Nadu,252491,Attur,Municipality,636102
5098,33,Tamil Nadu,252922,Aundipatti,Town Panchayat,625512
5099,33,Tamil Nadu,252276,Avadi,Municipal Corporation,600054
5100,33,Tamil Nadu,252572,Avalpoondurai,Town Panchayat,638115
5101,33,Tamil Nadu,252870,A.Vellalapatti,Town Panchayat,625301
5102,33,Tamil Nadu,252615,Avinashi,Municipality,641654
5103,33,Tamil Nadu,252691,Ayakudi,Town Panchayat,624613
5104,33,Tamil Nadu,252996,Aygudi,Town Panchayat,627852
5105,33,Tamil Nadu,252486,Ayothiapattinam,Town Panchayat,636103
5106,33,Tamil Nadu,252699,Ayyalur,Town Panchayat,624801
5107,33,Tamil Nadu,252711,Ayyampalayam,Town Panchayat,624204
5108,33,Tamil Nadu,252340,Ayyampettai,Town Panchayat,614201
5109,33,Tamil Nadu,260288,Azhagappapuram,Town Panchayat,629401
5110,33,Tamil Nadu,253073,Azhagiapandipuram,Town Panchayat,627201
5111,33,Tamil Nadu,253073,Azhagiapandipuram,Town Panchayat,629851
5112,33,Tamil Nadu,252740,Balakrishnampatti,Town Panchayat,621003
5113,33,Tamil Nadu,252694,Balasamudram,Town Panchayat,624610
5114,33,Tamil Nadu,252401,Bargur,Town Panchayat,635104
5115,33,Tamil Nadu,252718,Batlagundu,Town Panchayat,624202
5116,33,Tamil Nadu,252487,Belur,Town Panchayat,636104
5117,33,Tamil Nadu,252539,Bhavani,Municipality,638301
5118,33,Tamil Nadu,252530,Bhavanisagar,Town Panchayat,638451
5119,33,Tamil Nadu,252779,Bhuvanagiri,Town Panchayat,608601
5120,33,Tamil Nadu,252609,Bikkatty,Town Panchayat,643003
5121,33,Tamil Nadu,252415,B.Mallapuram,Town Panchayat,635301
5122,33,Tamil Nadu,252896,B. Meenakshipuram,Town Panchayat,625582
5123,33,Tamil Nadu,252897,Bodinayakanur,Municipality,625513
5124,33,Tamil Nadu,253074,Boothapandi,Town Panchayat,629852
5125,33,Tamil Nadu,252895,Boothipuram,Town Panchayat,625532
5126,33,Tamil Nadu,252895,Boothipuram,Town Panchayat,625531
5127,33,Tamil Nadu,252333,Chengalpattu,Municipality,603001
5128,33,Tamil Nadu,252432,Chengam,Municipality,606701
5129,33,Tamil Nadu,252584,Chennasamudram,Town Panchayat,638151
5130,33,Tamil Nadu,252562,Chennimalai,Town Panchayat,638051
5131,33,Tamil Nadu,253019,Cheranmahadevi,Town Panchayat,627414
5132,33,Tamil Nadu,252430,Chetpet,Town Panchayat,606801
5133,33,Tamil Nadu,252926,Chettiarpatti,Town Panchayat,626122
5134,33,Tamil Nadu,252617,Chettipalayam,Town Panchayat,641201
5135,33,Tamil Nadu,252781,Chidambaram,Municipality,608001
5136,33,Tamil Nadu,252593,Chinnakkampalayam,Town Panchayat,638657
5137,33,Tamil Nadu,252709,Chinnalapatti,Town Panchayat,624301
5138,33,Tamil Nadu,252913,Chinnamanur,Municipality,625515
5139,33,Tamil Nadu,252452,Chinnasalem,Town Panchayat,606201
5140,33,Tamil Nadu,252564,Chithode,Town Panchayat,638102
5141,33,Tamil Nadu,252819,Cholapuram,Town Panchayat,639102
5142,33,Tamil Nadu,252819,Cholapuram,Town Panchayat,612503
5143,33,Tamil Nadu,252653,Coimbatore,Municipal Corporation,641001
5144,33,Tamil Nadu,253068,Colachel,Municipality,629251
5145,33,Tamil Nadu,252605,Coonoor,Municipality,643205
5146,33,Tamil Nadu,252605,Coonoor,Municipality,643218
5147,33,Tamil Nadu,253001,Courtalam,Town Panchayat,627802
5148,33,Tamil Nadu,252773,Cuddalore,Municipal Corporation,607001
5149,33,Tamil Nadu,252918,Cumbum,Municipality,625516
5150,33,Tamil Nadu,252918,Cumbum,Municipality,625515
5151,33,Tamil Nadu,252406,Denkanikottai,Town Panchayat,635107
5152,33,Tamil Nadu,252427,Desur,Town Panchayat,604501
5153,33,Tamil Nadu,252899,Devadanapatti,Town Panchayat,625602
5154,33,Tamil Nadu,252864,Devakottai,Municipality,630302
5155,33,Tamil Nadu,252595,Devarshola,Town Panchayat,643003
5156,33,Tamil Nadu,252688,Dhali,Town Panchayat,642112
5157,33,Tamil Nadu,252656,Dhaliyur,Town Panchayat,641109
5158,33,Tamil Nadu,252592,Dharapuram,Municipality,638656
5159,33,Tamil Nadu,252417,Dharmapuri,Municipality,636701
5160,33,Tamil Nadu,252707,Dindigul,Municipal Corporation,624002
5161,33,Tamil Nadu,252707,Dindigul,Municipal Corporation,624003
5162,33,Tamil Nadu,252707,Dindigul,Municipal Corporation,624001
5163,33,Tamil Nadu,253034,Edaicode,Town Panchayat,629152
5164,33,Tamil Nadu,252349,Edaikazhinadu,Town Panchayat,603304
5165,33,Tamil Nadu,252470,Edanganasalai,Municipality,637502
5166,33,Tamil Nadu,252468,Edappadi,Municipality,637101
5167,33,Tamil Nadu,260289,Elampillai,Town Panchayat,637502
5168,33,Tamil Nadu,252548,Elathur,Town Panchayat,627803
5169,33,Tamil Nadu,252885,Elumalai,Town Panchayat,625535
5170,33,Tamil Nadu,252975,Eral,Town Panchayat,628801
5171,33,Tamil Nadu,253064,Eraniel,Town Panchayat,629802
5172,33,Tamil Nadu,252698,Eriodu,Town Panchayat,624702
5173,33,Tamil Nadu,252568,Erode,Municipal Corporation,638003
5174,33,Tamil Nadu,252568,Erode,Municipal Corporation,638001
5175,33,Tamil Nadu,252520,Erumaipatti,Town Panchayat,637102
5176,33,Tamil Nadu,253028,Eruvadi,Town Panchayat,623515
5177,33,Tamil Nadu,252489,Ethapur,Town Panchayat,636117
5178,33,Tamil Nadu,252966,Ettayapuram,Town Panchayat,628902
5179,33,Tamil Nadu,252666,Ettimadai,Town Panchayat,641112
5180,33,Tamil Nadu,253081,Ganapathipuram,Town Panchayat,629502
5181,33,Tamil Nadu,252788,Gangaikondan,Town Panchayat,607802
5182,33,Tamil Nadu,252496,Gangavalli,Town Panchayat,636105
5183,33,Tamil Nadu,252900,Ganguvarpatti,Town Panchayat,625203
5184,33,Tamil Nadu,252436,Gingee,Town Panchayat,604202
5185,33,Tamil Nadu,252547,Gobichettipalayam,Municipality,638452
5186,33,Tamil Nadu,253022,Gopalasamudram,Town Panchayat,627451
5187,33,Tamil Nadu,252294,Greater Chennai Corporation,Municipal Corporation,600019
5188,33,Tamil Nadu,252294,Greater Chennai Corporation,Municipal Corporation,600009
5189,33,Tamil Nadu,252294,Greater Chennai Corporation,Municipal Corporation,600061
5190,33,Tamil Nadu,252294,Greater Chennai Corporation,Municipal Corporation,600053
5191,33,Tamil Nadu,252294,Greater Chennai Corporation,Municipal Corporation,600010
5192,33,Tamil Nadu,252294,Greater Chennai Corporation,Municipal Corporation,600012
5193,33,Tamil Nadu,252294,Greater Chennai Corporation,Municipal Corporation,600050
5194,33,Tamil Nadu,252294,Greater Chennai Corporation,Municipal Corporation,600013
5195,33,Tamil Nadu,252294,Greater Chennai Corporation,Municipal Corporation,600016
5196,33,Tamil Nadu,252294,Greater Chennai Corporation,Municipal Corporation,600042
5197,33,Tamil Nadu,252294,Greater Chennai Corporation,Municipal Corporation,600041
5198,33,Tamil Nadu,252294,Greater Chennai Corporation,Municipal Corporation,600036
5199,33,Tamil Nadu,252294,Greater Chennai Corporation,Municipal Corporation,600032
5200,33,Tamil Nadu,252294,Greater Chennai Corporation,Municipal Corporation,600025
5201,33,Tamil Nadu,252294,Greater Chennai Corporation,Municipal Corporation,600119
5202,33,Tamil Nadu,252294,Greater Chennai Corporation,Municipal Corporation,600115
5203,33,Tamil Nadu,252294,Greater Chennai Corporation,Municipal Corporation,600106
5204,33,Tamil Nadu,252294,Greater Chennai Corporation,Municipal Corporation,600104
5205,33,Tamil Nadu,252294,Greater Chennai Corporation,Municipal Corporation,600101
5206,33,Tamil Nadu,252294,Greater Chennai Corporation,Municipal Corporation,600097
5207,33,Tamil Nadu,252294,Greater Chennai Corporation,Municipal Corporation,600096
5208,33,Tamil Nadu,252294,Greater Chennai Corporation,Municipal Corporation,600095
5209,33,Tamil Nadu,252294,Greater Chennai Corporation,Municipal Corporation,600094
5210,33,Tamil Nadu,252294,Greater Chennai Corporation,Municipal Corporation,600091
5211,33,Tamil Nadu,252294,Greater Chennai Corporation,Municipal Corporation,600089
5212,33,Tamil Nadu,252294,Greater Chennai Corporation,Municipal Corporation,600088
5213,33,Tamil Nadu,252294,Greater Chennai Corporation,Municipal Corporation,600002
5214,33,Tamil Nadu,252294,Greater Chennai Corporation,Municipal Corporation,600003
5215,33,Tamil Nadu,252294,Greater Chennai Corporation,Municipal Corporation,600086
5216,33,Tamil Nadu,252294,Greater Chennai Corporation,Municipal Corporation,600004
5217,33,Tamil Nadu,252294,Greater Chennai Corporation,Municipal Corporation,600005
5218,33,Tamil Nadu,252294,Greater Chennai Corporation,Municipal Corporation,600085
5219,33,Tamil Nadu,252294,Greater Chennai Corporation,Municipal Corporation,600006
5220,33,Tamil Nadu,252294,Greater Chennai Corporation,Municipal Corporation,600007
5221,33,Tamil Nadu,252294,Greater Chennai Corporation,Municipal Corporation,600084
5222,33,Tamil Nadu,252596,Gudalur,Municipality,643205
5223,33,Tamil Nadu,252596,Gudalur,Municipality,625518
5224,33,Tamil Nadu,252639,Gudalur,Municipality,625518
5225,33,Tamil Nadu,252639,Gudalur,Municipality,643205
5226,33,Tamil Nadu,252920,Gudalur-Cbe,Municipality,625518
5227,33,Tamil Nadu,252351,Gudiyatham,Municipality,632602
5228,33,Tamil Nadu,252262,Gummidipoondi,Town Panchayat,601201
5229,33,Tamil Nadu,252916,Hanumanthampatti,Town Panchayat,625533
5230,33,Tamil Nadu,252413,Harur,Municipality,636903
5231,33,Tamil Nadu,252921,Highways,Town Panchayat,625515
5232,33,Tamil Nadu,252399,Hosur,Municipal Corporation,635109
5233,33,Tamil Nadu,252608,Huligal,Town Panchayat,643003
5234,33,Tamil Nadu,252641,Idikarai,Town Panchayat,641022
5235,33,Tamil Nadu,252999,Ilanji,Town Panchayat,627805
5236,33,Tamil Nadu,252869,Ilayangudi,Town Panchayat,630709
5237,33,Tamil Nadu,252843,Iluppur,Town Panchayat,622102
5238,33,Tamil Nadu,252843,Iluppur,Town Panchayat,639119
5239,33,Tamil Nadu,252629,Irugur,Town Panchayat,641103
5240,33,Tamil Nadu,252602,Jagathala,Town Panchayat,643003
5241,33,Tamil Nadu,252462,Jalakandapuram,Town Panchayat,636501
5242,33,Tamil Nadu,252538,Jambai,Town Panchayat,638312
5243,33,Tamil Nadu,252765,Jayankondam,Municipality,621802
5244,33,Tamil Nadu,252397,Jolarpet,Municipality,635851
5245,33,Tamil Nadu,252964,Kadambur,Town Panchayat,628714
5246,33,Tamil Nadu,252414,Kadathur,Town Panchayat,635303
5247,33,Tamil Nadu,253032,Kadayal,Town Panchayat,629101
5248,33,Tamil Nadu,252463,Kadayampatti,Town Panchayat,636351
5249,33,Tamil Nadu,252994,Kadayanallur,Municipality,627751
5250,33,Tamil Nadu,252994,Kadayanallur,Municipality,627759
5251,33,Tamil Nadu,300593,Kalakadu,Municipality,627501
5252,33,Tamil Nadu,252428,Kalambur,Town Panchayat,606903
5253,33,Tamil Nadu,252516,Kalappanaickenpatti,Town Panchayat,637404
5254,33,Tamil Nadu,252376,Kalavai,Town Panchayat,632506
5255,33,Tamil Nadu,253036,Kaliyakkavilai,Town Panchayat,629153
5256,33,Tamil Nadu,252744,Kallakudi,Town Panchayat,621651
5257,33,Tamil Nadu,252451,Kallakurichi,Municipality,606202
5258,33,Tamil Nadu,253017,Kallidaikurichi,Town Panchayat,627416
5259,33,Tamil Nadu,253065,Kallukuttam,Town Panchayat,629802
5260,33,Tamil Nadu,252961,Kalugumalai,Town Panchayat,628552
5261,33,Tamil Nadu,252919,Kamayagoundanpatti,Town Panchayat,625516
5262,33,Tamil Nadu,252412,Kambainallur,Town Panchayat,635202
5263,33,Tamil Nadu,252955,Kamuthi,Town Panchayat,623603
5264,33,Tamil Nadu,252858,Kanadukathan,Town Panchayat,630103
5265,33,Tamil Nadu,252982,Kanam,Town Panchayat,628201
5266,33,Tamil Nadu,252336,Kancheepuram,Municipal Corporation,631501
5267,33,Tamil Nadu,252861,Kandanur,Town Panchayat,630104
5268,33,Tamil Nadu,290455,Kangeyam,Municipality,638701
5269,33,Tamil Nadu,252682,Kaniyur,Town Panchayat,642203
5270,33,Tamil Nadu,252553,Kanjikovil,Town Panchayat,638116
5271,33,Tamil Nadu,252420,Kannamangalam,Town Panchayat,632311
5272,33,Tamil Nadu,252634,Kannampalayam,Town Panchayat,641402
5273,33,Tamil Nadu,252475,Kannankurichi,Town Panchayat,636008
5274,33,Tamil Nadu,252589,Kannivadi,Town Panchayat,638106
5275,33,Tamil Nadu,252589,Kannivadi,Town Panchayat,639202
5276,33,Tamil Nadu,252705,Kannivadi,Town Panchayat,624705
5277,33,Tamil Nadu,253091,Kanniyakumari,Municipality,629702
5278,33,Tamil Nadu,253058,Kappiyarai,Town Panchayat,629156
5279,33,Tamil Nadu,252863,Karaikudi,Municipality,630001
5280,33,Tamil Nadu,252613,Karamadai,Municipality,641104
5281,33,Tamil Nadu,252851,Karambakkudi,Town Panchayat,622302
5282,33,Tamil Nadu,252945,Kariapatti,Town Panchayat,626106
5283,33,Tamil Nadu,252408,Karimangalam,Town Panchayat,635111
5284,33,Tamil Nadu,252554,Karumandi Chellipalayam,Town Panchayat,638052
5285,33,Tamil Nadu,252628,Karumathampatti,Municipality,641659
5286,33,Tamil Nadu,253046,Karungal,Town Panchayat,629157
5287,33,Tamil Nadu,252346,Karunguzhi,Town Panchayat,603303
5288,33,Tamil Nadu,252465,Karuppur,Town Panchayat,636012
5289,33,Tamil Nadu,252725,Karur,Municipal Corporation,639001
5290,33,Tamil Nadu,252546,Kasipalayam (G),Town Panchayat,638454
5291,33,Tamil Nadu,252785,Kattumannarkoil,Town Panchayat,608301
5292,33,Tamil Nadu,252735,Kattuputhur,Town Panchayat,621207
5293,33,Tamil Nadu,252371,Kaveripakkam,Town Panchayat,632508
5294,33,Tamil Nadu,252404,Kaveripattinam,Town Panchayat,635112
5295,33,Tamil Nadu,252980,Kayalpattinam,Municipality,628204
5296,33,Tamil Nadu,252965,Kayatharu,Town Panchayat,628952
5297,33,Tamil Nadu,252958,Keelakarai,Municipality,623517
5298,33,Tamil Nadu,252853,Keeramangalam,Town Panchayat,614624
5299,33,Tamil Nadu,252690,Keeranur,Town Panchayat,624617
5300,33,Tamil Nadu,252845,Keeranur,Town Panchayat,639119
5301,33,Tamil Nadu,252845,Keeranur,Town Panchayat,622502
5302,33,Tamil Nadu,252845,Keeranur,Town Panchayat,638701
5303,33,Tamil Nadu,252493,Keeripatti,Town Panchayat,636107
5304,33,Tamil Nadu,253044,Keezhkulam,Town Panchayat,629193
5305,33,Tamil Nadu,252405,Kelamangalam,Town Panchayat,635113
5306,33,Tamil Nadu,252527,Kembainaickenpalayam,Town Panchayat,638503
5307,33,Tamil Nadu,252603,Kethi,Town Panchayat,643003
5308,33,Tamil Nadu,252577,Kilambadi,Town Panchayat,638052
5309,33,Tamil Nadu,253007,Kilapavoor,Town Panchayat,627806
5310,33,Tamil Nadu,252610,Kilkunda,Town Panchayat,643003
5311,33,Tamil Nadu,252780,Killai,Town Panchayat,608102
5312,33,Tamil Nadu,253045,Killiyoor,Town Panchayat,629171
5313,33,Tamil Nadu,252433,Kilpennathur,Town Panchayat,604601
5314,33,Tamil Nadu,252799,Kilvelur,Town Panchayat,611104
5315,33,Tamil Nadu,252670,Kinathukadavu,Town Panchayat,642109
5316,33,Tamil Nadu,252670,Kinathukadavu,Town Panchayat,641202
5317,33,Tamil Nadu,252713,Kodaikanal,Municipality,624101
5318,33,Tamil Nadu,252804,Kodavasal,Town Panchayat,612601
5319,33,Tamil Nadu,252583,Kodumudi,Town Panchayat,638151
5320,33,Tamil Nadu,252549,Kolappalur,Town Panchayat,638456
5321,33,Tamil Nadu,252591,Kolathupalayam,Town Panchayat,638661
5322,33,Tamil Nadu,252455,Kolathur,Town Panchayat,636303
5323,33,Tamil Nadu,253042,Kollancode,Municipality,629160
5324,33,Tamil Nadu,252580,Kollankoil,Town Panchayat,638109
5325,33,Tamil Nadu,252687,Komaralingam,Town Panchayat,642204
5326,33,Tamil Nadu,252499,Komarapalayam,Municipality,638183
5327,33,Tamil Nadu,252912,Kombai,Town Panchayat,625522
5328,33,Tamil Nadu,252469,Konganapuram,Town Panchayat,637102
5329,33,Tamil Nadu,252810,Koothanallur,Municipality,614101
5330,33,Tamil Nadu,252752,Koothappar,Town Panchayat,620013
5331,33,Tamil Nadu,252805,Koradacheri,Town Panchayat,613703
5332,33,Tamil Nadu,252601,Kotagiri,Municipality,643003
5333,33,Tamil Nadu,253053,Kothanallur,Town Panchayat,629166
5334,33,Tamil Nadu,252860,Kottaiyur,Town Panchayat,630106
5335,33,Tamil Nadu,252440,Kottakuppam,Municipality,605104
5336,33,Tamil Nadu,253088,Kottaram,Town Panchayat,629703
5337,33,Tamil Nadu,252681,Kottur,Town Panchayat,625534
5338,33,Tamil Nadu,252681,Kottur,Town Panchayat,642114
5339,33,Tamil Nadu,252962,Kovilpatti,Municipality,628501
5340,33,Tamil Nadu,252962,Kovilpatti,Municipality,621305
5341,33,Tamil Nadu,252402,Krishnagiri,Municipality,635001
5342,33,Tamil Nadu,252729,Krishnarayapuram,Town Panchayat,639102
5343,33,Tamil Nadu,252909,Kuchanur,Town Panchayat,625552
5344,33,Tamil Nadu,252544,Kugalur,Town Panchayat,638476
5345,33,Tamil Nadu,253050,Kulasekaram,Town Panchayat,629161
5346,33,Tamil Nadu,252731,Kulithalai,Municipality,639104
5347,33,Tamil Nadu,253052,Kumarapuram,Town Panchayat,627657
5348,33,Tamil Nadu,252823,Kumbakonam,Municipal Corporation,612001
5349,33,Tamil Nadu,252298,Kundrathur,Municipality,600069
5350,33,Tamil Nadu,252556,Kunnathur,Town Panchayat,600069
5351,33,Tamil Nadu,252775,Kurinjipadi,Town Panchayat,607302
5352,33,Tamil Nadu,252761,Kurumbalur,Town Panchayat,621107
5353,33,Tamil Nadu,252795,Kuthalam,Town Panchayat,609801
5354,33,Tamil Nadu,253038,Kuzhithurai,Municipality,629163
5355,33,Tamil Nadu,252763,Labbaikudikadu,Town Panchayat,621108
5356,33,Tamil Nadu,252545,Lakkampatti,Town Panchayat,638454
5357,33,Tamil Nadu,252747,Lalgudi,Municipality,621601
5358,33,Tamil Nadu,252784,Lalpet,Town Panchayat,608303
5359,33,Tamil Nadu,252685,Madathukulam,Town Panchayat,642113
5360,33,Tamil Nadu,252665,Madukkarai,Municipality,641105
5361,33,Tamil Nadu,252838,Madukkur,Town Panchayat,614903
5362,33,Tamil Nadu,252889,Madurai,Municipal Corporation,625002
5363,33,Tamil Nadu,252347,Madurantakam,Municipality,603306
5364,33,Tamil Nadu,252946,Mallankinaru,Town Panchayat,626109
5365,33,Tamil Nadu,252501,Mallasamudram,Town Panchayat,637503
5366,33,Tamil Nadu,252485,Mallur,Town Panchayat,636203
5367,33,Tamil Nadu,252344,Mamallapuram,Municipality,603104
5368,33,Tamil Nadu,252931,Mamsapuram,Town Panchayat,626110
5369,33,Tamil Nadu,252743,Manachanallur,Town Panchayat,621005
5370,33,Tamil Nadu,252793,Manalmedu,Town Panchayat,609202
5371,33,Tamil Nadu,252444,Manalurpet,Town Panchayat,605754
5372,33,Tamil Nadu,252868,Manamadurai,Municipality,630606
5373,33,Tamil Nadu,252757,Manapparai,Municipality,621306
5374,33,Tamil Nadu,253069,Manavalakurichi,Town Panchayat,629252
5375,33,Tamil Nadu,253070,Mandaikadu,Town Panchayat,629252
5376,33,Tamil Nadu,252959,Mandapam,Town Panchayat,623518
5377,33,Tamil Nadu,252295,Mangadu,Municipality,600122
5378,33,Tamil Nadu,252786,Mangalampet,Town Panchayat,606104
5379,33,Tamil Nadu,253023,Manimutharu,Town Panchayat,627421
5380,33,Tamil Nadu,252811,Mannargudi,Municipality,614001
5381,33,Tamil Nadu,252330,Maraimalainagar,Municipality,603209
5382,33,Tamil Nadu,252439,Marakkanam,Town Panchayat,604303
5383,33,Tamil Nadu,252407,Marandahalli,Town Panchayat,636806
5384,33,Tamil Nadu,252910,Markayankottai,Town Panchayat,625552
5385,33,Tamil Nadu,252732,Marudur,Town Panchayat,639102
5386,33,Tamil Nadu,252732,Marudur,Town Panchayat,639107
5387,33,Tamil Nadu,253078,Marungur,Town Panchayat,629402
5388,33,Tamil Nadu,252794,Mayiladuthurai,Municipality,609001
5389,33,Tamil Nadu,252454,Mecheri,Town Panchayat,636453
5390,33,Tamil Nadu,252898,Melachokkanathapuram,Town Panchayat,625582
5391,33,Tamil Nadu,253000,Melagaram,Town Panchayat,627818
5392,33,Tamil Nadu,253021,Melaseval,Town Panchayat,627452
5393,33,Tamil Nadu,252832,Melathiruppanthuruthi,Town Panchayat,613103
5394,33,Tamil Nadu,252828,Melattur,Town Panchayat,614301
5395,33,Tamil Nadu,252768,Melpattampakkam,Town Panchayat,607104
5396,33,Tamil Nadu,252871,Melur,Municipality,625106
5397,33,Tamil Nadu,252366,Melvisharam,Municipality,632531
5398,33,Tamil Nadu,252612,Mettupalayam,Municipality,638401
5399,33,Tamil Nadu,252612,Mettupalayam,Municipality,641301
5400,33,Tamil Nadu,252736,Mettupalayam,Town Panchayat,621210
5401,33,Tamil Nadu,252457,Mettur,Municipality,636401
5402,33,Tamil Nadu,252265,Minjur,Town Panchayat,601203
5403,33,Tamil Nadu,252573,Modakkurichi,Town Panchayat,638104
5404,33,Tamil Nadu,252521,Mohanur,Town Panchayat,637015
5405,33,Tamil Nadu,253024,Moolaikaraipatti,Town Panchayat,627354
5406,33,Tamil Nadu,252627,Mopperipalayam,Town Panchayat,641659
5407,33,Tamil Nadu,252953,Mudukulathur,Town Panchayat,623704
5408,33,Tamil Nadu,253013,Mukkudal,Town Panchayat,627601
5409,33,Tamil Nadu,253057,Mulagumudu,Town Panchayat,629167
5410,33,Tamil Nadu,252590,Mulanur,Town Panchayat,638106
5411,33,Tamil Nadu,252738,Musiri,Municipality,621211
5412,33,Tamil Nadu,252813,Muthupet,Town Panchayat,614704
5413,33,Tamil Nadu,252585,Muthur,Town Panchayat,638105
5414,33,Tamil Nadu,253083,Mylaudy,Town Panchayat,629403
5415,33,Tamil Nadu,252599,Naduvattam,Town Panchayat,643003
5416,33,Tamil Nadu,299500,Nagapattinam,Municipality,611001
5417,33,Tamil Nadu,253079,Nagercoil,Municipal Corporation,629001
5418,33,Tamil Nadu,252410,Nagojanahalli,Town Panchayat,635204
5419,33,Tamil Nadu,252555,Nallampatti,Town Panchayat,638057
5420,33,Tamil Nadu,260663,Nalloor,Town Panchayat,627853
5421,33,Tamil Nadu,252514,Namagiripettai,Town Panchayat,637406
5422,33,Tamil Nadu,252518,Namakkal,Municipality,637001
5423,33,Tamil Nadu,252550,Nambiyur,Town Panchayat,638458
5424,33,Tamil Nadu,252329,Nandivaram - Guduvancheri,Municipality,603202
5425,33,Tamil Nadu,252459,Nangavalli,Town Panchayat,636454
5426,33,Tamil Nadu,252733,Nangavaram,Town Panchayat,639107
5427,33,Tamil Nadu,252733,Nangavaram,Town Panchayat,639110
5428,33,Tamil Nadu,252733,Nangavaram,Town Panchayat,639102
5429,33,Tamil Nadu,253026,Nanguneri,Town Panchayat,627108
5430,33,Tamil Nadu,252807,Nannilam,Town Panchayat,610105
5431,33,Tamil Nadu,253010,Naranammalpuram,Town Panchayat,627357
5432,33,Tamil Nadu,260290,Narasimhanaickenpalayam,Town Panchayat,641031
5433,33,Tamil Nadu,252363,Narasingapuram,Municipality,636108
5434,33,Tamil Nadu,252283,Naravarikuppam,Town Panchayat,600052
5435,33,Tamil Nadu,252565,Nasiyanur,Town Panchayat,638107
5436,33,Tamil Nadu,252701,Natham,Town Panchayat,624401
5437,33,Tamil Nadu,252396,Natrampalli,Town Panchayat,635852
5438,33,Tamil Nadu,252865,Nattarasankottai,Town Panchayat,630556
5439,33,Tamil Nadu,252983,Nazerath,Town Panchayat,628617
5440,33,Tamil Nadu,252809,Needamangalam,Town Panchayat,614404
5441,33,Tamil Nadu,252693,Neikkarapatti,Town Panchayat,624615
5442,33,Tamil Nadu,252769,Nellikuppam,Municipality,607105
5443,33,Tamil Nadu,252594,Nelliyalam,Municipality,643205
5444,33,Tamil Nadu,252369,Nemili,Town Panchayat,631051
5445,33,Tamil Nadu,252532,Nerinjipettai,Town Panchayat,638311
5446,33,Tamil Nadu,252855,Nerkuppai,Town Panchayat,630405
5447,33,Tamil Nadu,253066,Neyyoor,Town Panchayat,629802
5448,33,Tamil Nadu,252715,Nilakkottai,Town Panchayat,624208
5449,33,Tamil Nadu,260291,No. 4 Veerapandi,Town Panchayat,625534
5450,33,Tamil Nadu,252914,Odaipatti,Town Panchayat,625540
5451,33,Tamil Nadu,252679,Odaiyakulam,Town Panchayat,642133
5452,33,Tamil Nadu,252695,Oddanchatram,Municipality,624619
5453,33,Tamil Nadu,252389,Odugathur,Town Panchayat,632103
5454,33,Tamil Nadu,252534,Olagadam,Town Panchayat,638314
5455,33,Tamil Nadu,252464,Omalur,Town Panchayat,636455
5456,33,Tamil Nadu,252837,Orathanadu,Town Panchayat,614625
5457,33,Tamil Nadu,252668,Othakalmandapam,Town Panchayat,641032
5458,33,Tamil Nadu,252597,O Valley,Town Panchayat,643003
5459,33,Tamil Nadu,253037,Pacode,Town Panchayat,629168
5460,33,Tamil Nadu,252500,Padaiveedu,Town Panchayat,637503
5461,33,Tamil Nadu,253061,Padmanabhapuram,Municipality,629175
5462,33,Tamil Nadu,252409,Palakkodu,Town Panchayat,636808
5463,33,Tamil Nadu,252880,Palamedu,Town Panchayat,625503
5464,33,Tamil Nadu,252692,Palani,Municipality,624601
5465,33,Tamil Nadu,252906,Palani Chettipatti,Town Panchayat,625531
5466,33,Tamil Nadu,260292,Palappallam,Town Panchayat,629159
5467,33,Tamil Nadu,252696,Palayam,Town Panchayat,624620
5468,33,Tamil Nadu,252636,Palladam,Municipality,641664
5469,33,Tamil Nadu,252633,Pallapalayam,Town Panchayat,639002
5470,33,Tamil Nadu,252552,Pallapalayam,Town Panchayat,639002
5471,33,Tamil Nadu,252633,Pallapalayam,Town Panchayat,641663
5472,33,Tamil Nadu,252633,Pallapalayam,Town Panchayat,641402
5473,33,Tamil Nadu,252633,Pallapalayam,Town Panchayat,638116
5474,33,Tamil Nadu,252720,Pallapatti,Municipality,639205
5475,33,Tamil Nadu,252720,Pallapatti,Municipality,625534
5476,33,Tamil Nadu,252859,Pallathur,Town Panchayat,630107
5477,33,Tamil Nadu,252377,Pallikonda,Town Panchayat,635809
5478,33,Tamil Nadu,252506,Pallipalayam,Municipality,638008
5479,33,Tamil Nadu,252270,Pallipattu,Town Panchayat,631207
5480,33,Tamil Nadu,253035,Palugal,Town Panchayat,629170
5481,33,Tamil Nadu,253031,Panagudi,Town Panchayat,627109
5482,33,Tamil Nadu,252481,Panaimarathupatti,Town Panchayat,636204
5483,33,Tamil Nadu,252372,Panapakkam,Town Panchayat,631152
5484,33,Tamil Nadu,252372,Panapakkam,Town Panchayat,631052
5485,33,Tamil Nadu,252525,Pandamangalam,Town Panchayat,637208
5486,33,Tamil Nadu,252712,Pannaikadu,Town Panchayat,624210
5487,33,Tamil Nadu,252911,Pannaipuram,Town Panchayat,625524
5488,33,Tamil Nadu,253004,Panpoli,Town Panchayat,627807
5489,33,Tamil Nadu,252770,Panruti,Municipality,607106
5490,33,Tamil Nadu,252826,Papanasam,Town Panchayat,614205
5491,33,Tamil Nadu,252484,Papparapatti,Town Panchayat,637501
5492,33,Tamil Nadu,252416,Pappireddipatti,Town Panchayat,636905
5493,33,Tamil Nadu,252952,Paramakudi,Municipality,623707
5494,33,Tamil Nadu,252522,Paramathi,Town Panchayat,637207
5495,33,Tamil Nadu,252777,Parangipettai,Town Panchayat,608502
5496,33,Tamil Nadu,252872,Paravai,Town Panchayat,625402
5497,33,Tamil Nadu,252574,Pasur,Town Panchayat,638154
5498,33,Tamil Nadu,253020,Pathamadai,Town Panchayat,627453
5499,33,Tamil Nadu,252511,Pattanam,Town Panchayat,637408
5500,33,Tamil Nadu,252717,Pattiveeranpatti,Town Panchayat,624211
5501,33,Tamil Nadu,252839,Pattukkottai,Municipality,614601
5502,33,Tamil Nadu,252790,Pennadam,Town Panchayat,606105
5503,33,Tamil Nadu,252419,Pennagaram,Town Panchayat,636810
5504,33,Tamil Nadu,252388,Pennathur,Town Panchayat,632058
5505,33,Tamil Nadu,252886,Peraiyur,Town Panchayat,625703
5506,33,Tamil Nadu,252806,Peralam,Town Panchayat,609405
5507,33,Tamil Nadu,252762,Perambalur,Municipality,621212
5508,33,Tamil Nadu,252425,Peranamallur,Town Panchayat,604503
5509,33,Tamil Nadu,252841,Peravurani,Town Panchayat,614804
5510,33,Tamil Nadu,252541,Periyakodiveri,Town Panchayat,638505
5511,33,Tamil Nadu,252902,Periyakulam,Municipality,625601
5512,33,Tamil Nadu,252638,Periyanaickenpalayam,Town Panchayat,641020
5513,33,Tamil Nadu,252671,Periya Negamam,Town Panchayat,642120
5514,33,Tamil Nadu,252350,Pernambut,Municipality,635810
5515,33,Tamil Nadu,252842,Perumagalur,Town Panchayat,614612
5516,33,Tamil Nadu,252558,Perundurai,Municipality,638052
5517,33,Tamil Nadu,252974,Perungulam,Town Panchayat,628752
5518,33,Tamil Nadu,252974,Perungulam,Town Panchayat,623536
5519,33,Tamil Nadu,252661,Perur,Town Panchayat,641010
5520,33,Tamil Nadu,252551,Pethampalayam,Town Panchayat,638116
5521,33,Tamil Nadu,252490,Pethanaickenpalayam,Town Panchayat,636109
5522,33,Tamil Nadu,252515,Pillanallur,Town Panchayat,637403
5523,33,Tamil Nadu,252730,P.J. Cholapuram,Town Panchayat,639102
5524,33,Tamil Nadu,252543,P.Mettupalayam,Town Panchayat,638315
5525,33,Tamil Nadu,252458,P.N.Patti,Town Panchayat,636402
5526,33,Tamil Nadu,252674,Pollachi,Municipality,642003
5527,33,Tamil Nadu,252674,Pollachi,Municipality,642001
5528,33,Tamil Nadu,252674,Pollachi,Municipality,642002
5529,33,Tamil Nadu,252429,Polur,Municipality,606803
5530,33,Tamil Nadu,253051,Ponmanai,Town Panchayat,629161
5531,33,Tamil Nadu,252849,Ponnamaravathi,Town Panchayat,622407
5532,33,Tamil Nadu,252758,Ponnampatti,Town Panchayat,621312
5533,33,Tamil Nadu,252264,Ponneri,Municipality,601204
5534,33,Tamil Nadu,252759,Poolambadi,Town Panchayat,621110
5535,33,Tamil Nadu,252467,Poolampatti,Town Panchayat,637107
5536,33,Tamil Nadu,252659,Pooluvapatti,Town Panchayat,641101
5537,33,Tamil Nadu,252278,Poonamallee,Municipality,600056
5538,33,Tamil Nadu,260293,Poovalur,Town Panchayat,621712
5539,33,Tamil Nadu,252524,Pothanur,Town Panchayat,638181
5540,33,Tamil Nadu,252271,Pothatturpettai,Town Panchayat,631208
5541,33,Tamil Nadu,252848,Pudukkottai,Municipality,622005
5542,33,Tamil Nadu,252848,Pudukkottai,Municipality,622001
5543,33,Tamil Nadu,252431,Pudupalayam,Town Panchayat,606705
5544,33,Tamil Nadu,252917,Pudupatti,Town Panchayat,625556
5545,33,Tamil Nadu,253005,Pudur (S),Town Panchayat,627809
5546,33,Tamil Nadu,252862,Puduvayal,Town Panchayat,630108
5547,33,Tamil Nadu,300381,Pugalur,Municipality,621313
5548,33,Tamil Nadu,252990,Puliangudi,Municipality,627855
5549,33,Tamil Nadu,252726,Puliyur,Town Panchayat,639114
5550,33,Tamil Nadu,252745,Pullampadi,Town Panchayat,621711
5551,33,Tamil Nadu,252531,Punjaipuliampatti,Municipality,638459
5552,33,Tamil Nadu,252723,Punjai Thottakurichi,Town Panchayat,639113
5553,33,Tamil Nadu,253085,Puthalam,Town Panchayat,629602
5554,33,Tamil Nadu,253041,Puthukkadai,Town Panchayat,629171
5555,33,Tamil Nadu,252923,Rajapalayam,Municipality,626117
5556,33,Tamil Nadu,252957,Ramanathapuram,Municipality,623501
5557,33,Tamil Nadu,290447,Rameswaram,Municipality,623526
5558,33,Tamil Nadu,252364,Ranipet,Municipality,632531
5559,33,Tamil Nadu,252512,Rasipuram,Municipality,637408
5560,33,Tamil Nadu,252988,Rayagiri,Town Panchayat,627764
5561,33,Tamil Nadu,253067,Reethapuram,Town Panchayat,629159
5562,33,Tamil Nadu,252510,R.Pudupatti,Town Panchayat,637407
5563,33,Tamil Nadu,252951,R.S.Mangalam,Town Panchayat,623525
5564,33,Tamil Nadu,252588,Rudravathi,Town Panchayat,638702
5565,33,Tamil Nadu,252540,Salangapalayam,Town Panchayat,638455
5566,33,Tamil Nadu,252474,Salem,Municipal Corporation,636001
5567,33,Tamil Nadu,252630,Samalapuram,Town Panchayat,641663
5568,33,Tamil Nadu,252677,Samathur,Town Panchayat,642123
5569,33,Tamil Nadu,252995,Sambavar Vadagarai,Town Panchayat,627856
5570,33,Tamil Nadu,252686,Sankaramanallur,Town Panchayat,642204
5571,33,Tamil Nadu,252992,Sankarankovil,Municipality,627756
5572,33,Tamil Nadu,252448,Sankarapuram,Town Panchayat,606401
5573,33,Tamil Nadu,252473,Sankari,Municipality,637301
5574,33,Tamil Nadu,253009,Sankarnagar,Town Panchayat,627357
5575,33,Tamil Nadu,252642,Sarcarsamakulam,Town Panchayat,641107
5576,33,Tamil Nadu,252986,Sathankulam,Town Panchayat,628704
5577,33,Tamil Nadu,252528,Sathyamangalam,Municipality,638402
5578,33,Tamil Nadu,252948,Sattur,Municipality,626203
5579,33,Tamil Nadu,252956,Sayalgudi,Town Panchayat,623120
5580,33,Tamil Nadu,252973,Sayapuram,Town Panchayat,628251
5581,33,Tamil Nadu,252513,Seerapalli,Town Panchayat,637406
5582,33,Tamil Nadu,252924,Seithur,Town Panchayat,626121
5583,33,Tamil Nadu,253006,Sengottai,Municipality,627809
5584,33,Tamil Nadu,252517,Senthamangalam,Town Panchayat,627857
5585,33,Tamil Nadu,252498,Sentharapatti,Town Panchayat,636110
5586,33,Tamil Nadu,252778,Sethiathoppu,Town Panchayat,608702
5587,33,Tamil Nadu,252716,Sevugampatti,Town Panchayat,624211
5588,33,Tamil Nadu,252882,Sholavandan,Town Panchayat,625214
5589,33,Tamil Nadu,252360,Sholingur,Municipality,631102
5590,33,Tamil Nadu,252598,Sholur,Town Panchayat,643003
5591,33,Tamil Nadu,252856,Singampuneri,Town Panchayat,630502
5592,33,Tamil Nadu,252791,Sirkali,Municipality,609110
5593,33,Tamil Nadu,252791,Sirkali,Municipality,609111
5594,33,Tamil Nadu,252748,Sirugamani,Town Panchayat,639115
5595,33,Tamil Nadu,252611,Sirumugai,Town Panchayat,641302
5596,33,Tamil Nadu,252710,Sithayankottai,Town Panchayat,624708
5597,33,Tamil Nadu,252866,Sivagangai,Municipality,630561
5598,33,Tamil Nadu,252579,Sivagiri,Town Panchayat,627757
5599,33,Tamil Nadu,252987,Sivagiri,Town Panchayat,627757
5600,33,Tamil Nadu,252987,Sivagiri,Town Panchayat,638109
5601,33,Tamil Nadu,252938,Sivakasi,Municipal Corporation,626123
5602,33,Tamil Nadu,252742,S. Kannanur,Town Panchayat,621112
5603,33,Tamil Nadu,252928,S.Kodikulam,Town Panchayat,626133
5604,33,Tamil Nadu,252783,Srimushnam,Town Panchayat,608703
5605,33,Tamil Nadu,252299,Sriperumbudur,Municipality,602105
5606,33,Tamil Nadu,252704,Sriramapuram,Town Panchayat,624622
5607,33,Tamil Nadu,252976,Srivaikuntam,Town Panchayat,628601
5608,33,Tamil Nadu,252932,Srivilliputhur,Municipality,626125
5609,33,Tamil Nadu,253082,Suchindrum,Town Panchayat,629704
5610,33,Tamil Nadu,252676,Suleeswaranpatti,Town Panchayat,642006
5611,33,Tamil Nadu,252632,Sulur,Town Panchayat,641402
5612,33,Tamil Nadu,252930,Sundarapandiam,Town Panchayat,626126
5613,33,Tamil Nadu,252998,Sundarapandiapuram,Town Panchayat,627858
5614,33,Tamil Nadu,252993,Surandai,Municipality,627859
5615,33,Tamil Nadu,252822,Swamimalai,Town Panchayat,612302
5616,33,Tamil Nadu,252319,Tambaram,Municipal Corporation,600046
5617,33,Tamil Nadu,252319,Tambaram,Municipal Corporation,600043
5618,33,Tamil Nadu,252319,Tambaram,Municipal Corporation,600044
5619,33,Tamil Nadu,252319,Tambaram,Municipal Corporation,600045
5620,33,Tamil Nadu,252997,Tenkasi,Municipality,627811
5621,33,Tamil Nadu,252703,Thadikombu,Town Panchayat,624709
5622,33,Tamil Nadu,252370,Thakkolam,Town Panchayat,631151
5623,33,Tamil Nadu,252801,Thalainayar,Town Panchayat,614712
5624,33,Tamil Nadu,252901,Thamaraikulam,Town Panchayat,625605
5625,33,Tamil Nadu,252497,Thammampatti,Town Panchayat,636113
5626,33,Tamil Nadu,252833,Thanjavur,Municipal Corporation,613007
5627,33,Tamil Nadu,252833,Thanjavur,Municipal Corporation,613001
5628,33,Tamil Nadu,252833,Thanjavur,Municipal Corporation,613009
5629,33,Tamil Nadu,252833,Thanjavur,Municipal Corporation,613008
5630,33,Tamil Nadu,252466,Tharamangalam,Municipality,636502
5631,33,Tamil Nadu,252796,Tharangambadi,Town Panchayat,609307
5632,33,Tamil Nadu,252796,Tharangambadi,Town Panchayat,609313
5633,33,Tamil Nadu,252737,Thathaiyangarpet,Town Panchayat,621214
5634,33,Tamil Nadu,253075,Thazhakudy,Town Panchayat,629901
5635,33,Tamil Nadu,252495,Thedavur,Town Panchayat,636116
5636,33,Tamil Nadu,252905,Theni-Allinagaram,Municipality,625531
5637,33,Tamil Nadu,252903,Thenkarai,Town Panchayat,641101
5638,33,Tamil Nadu,252903,Thenkarai,Town Panchayat,625601
5639,33,Tamil Nadu,252660,Thenkarai,Town Panchayat,625021
5640,33,Tamil Nadu,252903,Thenkarai,Town Panchayat,641105
5641,33,Tamil Nadu,253087,Thenthamaraikulam,Town Panchayat,629701
5642,33,Tamil Nadu,252978,Thenthiruperai,Town Panchayat,628623
5643,33,Tamil Nadu,253077,Therur,Town Panchayat,629704
5644,33,Tamil Nadu,252908,Thevaram,Town Panchayat,625530
5645,33,Tamil Nadu,252472,Thevur,Town Panchayat,637104
5646,33,Tamil Nadu,252450,Thiagadurgam,Town Panchayat,606206
5647,33,Tamil Nadu,253071,Thingalnagar,Town Panchayat,629802
5648,33,Tamil Nadu,253048,Thirparappu,Town Panchayat,629161
5649,33,Tamil Nadu,253027,Thirukarungudi,Town Panchayat,627115
5650,33,Tamil Nadu,252831,Thirukkattupalli,Town Panchayat,613104
5651,33,Tamil Nadu,252667,Thirumalayampalayam,Town Panchayat,641105
5652,33,Tamil Nadu,252279,Thirumazhisai,Town Panchayat,600124
5653,33,Tamil Nadu,252616,Thirumuruganpoondi,Municipality,641652
5654,33,Tamil Nadu,252824,Thirunageswaram,Town Panchayat,612204
5655,33,Tamil Nadu,252275,Thirunindravur,Municipality,602024
5656,33,Tamil Nadu,252398,Thirupathur,Municipality,635601
5657,33,Tamil Nadu,252332,Thiruporur,Town Panchayat,603110
5658,33,Tamil Nadu,252814,Thiruppanandal,Town Panchayat,612504
5659,33,Tamil Nadu,252867,Thirupuvanam,Town Panchayat,630611
5660,33,Tamil Nadu,252816,Thirupuvanam,Town Panchayat,612103
5661,33,Tamil Nadu,252812,Thiruthuraipoondi,Municipality,614713
5662,33,Tamil Nadu,252830,Thiruvaiyaru,Municipality,613204
5663,33,Tamil Nadu,252359,Thiruvalam,Town Panchayat,632515
5664,33,Tamil Nadu,252434,Thiruvannamalai,Municipality,606601
5665,33,Tamil Nadu,252424,Thiruvathipuram,Municipality,604407
5666,33,Tamil Nadu,253049,Thiruvattar,Town Panchayat,629177
5667,33,Tamil Nadu,252991,Thiruvengadam,Town Panchayat,627719
5668,33,Tamil Nadu,252447,Thiruvennainallur,Town Panchayat,607203
5669,33,Tamil Nadu,252277,Thiruverkadu,Municipality,600077
5670,33,Tamil Nadu,252817,Thiruvidaimarudur,Town Panchayat,612104
5671,33,Tamil Nadu,253059,Thiruvithancode,Town Panchayat,629174
5672,33,Tamil Nadu,253030,Thisayanvilai,Town Panchayat,627657
5673,33,Tamil Nadu,252797,Thittachery,Town Panchayat,609703
5674,33,Tamil Nadu,252657,Thondamuthur,Town Panchayat,641109
5675,33,Tamil Nadu,252950,Thondi,Town Panchayat,623409
5676,33,Tamil Nadu,252970,Thoothukudi,Municipal Corporation,628001
5677,33,Tamil Nadu,252771,Thorapadi,Town Panchayat,607108
5678,33,Tamil Nadu,252734,Thottiyam,Town Panchayat,621215
5679,33,Tamil Nadu,252741,Thuraiyur,Municipality,621010
5680,33,Tamil Nadu,252754,Thuvakudi,Municipality,620015
5681,33,Tamil Nadu,252375,Timiri,Town Panchayat,632512
5682,33,Tamil Nadu,252438,Tindivanam,Municipality,604001
5683,33,Tamil Nadu,252984,Tiruchendur,Municipality,628215
5684,33,Tamil Nadu,252502,Tiruchengode,Municipality,637211
5685,33,Tamil Nadu,252749,Tiruchirappalli,Municipal Corporation,620002
5686,33,Tamil Nadu,252749,Tiruchirappalli,Municipal Corporation,620001
5687,33,Tamil Nadu,252749,Tiruchirappalli,Municipal Corporation,620027
5688,33,Tamil Nadu,252749,Tiruchirappalli,Municipal Corporation,620026
5689,33,Tamil Nadu,252749,Tiruchirappalli,Municipal Corporation,620003
5690,33,Tamil Nadu,252749,Tiruchirappalli,Municipal Corporation,620004
5691,33,Tamil Nadu,252749,Tiruchirappalli,Municipal Corporation,620005
5692,33,Tamil Nadu,252749,Tiruchirappalli,Municipal Corporation,620006
5693,33,Tamil Nadu,252749,Tiruchirappalli,Municipal Corporation,620008
5694,33,Tamil Nadu,252749,Tiruchirappalli,Municipal Corporation,620024
5695,33,Tamil Nadu,252749,Tiruchirappalli,Municipal Corporation,620023
5696,33,Tamil Nadu,252749,Tiruchirappalli,Municipal Corporation,620022
5697,33,Tamil Nadu,252749,Tiruchirappalli,Municipal Corporation,620020
5698,33,Tamil Nadu,252749,Tiruchirappalli,Municipal Corporation,620018
5699,33,Tamil Nadu,252749,Tiruchirappalli,Municipal Corporation,620017
5700,33,Tamil Nadu,252749,Tiruchirappalli,Municipal Corporation,620014
5701,33,Tamil Nadu,252343,Tirukalukundram,Town Panchayat,603109
5702,33,Tamil Nadu,252446,Tirukkoyilur,Municipality,605757
5703,33,Tamil Nadu,252888,Tirumangalam,Municipality,625706
5704,33,Tamil Nadu,253011,Tirunelveli,Municipal Corporation,627002
5705,33,Tamil Nadu,252857,Tirupathur,Town Panchayat,630211
5706,33,Tamil Nadu,252621,Tiruppur,Municipal Corporation,641601
5707,33,Tamil Nadu,252269,Tiruttani,Municipality,631209
5708,33,Tamil Nadu,252273,Tiruvallur,Municipality,602001
5709,33,Tamil Nadu,252808,Tiruvarur,Municipality,610001
5710,33,Tamil Nadu,252789,Tittakudi,Municipality,606106
5711,33,Tamil Nadu,252887,T.Kallupatti,Town Panchayat,625702
5712,33,Tamil Nadu,252887,T.Kallupatti,Town Panchayat,625605
5713,33,Tamil Nadu,252985,Udangudi,Town Panchayat,628203
5714,33,Tamil Nadu,252766,Udayarpalayam,Town Panchayat,621804
5715,33,Tamil Nadu,252600,Udhagamandalam,Municipality,643003
5716,33,Tamil Nadu,252600,Udhagamandalam,Municipality,643205
5717,33,Tamil Nadu,252683,Udumalpet,Municipality,642126
5718,33,Tamil Nadu,252453,Ulundurpettai,Municipality,606107
5719,33,Tamil Nadu,252581,Unjalur,Town Panchayat,638152
5720,33,Tamil Nadu,253039,Unnamalaikadai,Town Panchayat,629179
5721,33,Tamil Nadu,252727,Uppidamangalam,Town Panchayat,639114
5722,33,Tamil Nadu,252739,Uppiliapuram,Town Panchayat,621011
5723,33,Tamil Nadu,252884,Usilampatti,Municipality,625532
5724,33,Tamil Nadu,252915,Uthamapalayam,Town Panchayat,625533
5725,33,Tamil Nadu,252411,Uthangarai,Town Panchayat,635207
5726,33,Tamil Nadu,252392,Uthayendram,Town Panchayat,635754
5727,33,Tamil Nadu,252342,Uthiramerur,Town Panchayat,603406
5728,33,Tamil Nadu,252268,Uthukkottai,Town Panchayat,602026
5729,33,Tamil Nadu,252560,Uthukuli,Town Panchayat,638104
5730,33,Tamil Nadu,253003,Vadakarai Keezhpadugai,Town Panchayat,627812
5731,33,Tamil Nadu,252449,Vadakkanandal,Town Panchayat,606207
5732,33,Tamil Nadu,253029,Vadakkuvalliyur,Town Panchayat,627117
5733,33,Tamil Nadu,252776,Vadalur,Municipality,607303
5734,33,Tamil Nadu,252700,Vadamadurai,Town Panchayat,624802
5735,33,Tamil Nadu,252881,Vadipatti,Town Panchayat,625218
5736,33,Tamil Nadu,252904,Vadugapatti,Town Panchayat,625603
5737,33,Tamil Nadu,252576,Vadugapatti,Town Panchayat,625603
5738,33,Tamil Nadu,252792,Vaitheeswarankoil,Town Panchayat,609117
5739,33,Tamil Nadu,252803,Valangaiman,Town Panchayat,612804
5740,33,Tamil Nadu,252443,Valavanur,Town Panchayat,605108
5741,33,Tamil Nadu,252836,Vallam,Town Panchayat,613403
5742,33,Tamil Nadu,252689,Valparai,Municipality,642127
5743,33,Tamil Nadu,253056,Valvaithankoshtam,Town Panchayat,629158
5744,33,Tamil Nadu,252460,Vanavasi,Town Panchayat,636457
5745,33,Tamil Nadu,252426,Vandavasi,Municipality,604408
5746,33,Tamil Nadu,252542,Vaniputhur,Town Panchayat,638506
5747,33,Tamil Nadu,252394,Vaniyambadi,Municipality,635751
5748,33,Tamil Nadu,252764,Varadarajanpettai,Town Panchayat,621805
5749,33,Tamil Nadu,252989,Vasudevanallur,Town Panchayat,627758
5750,33,Tamil Nadu,252488,Vazhapadi,Town Panchayat,636115
5751,33,Tamil Nadu,252655,Vedapatti,Town Panchayat,641007
5752,33,Tamil Nadu,252802,Vedaranyam,Municipality,614810
5753,33,Tamil Nadu,252697,Vedasandur,Town Panchayat,624710
5754,33,Tamil Nadu,252494,Veeraganur,Town Panchayat,636116
5755,33,Tamil Nadu,252456,Veerakkalpudur,Town Panchayat,636454
5756,33,Tamil Nadu,252626,Veerapandi,Town Panchayat,625534
5757,33,Tamil Nadu,253018,Veeravanallur,Town Panchayat,627426
5758,33,Tamil Nadu,252800,Velankanni,Town Panchayat,611111
5759,33,Tamil Nadu,252587,Vellakoil,Municipality,638111
5760,33,Tamil Nadu,252664,Vellalur,Town Panchayat,625109
5761,33,Tamil Nadu,253072,Vellimalai,Town Panchayat,629204
5762,33,Tamil Nadu,252381,Vellore,Municipal Corporation,632014
5763,33,Tamil Nadu,252381,Vellore,Municipal Corporation,632001
5764,33,Tamil Nadu,252381,Vellore,Municipal Corporation,632002
5765,33,Tamil Nadu,252381,Vellore,Municipal Corporation,632004
5766,33,Tamil Nadu,252381,Vellore,Municipal Corporation,632006
5767,33,Tamil Nadu,252381,Vellore,Municipal Corporation,632007
5768,33,Tamil Nadu,252381,Vellore,Municipal Corporation,632008
5769,33,Tamil Nadu,252381,Vellore,Municipal Corporation,632009
5770,33,Tamil Nadu,252381,Vellore,Municipal Corporation,632010
5771,33,Tamil Nadu,252381,Vellore,Municipal Corporation,632012
5772,33,Tamil Nadu,252381,Vellore,Municipal Corporation,632013
5773,33,Tamil Nadu,252381,Vellore,Municipal Corporation,632055
5774,33,Tamil Nadu,252578,Vellottamparappu,Town Panchayat,638154
5775,33,Tamil Nadu,252523,Velur,Town Panchayat,638182
5776,33,Tamil Nadu,252582,Vengambur,Town Panchayat,638151
5777,33,Tamil Nadu,252582,Vengambur,Town Panchayat,638152
5778,33,Tamil Nadu,252526,Venkarai,Town Panchayat,637208
5779,33,Tamil Nadu,252508,Vennanthur,Town Panchayat,637505
5780,33,Tamil Nadu,252815,Veppathur,Town Panchayat,612105
5781,33,Tamil Nadu,253054,Verkilambi,Town Panchayat,629166
5782,33,Tamil Nadu,252680,Vettaikaranpudur,Town Panchayat,642129
5783,33,Tamil Nadu,252435,Vettavalam,Town Panchayat,606754
5784,33,Tamil Nadu,253015,Vikramasingapuram,Municipality,627425
5785,33,Tamil Nadu,252441,Vikravandi,Town Panchayat,605652
5786,33,Tamil Nadu,252374,Vilapakkam,Town Panchayat,632521
5787,33,Tamil Nadu,252968,Vilathikulam,Town Panchayat,628907
5788,33,Tamil Nadu,253060,Vilavur,Town Panchayat,629166
5789,33,Tamil Nadu,253062,Villukuri,Town Panchayat,629180
5790,33,Tamil Nadu,252442,Villupuram,Municipality,605602
5791,33,Tamil Nadu,252787,Virudhachalam,Municipality,606001
5792,33,Tamil Nadu,252943,Virudhunagar,Municipality,626001
5793,33,Tamil Nadu,252967,V. Pudur,Town Panchayat,628905
5794,33,Tamil Nadu,252341,Walajabad,Town Panchayat,631605
5795,33,Tamil Nadu,252365,Walajapet,Municipality,632531
5796,33,Tamil Nadu,260677,Watrap,Town Panchayat,626132
5797,33,Tamil Nadu,260678,W.Pudhupatti,Town Panchayat,626116
5798,33,Tamil Nadu,252673,Zamin Uthukuli,Town Panchayat,642004
5799,36,Telangana,263214,Achampet,Municipality,509375
5800,36,Telangana,290099,Adibatla,Municipality,501510
5801,36,Telangana,248083,Adilabad,Municipality,504001
5802,36,Telangana,290144,Alair,Municipality,508101
5803,36,Telangana,290062,Alampur,Municipality,509152
5804,36,Telangana,302811,Aliyadbad,Municipality,500101
5805,36,Telangana,290104,Amangal,Municipality,509321
5806,36,Telangana,290142,Amarchinta,Municipality,509130
5807,36,Telangana,290153,Ameenpur,Municipality,502032
5808,36,Telangana,260558,Andole Jogipet,Municipality,502270
5809,36,Telangana,248090,Armoor,Municipality,503224
5810,36,Telangana,248090,Armoor,Municipality,503223
5811,36,Telangana,301596,Asifabad,Municipality,504293
5812,36,Telangana,302289,Aswaraopeta,Municipality,507301
5813,36,Telangana,290140,Atmakur,Municipality,509131
5814,36,Telangana,257865,Badangpet,Municipal Corporation,500112
5815,36,Telangana,290098,Bandlaguda Jagir,Municipal Corporation,500091
5816,36,Telangana,290201,Banswada,Municipality,503187
5817,36,Telangana,248084,Bellampalli,Municipality,504251
5818,36,Telangana,248085,Bhainsa,Municipality,504103
5819,36,Telangana,290093,Bheemgal,Municipality,503307
5820,36,Telangana,251682,Bhongir,Municipality,508116
5821,36,Telangana,290073,Bhootpur,Municipality,509382
5822,36,Telangana,253291,Bhupalpalle,Municipality,506169
5823,36,Telangana,302728,Bichkunda,Municipality,503306
5824,36,Telangana,248092,Bodhan,Municipality,503185
5825,36,Telangana,290151,Bollaram,Municipality,500010
5826,36,Telangana,290151,Bollaram,Municipality,502325
5827,36,Telangana,290091,Chandur,Municipality,508255
5828,36,Telangana,290075,Chennur,Municipality,504201
5829,36,Telangana,290132,Cherial,Municipality,506223
5830,36,Telangana,302290,Chevella,Municipality,501503
5831,36,Telangana,290089,Chityal,Municipality,508114
5832,36,Telangana,290063,Choppandandi,Municipality,505415
5833,36,Telangana,290143,Choutuppal,Municipality,508252
5834,36,Telangana,305330,Cyberabad Municipal Corporation,Municipal Corporation,500084
5835,36,Telangana,305330,Cyberabad Municipal Corporation,Municipal Corporation,500081
5836,36,Telangana,290081,Dammaiguda,Municipality,500083
5837,36,Telangana,302291,Devarakadara,Municipality,509204
5838,36,Telangana,251686,Devarakonda,Municipality,508248
5839,36,Telangana,290061,Dharmapuri,Municipality,505425
5840,36,Telangana,290069,Dornakal,Municipality,506381
5841,36,Telangana,260709,Dubbak,Municipality,502108
5842,36,Telangana,290154,Dundigal,Municipality,500043
5843,36,Telangana,302293,Edulapuram,Municipality,507003
5844,36,Telangana,302294,Gaddapotharam,Municipality,502319
5845,36,Telangana,248103,Gadwal,Municipality,509125
5846,36,Telangana,254930,Gajwel,Municipality,502278
5847,36,Telangana,290084,Ghatkesar,Municipality,501301
5848,36,Telangana,290085,Gundlapochampally,Municipality,501401
5849,36,Telangana,290090,Haliya,Municipality,508377
5850,36,Telangana,253267,Husnabad,Municipality,505467
5851,36,Telangana,253265,Huzurabad,Municipality,505468
5852,36,Telangana,253257,Huzurnagar,Municipality,508204
5853,36,Telangana,251664,Hyderabad,Municipal Corporation,500069
5854,36,Telangana,251664,Hyderabad,Municipal Corporation,500070
5855,36,Telangana,251664,Hyderabad,Municipal Corporation,500001
5856,36,Telangana,251664,Hyderabad,Municipal Corporation,500002
5857,36,Telangana,251664,Hyderabad,Municipal Corporation,500003
5858,36,Telangana,251664,Hyderabad,Municipal Corporation,500004
5859,36,Telangana,251664,Hyderabad,Municipal Corporation,500005
5860,36,Telangana,251664,Hyderabad,Municipal Corporation,500006
5861,36,Telangana,251664,Hyderabad,Municipal Corporation,500008
5862,36,Telangana,251664,Hyderabad,Municipal Corporation,500009
5863,36,Telangana,251664,Hyderabad,Municipal Corporation,500010
5864,36,Telangana,251664,Hyderabad,Municipal Corporation,500011
5865,36,Telangana,251664,Hyderabad,Municipal Corporation,500012
5866,36,Telangana,251664,Hyderabad,Municipal Corporation,500013
5867,36,Telangana,251664,Hyderabad,Municipal Corporation,500015
5868,36,Telangana,251664,Hyderabad,Municipal Corporation,500018
5869,36,Telangana,251664,Hyderabad,Municipal Corporation,500019
5870,36,Telangana,251664,Hyderabad,Municipal Corporation,500023
5871,36,Telangana,251664,Hyderabad,Municipal Corporation,500024
5872,36,Telangana,251664,Hyderabad,Municipal Corporation,500026
5873,36,Telangana,251664,Hyderabad,Municipal Corporation,500027
5874,36,Telangana,251664,Hyderabad,Municipal Corporation,500028
5875,36,Telangana,251664,Hyderabad,Municipal Corporation,500029
5876,36,Telangana,251664,Hyderabad,Municipal Corporation,500030
5877,36,Telangana,251664,Hyderabad,Municipal Corporation,500031
5878,36,Telangana,251664,Hyderabad,Municipal Corporation,500032
5879,36,Telangana,251664,Hyderabad,Municipal Corporation,500033
5880,36,Telangana,251664,Hyderabad,Municipal Corporation,500034
5881,36,Telangana,251664,Hyderabad,Municipal Corporation,500035
5882,36,Telangana,251664,Hyderabad,Municipal Corporation,500036
5883,36,Telangana,251664,Hyderabad,Municipal Corporation,500038
5884,36,Telangana,251664,Hyderabad,Municipal Corporation,500039
5885,36,Telangana,251664,Hyderabad,Municipal Corporation,500041
5886,36,Telangana,251664,Hyderabad,Municipal Corporation,500044
5887,36,Telangana,251664,Hyderabad,Municipal Corporation,500045
5888,36,Telangana,251664,Hyderabad,Municipal Corporation,500046
5889,36,Telangana,251664,Hyderabad,Municipal Corporation,500048
5890,36,Telangana,251664,Hyderabad,Municipal Corporation,500051
5891,36,Telangana,251664,Hyderabad,Municipal Corporation,500052
5892,36,Telangana,251664,Hyderabad,Municipal Corporation,500053
5893,36,Telangana,251664,Hyderabad,Municipal Corporation,500057
5894,36,Telangana,251664,Hyderabad,Municipal Corporation,500058
5895,36,Telangana,251664,Hyderabad,Municipal Corporation,500059
5896,36,Telangana,251664,Hyderabad,Municipal Corporation,500060
5897,36,Telangana,251664,Hyderabad,Municipal Corporation,500063
5898,36,Telangana,251664,Hyderabad,Municipal Corporation,500064
5899,36,Telangana,251664,Hyderabad,Municipal Corporation,500065
5900,36,Telangana,251664,Hyderabad,Municipal Corporation,500066
5901,36,Telangana,251664,Hyderabad,Municipal Corporation,500068
5902,36,Telangana,251664,Hyderabad,Municipal Corporation,501505
5903,36,Telangana,251664,Hyderabad,Municipal Corporation,500115
5904,36,Telangana,251664,Hyderabad,Municipal Corporation,500114
5905,36,Telangana,251664,Hyderabad,Municipal Corporation,500111
5906,36,Telangana,251664,Hyderabad,Municipal Corporation,500110
5907,36,Telangana,251664,Hyderabad,Municipal Corporation,500102
5908,36,Telangana,251664,Hyderabad,Municipal Corporation,500098
5909,36,Telangana,251664,Hyderabad,Municipal Corporation,500096
5910,36,Telangana,251664,Hyderabad,Municipal Corporation,500086
5911,36,Telangana,251664,Hyderabad,Municipal Corporation,500082
5912,36,Telangana,251664,Hyderabad,Municipal Corporation,500081
5913,36,Telangana,251664,Hyderabad,Municipal Corporation,500079
5914,36,Telangana,251664,Hyderabad,Municipal Corporation,500077
5915,36,Telangana,251664,Hyderabad,Municipal Corporation,500076
5916,36,Telangana,251664,Hyderabad,Municipal Corporation,500074
5917,36,Telangana,251664,Hyderabad,Municipal Corporation,500073
5918,36,Telangana,258044,Ibrahimpatnam,Municipality,501506
5919,36,Telangana,257993,Ieeja,Municipality,509127
5920,36,Telangana,302732,Indresham ,Municipality,502319
5921,36,Telangana,302304,Isnapur,Municipality,502300
5922,36,Telangana,263216,Jadcherla,Municipality,509301
5923,36,Telangana,251651,Jagtial,Municipality,505327
5924,36,Telangana,276409,Jalapally,Municipality,500005
5925,36,Telangana,253266,Jammikunta,Municipality,505122
5926,36,Telangana,251690,Jangaon,Municipality,506167
5927,36,Telangana,302736,Jinnaram,Municipality,502319
5928,36,Telangana,248086,Kagaz Nagar,Municipality,504296
5929,36,Telangana,302727,Kalluru,Municipality,507209
5930,36,Telangana,258029,Kalwakurthy,Municipality,509324
5931,36,Telangana,248093,Kamareddy,Municipality,503111
5932,36,Telangana,251653,Karimnagar,Municipal Corporation,505001
5933,36,Telangana,302303,Kesamudram,Municipality,506112
5934,36,Telangana,248105,Khammam,Municipal Corporation,507001
5935,36,Telangana,290092,Khanapur,Municipality,504203
5936,36,Telangana,253255,Kodad,Municipality,508206
5937,36,Telangana,290136,Kodangal,Municipality,509338
5938,36,Telangana,302302,Kohir,Municipality,502210
5939,36,Telangana,257989,Kollapur,Municipality,509102
5940,36,Telangana,290088,Kompally,Municipality,500100
5941,36,Telangana,251652,Korutla,Municipality,505326
5942,36,Telangana,290074,Kosgi,Municipality,509339
5943,36,Telangana,248109,Kothagudem,Municipality,507101
5944,36,Telangana,290138,Kothakota,Municipality,509381
5945,36,Telangana,290064,Kothapally,Municipality,505451
5946,36,Telangana,297017,Kothur,Municipality,509228
5947,36,Telangana,290076,Kyathanpally,Municipality,504301
5948,36,Telangana,290077,Luxettipet,Municipality,504215
5949,36,Telangana,302301,Maddur,Municipality,509411
5950,36,Telangana,257876,Madhira,Municipality,507203
5951,36,Telangana,257971,Mahabubabad,Municipality,506101
5952,36,Telangana,248101,Mahabubnagar,Municipality,509001
5953,36,Telangana,290072,Makthal,Municipality,509208
5954,36,Telangana,305331,Malkajgiri Municipal Corporation,Municipal Corporation,500047
5955,36,Telangana,248087,Mancherial,Municipality,504208
5956,36,Telangana,248088,Mandamarri,Municipality,504231
5957,36,Telangana,290096,Manikonda,Municipality,500089
5958,36,Telangana,290094,Manthani,Municipality,505184
5959,36,Telangana,248107,Manugur,Municipality,507117
5960,36,Telangana,290070,Maripeda,Municipality,506315
5961,36,Telangana,248095,Medak,Municipality,502110
5962,36,Telangana,263222,Medchal,Municipality,501401
5963,36,Telangana,276410,Meerpet,Municipal Corporation,500097
5964,36,Telangana,253104,Metpalli,Municipality,505325
5965,36,Telangana,251689,Miryalaguda,Municipality,508207
5966,36,Telangana,302299,Moinabad,Municipality,501504
5967,36,Telangana,290141,Mothkur,Municipality,508277
5968,36,Telangana,302710,Muduchinthalapally,Municipality,500101
5969,36,Telangana,302731,Mulugu,Municipality,506343
5970,36,Telangana,290082,Nagaram,Municipality,500083
5971,36,Telangana,251680,Nagarkurnool,Municipality,509209
5972,36,Telangana,297095,Nakrekal,Municipality,508211
5973,36,Telangana,251685,Nalgonda,Municipality,508001
5974,36,Telangana,294879,Nandikonda,Municipality,508202
5975,36,Telangana,290131,Narayankhed,Municipality,502286
5976,36,Telangana,248102,Narayanpet,Municipality,509210
5977,36,Telangana,253275,Narsampet,Municipality,506132
5978,36,Telangana,290080,Narsapur,Municipality,502313
5979,36,Telangana,290097,Narsingi,Municipality,500075
5980,36,Telangana,290097,Narsingi,Municipality,500089
5981,36,Telangana,290147,Naspur,Municipality,504302
5982,36,Telangana,290133,Nereducharla,Municipality,508218
5983,36,Telangana,248089,Nirmal,Municipality,504106
5984,36,Telangana,248091,Nizamabad,Municipal Corporation,503003
5985,36,Telangana,248110,Palwancha,Municipality,507115
5986,36,Telangana,290135,Parigi,Municipality,501501
5987,36,Telangana,257970,Parkal,Municipality,506164
5988,36,Telangana,290139,Pebbair,Municipality,509104
5989,36,Telangana,257864,Pedda Amberpet,Municipality,501505
5990,36,Telangana,253268,Peddapalli,Municipality,505172
5991,36,Telangana,290145,Pochamapally,Municipality,508284
5992,36,Telangana,290083,Pocharam,Municipality,500088
5993,36,Telangana,289549,Raikal,Municipality,505460
5994,36,Telangana,251648,Ramagundam,Municipal Corporation,505208
5995,36,Telangana,290078,Ramayampet,Municipality,502101
5996,36,Telangana,248098,Sadasivpet,Municipality,502291
5997,36,Telangana,248094,Sangareddy,Municipality,502001
5998,36,Telangana,248108,Sathupally,Municipality,507303
5999,36,Telangana,254925,Shadnagar,Municipality,509216
6000,36,Telangana,290149,Shamshabad,Municipality,501218
6001,36,Telangana,290149,Shamshabad,Municipality,500108
6002,36,Telangana,290100,Shankarpally,Municipality,501203
6003,36,Telangana,248096,Siddipet,Municipality,502103
6004,36,Telangana,251654,Sircilla,Municipality,505301
6005,36,Telangana,302292,Station Ghanpur,Municipality,506143
6006,36,Telangana,290095,Sulthanabad,Municipality,505185
6007,36,Telangana,251684,Suryapet,Municipality,508213
6008,36,Telangana,248099,Tandur,Municipality,501141
6009,36,Telangana,290152,Tellapur,Municipality,502032
6010,36,Telangana,290134,Thirumalagiri,Municipality,508223
6011,36,Telangana,290071,Thorrur,Municipality,506163
6012,36,Telangana,290102,Thukkuguda,Municipality,501359
6013,36,Telangana,290086,Thumkunta,Municipality,500078
6014,36,Telangana,290079,Toopran,Municipality,502334
6015,36,Telangana,290150,Turkayamjal,Municipality,501510
6016,36,Telangana,253269,Vemulawada,Municipality,505302
6017,36,Telangana,248100,Vikarabad,Municipality,501101
6018,36,Telangana,290060,Waddepalle,Municipality,509126
6019,36,Telangana,248104,Wanaparthy,Municipality,509103
6020,36,Telangana,251691,Warangal,Municipal Corporation,506013
6021,36,Telangana,251691,Warangal,Municipal Corporation,506007
6022,36,Telangana,251691,Warangal,Municipal Corporation,506001
6023,36,Telangana,251691,Warangal,Municipal Corporation,506002
6024,36,Telangana,290137,Wardhannapet,Municipality,506313
6025,36,Telangana,290068,Wyra,Municipality,507165
6026,36,Telangana,290146,Yadagirigutta,Municipality,508115
6027,36,Telangana,248106,Yellandu,Municipality,507123
6028,36,Telangana,290067,Yellareddy,Municipality,503122
6029,36,Telangana,248097,Zaheerabad,Municipality,502220
6030,38,The Dadra And Nagar Haveli And Daman And Diu,251272,Daman,Municipal Council,396210
6031,38,The Dadra And Nagar Haveli And Daman And Diu,251271,Diu,Municipal Council,362520
6032,38,The Dadra And Nagar Haveli And Daman And Diu,251273,Silvassa,Municipal Council,396230
6033,16,Tripura,249785,Agartala Municipal Corporation,Municipal Corporation,799007
6034,16,Tripura,249785,Agartala Municipal Corporation,Municipal Corporation,799022
6035,16,Tripura,249785,Agartala Municipal Corporation,Municipal Corporation,799014
6036,16,Tripura,249785,Agartala Municipal Corporation,Municipal Corporation,799009
6037,16,Tripura,249785,Agartala Municipal Corporation,Municipal Corporation,799001
6038,16,Tripura,249785,Agartala Municipal Corporation,Municipal Corporation,799006
6039,16,Tripura,249785,Agartala Municipal Corporation,Municipal Corporation,799005
6040,16,Tripura,249785,Agartala Municipal Corporation,Municipal Corporation,799004
6041,16,Tripura,249785,Agartala Municipal Corporation,Municipal Corporation,799003
6042,16,Tripura,249785,Agartala Municipal Corporation,Municipal Corporation,799002
6043,16,Tripura,249797,Amarpur Nagar Panchayat,Nagar Panchayat,799101
6044,16,Tripura,249802,Ambassa Municipal Council,Municipality,799289
6045,16,Tripura,249794,Badharghat,Nagar Panchayat,799003
6046,16,Tripura,249798,Belonia Municipal Council,Municipality,799155
6047,16,Tripura,261690,Bishalgarh Municipal Council,Municipality,799102
6048,16,Tripura,261690,Bishalgarh Municipal Council,Municipality,799011
6049,16,Tripura,249803,Dharmanagar Municipal Council,Municipality,799253
6050,16,Tripura,249803,Dharmanagar Municipal Council,Municipality,799250
6051,16,Tripura,249803,Dharmanagar Municipal Council,Municipality,799251
6052,16,Tripura,249789,Gandhigram,Nagar Panchayat,799012
6053,16,Tripura,249791,Indranagar,Nagar Panchayat,799006
6054,16,Tripura,261687,Jirania Nagar Panchayat,Nagar Panchayat,799045
6055,16,Tripura,249792,Jogendranagar,Nagar Panchayat,799004
6056,16,Tripura,249804,Kailashahar Municipal Council,Municipality,799279
6057,16,Tripura,249804,Kailashahar Municipal Council,Municipality,799277
6058,16,Tripura,249800,Kamalpur Nagar Panchayat,Nagar Panchayat,799285
6059,16,Tripura,249783,Khowai Municipal Council,Municipality,799201
6060,16,Tripura,249783,Khowai Municipal Council,Municipality,799202
6061,16,Tripura,249805,Kumarghat Municipal Council,Municipality,799264
6062,16,Tripura,249790,Kunjaban,Nagar Panchayat,799006
6063,16,Tripura,261691,Melaghar Municipal Council,Municipality,799115
6064,16,Tripura,261692,Mohanpur Municipal Council,Municipality,799211
6065,16,Tripura,249788,Narsingarh,Nagar Panchayat,799015
6066,16,Tripura,261688,Panisagar Nagar Panchayat,Nagar Panchayat,799260
6067,16,Tripura,249793,Pratapgarh,Nagar Panchayat,799004
6068,16,Tripura,249786,Ranirbazar Municipal Council,Municipality,799008
6069,16,Tripura,249786,Ranirbazar Municipal Council,Municipality,799045
6070,16,Tripura,249786,Ranirbazar Municipal Council,Municipality,799035
6071,16,Tripura,249799,Sabroom Nagar Panchayat,Nagar Panchayat,799145
6072,16,Tripura,261689,Santirbazar Municipal Council,Municipality,799144
6073,16,Tripura,249787,Sonamura Nagar Panchayat,Nagar Panchayat,799131
6074,16,Tripura,249787,Sonamura Nagar Panchayat,Nagar Panchayat,799102
6075,16,Tripura,249784,Teliamura Municipal Council,Municipality,799205
6076,16,Tripura,249796,Udaipur Municipal Council,Municipality,799120
6077,5,Uttarakhand,248449,Almora,Municipal Corporation,263601
6078,5,Uttarakhand,262902,Augustmuni,Nagar Panchayat,246421
6079,5,Uttarakhand,248412,Badrinathpuri,Nagar Panchayat,246422
6080,5,Uttarakhand,248447,Bageshwar,Municipality,263619
6081,5,Uttarakhand,248447,Bageshwar,Municipality,263642
6082,5,Uttarakhand,248467,Bajpur,Municipality,262401
6083,5,Uttarakhand,262922,Banbasa,Nagar Panchayat,262310
6084,5,Uttarakhand,248410,Barahat-Uttarkashi,Municipality,249193
6085,5,Uttarakhand,248409,Barkot,Municipality,249141
6086,5,Uttarakhand,259826,Berinag,Municipality,262531
6087,5,Uttarakhand,262847,Bhagwanpur,Nagar Panchayat,247661
6088,5,Uttarakhand,274457,Bhikiyasain,Nagar Panchayat,263667
6089,5,Uttarakhand,248456,Bhimtal,Municipality,263136
6090,5,Uttarakhand,248455,Bhowali,Municipality,263132
6091,5,Uttarakhand,248423,Chamba,Municipality,249145
6092,5,Uttarakhand,277163,Chamiyala,Nagar Panchayat,249125
6093,5,Uttarakhand,248414,Chamoli Gopeshwar,Municipality,246424
6094,5,Uttarakhand,248414,Chamoli Gopeshwar,Municipality,246401
6095,5,Uttarakhand,248451,Champawat,Municipality,262523
6096,5,Uttarakhand,297128,Chaukhutiya,Nagar Panchayat,263656
6097,5,Uttarakhand,262842,Chiniyalisaur,Municipality,249196
6098,5,Uttarakhand,248430,Dehradun,Municipal Corporation,248001
6099,5,Uttarakhand,248430,Dehradun,Municipal Corporation,248003
6100,5,Uttarakhand,248430,Dehradun,Municipal Corporation,248019
6101,5,Uttarakhand,248430,Dehradun,Municipal Corporation,248121
6102,5,Uttarakhand,248421,Devprayag,Municipality,249301
6103,5,Uttarakhand,299524,Dhandera,Nagar Panchayat,247667
6104,5,Uttarakhand,248444,Dharchula,Municipality,262545
6105,5,Uttarakhand,248445,Didihat,Municipality,262551
6106,5,Uttarakhand,248470,Dineshpur,Nagar Panchayat,263160
6107,5,Uttarakhand,248440,Dogadda,Municipality,246001
6108,5,Uttarakhand,248433,Doiwala,Municipality,248140
6109,5,Uttarakhand,248433,Doiwala,Municipality,248001
6110,5,Uttarakhand,248448,Dwarahat,Nagar Panchayat,263653
6111,5,Uttarakhand,248469,Gadarpur,Municipality,263152
6112,5,Uttarakhand,260112,Gairsain,Nagar Panchayat,246428
6113,5,Uttarakhand,277164,Gaja,Nagar Panchayat,249146
6114,5,Uttarakhand,262883,Gangolihat,Municipality,262522
6115,5,Uttarakhand,248411,Gangotri,Nagar Panchayat,249136
6116,5,Uttarakhand,301880,Garhinegi,Nagar Panchayat,244713
6117,5,Uttarakhand,299525,Garud,Nagar Panchayat,263641
6118,5,Uttarakhand,262832,Ghansali,Nagar Panchayat,249155
6119,5,Uttarakhand,248416,Gochar,Municipality,246429
6120,5,Uttarakhand,277162,Gularbhoj,Nagar Panchayat,262401
6121,5,Uttarakhand,301881,Guptkashi,Nagar Panchayat,246439
6122,5,Uttarakhand,248459,Haldwani-Cumkathgodam,Municipal Corporation,263126
6123,5,Uttarakhand,248459,Haldwani-Cumkathgodam,Municipal Corporation,263139
6124,5,Uttarakhand,248485,Haridwar,Municipal Corporation,249401
6125,5,Uttarakhand,248428,Herbertpur,Municipality,248142
6126,5,Uttarakhand,248428,Herbertpur,Municipality,248001
6127,5,Uttarakhand,300431,Imlikhera,Nagar Panchayat,247663
6128,5,Uttarakhand,248462,Jaspur,Municipality,244712
6129,5,Uttarakhand,248481,Jhabrera,Nagar Panchayat,247665
6130,5,Uttarakhand,248413,Joshimath,Municipality,246443
6131,5,Uttarakhand,248458,Kaladhungi,Municipality,263140
6132,5,Uttarakhand,248441,Kanvnagri Kotdwar,Municipal Corporation,246149
6133,5,Uttarakhand,248441,Kanvnagri Kotdwar,Municipal Corporation,246001
6134,5,Uttarakhand,259921,Kapkot,Nagar Panchayat,263632
6135,5,Uttarakhand,248417,Karnaprayag,Municipality,246444
6136,5,Uttarakhand,248463,Kashipur,Municipal Corporation,244713
6137,5,Uttarakhand,248418,Kedarnath,Nagar Panchayat,246445
6138,5,Uttarakhand,248468,Kela Khera,Nagar Panchayat,263150
6139,5,Uttarakhand,248477,Khatima,Municipality,262308
6140,5,Uttarakhand,248474,Kichha,Municipality,263148
6141,5,Uttarakhand,248420,Kirtinagar,Nagar Panchayat,249161
6142,5,Uttarakhand,248486,Laksar,Municipality,247667
6143,5,Uttarakhand,248486,Laksar,Municipality,247663
6144,5,Uttarakhand,248460,Lalkuan,Nagar Panchayat,262402
6145,5,Uttarakhand,299527,Lalpur,Nagar Panchayat,263148
6146,5,Uttarakhand,277183,Lambgaon,Nagar Panchayat,249165
6147,5,Uttarakhand,248483,Landhaura,Nagar Panchayat,247664
6148,5,Uttarakhand,248450,Lohaghat,Municipality,262524
6149,5,Uttarakhand,248461,Mahua Dabra Haripura,Nagar Panchayat,244712
6150,5,Uttarakhand,248465,Mahua Kheraganj,Municipality,244713
6151,5,Uttarakhand,248482,Manglaur,Municipality,247667
6152,5,Uttarakhand,248426,Munikireti-Dhalwala,Municipality,249137
6153,5,Uttarakhand,301879,Munsyari,Nagar Panchayat,262554
6154,5,Uttarakhand,248429,Mussoorie,Municipality,248001
6155,5,Uttarakhand,248429,Mussoorie,Municipality,248179
6156,5,Uttarakhand,299528,Nagla,Municipality,263145
6157,5,Uttarakhand,248454,Nainital,Municipality,263001
6158,5,Uttarakhand,275661,Nanakmatta,Nagar Panchayat,262311
6159,5,Uttarakhand,301882,Nandanagar,Nagar Panchayat,246435
6160,5,Uttarakhand,248415,Nandprayag,Nagar Panchayat,246449
6161,5,Uttarakhand,248424,Narendranagar,Municipality,249175
6162,5,Uttarakhand,274461,Naugaon,Nagar Panchayat,249171
6163,5,Uttarakhand,299749,Padali Gurjar,Nagar Panchayat,247666
6164,5,Uttarakhand,301877,Pati,Nagar Panchayat,262561
6165,5,Uttarakhand,248438,Pauri,Municipality,246001
6166,5,Uttarakhand,276459,Pipalkoti,Nagar Panchayat,246472
6167,5,Uttarakhand,275670,Piran Kaliyar,Nagar Panchayat,247667
6168,5,Uttarakhand,248446,Pithoragarh,Municipal Corporation,262501
6169,5,Uttarakhand,259820,Pokhari,Nagar Panchayat,246473
6170,5,Uttarakhand,262841,Purola,Municipality,249185
6171,5,Uttarakhand,248457,Ramnagar,Municipality,244715
6172,5,Uttarakhand,299529,Rampur,Nagar Panchayat,248197
6173,5,Uttarakhand,277190,Ranikhet Chiliyanaula,Municipality,263645
6174,5,Uttarakhand,248434,Rishikesh,Municipal Corporation,249201
6175,5,Uttarakhand,248478,Roorkee,Municipal Corporation,247667
6176,5,Uttarakhand,248419,Rudraprayag,Municipality,246171
6177,5,Uttarakhand,248471,Rudrapur,Municipal Corporation,263153
6178,5,Uttarakhand,262882,Satpuli,Nagar Panchayat,246001
6179,5,Uttarakhand,275633,Selaqui(Central Hope Town),Nagar Panchayat,248011
6180,5,Uttarakhand,248475,Shaktigarh,Nagar Panchayat,263151
6181,5,Uttarakhand,262858,Shivalik Nagar,Municipality,249401
6182,5,Uttarakhand,262858,Shivalik Nagar,Municipality,249403
6183,5,Uttarakhand,248476,Sitarganj,Municipality,262405
6184,5,Uttarakhand,248437,Srinagar,Municipal Corporation,246174
6185,5,Uttarakhand,248466,Sultanpur,Nagar Panchayat,244720
6186,5,Uttarakhand,300592,Sultanpur-Adampur,Nagar Panchayat,247663
6187,5,Uttarakhand,262843,Swargashram Jonk,Nagar Panchayat,249304
6188,5,Uttarakhand,248452,Tanakpur,Municipality,262309
6189,5,Uttarakhand,299531,Tapovan,Nagar Panchayat,248008
6190,5,Uttarakhand,248422,Tehri,Municipality,249001
6191,5,Uttarakhand,299532,Thalisain,Nagar Panchayat,246285
6192,5,Uttarakhand,275665,Tharali,Nagar Panchayat,246481
6193,5,Uttarakhand,276616,Tilwara,Nagar Panchayat,246475
6194,5,Uttarakhand,262901,Ukhimath,Nagar Panchayat,246469
6195,5,Uttarakhand,248427,Vikasnagar,Municipality,248001
6196,5,Uttarakhand,248427,Vikasnagar,Municipality,248198
6197,9,Uttar Pradesh,297922,Achal Ganj,Town Panchayat,209860
6198,9,Uttar Pradesh,249268,Achhalda,Town Panchayat,206241
6199,9,Uttar Pradesh,249066,Achhnera,Municipality,283101
6200,9,Uttar Pradesh,249487,Adari,Town Panchayat,275102
6201,9,Uttar Pradesh,248917,Afzalgarh,Municipality,246722
6202,9,Uttar Pradesh,248974,Agarwal Mandi,Town Panchayat,250601
6203,9,Uttar Pradesh,297071,Agawanpur,Town Panchayat,244504
6204,9,Uttar Pradesh,249062,Agra,Municipal Corporation,282007
6205,9,Uttar Pradesh,249062,Agra,Municipal Corporation,282002
6206,9,Uttar Pradesh,249062,Agra,Municipal Corporation,282003
6207,9,Uttar Pradesh,249062,Agra,Municipal Corporation,282004
6208,9,Uttar Pradesh,249062,Agra,Municipal Corporation,282006
6209,9,Uttar Pradesh,249062,Agra,Municipal Corporation,282008
6210,9,Uttar Pradesh,249062,Agra,Municipal Corporation,282009
6211,9,Uttar Pradesh,249062,Agra,Municipal Corporation,282010
6212,9,Uttar Pradesh,249545,Ahraura,Municipality,231301
6213,9,Uttar Pradesh,248887,Ailum,Town Panchayat,247771
6214,9,Uttar Pradesh,297055,Ait,Town Panchayat,285201
6215,9,Uttar Pradesh,249357,Ajhuwa,Town Panchayat,212217
6216,9,Uttar Pradesh,249400,Akbarpur,Municipality,224122
6217,9,Uttar Pradesh,249277,Akbarpur,Town Panchayat,224122
6218,9,Uttar Pradesh,249095,Aliganj,Municipality,207247
6219,9,Uttar Pradesh,249025,Aligarh,Municipal Corporation,202001
6220,9,Uttar Pradesh,249175,Allahganj,Town Panchayat,242220
6221,9,Uttar Pradesh,249131,Allapur,Town Panchayat,243631
6222,9,Uttar Pradesh,249088,Amanpur,Town Panchayat,207241
6223,9,Uttar Pradesh,248877,Ambehta,Town Panchayat,247340
6224,9,Uttar Pradesh,249402,Amethi(Amethi),Town Panchayat,227405
6225,9,Uttar Pradesh,249236,Amethi(Lucknow),Town Panchayat,226501
6226,9,Uttar Pradesh,249484,Amila,Town Panchayat,275301
6227,9,Uttar Pradesh,248975,Aminagar Sarai,Town Panchayat,250606
6228,9,Uttar Pradesh,263353,Amraudhaa,Town Panchayat,209112
6229,9,Uttar Pradesh,248950,Amroha,Municipality,244221
6230,9,Uttar Pradesh,249439,Anandnagar,Town Panchayat,273155
6231,9,Uttar Pradesh,299053,Anpara,Town Panchayat,231208
6232,9,Uttar Pradesh,249352,Antu,Town Panchayat,230501
6233,9,Uttar Pradesh,249011,Anupshahr,Municipality,203390
6234,9,Uttar Pradesh,249145,Aonla,Municipality,243301
6235,9,Uttar Pradesh,249398,Ashrafpur Kichhauchha,Town Panchayat,224155
6236,9,Uttar Pradesh,297623,Asothar,Town Panchayat,212620
6237,9,Uttar Pradesh,249339,Atarra,Municipality,210201
6238,9,Uttar Pradesh,249270,Atasu,Town Panchayat,206121
6239,9,Uttar Pradesh,249022,Atrauli,Municipality,202280
6240,9,Uttar Pradesh,249468,Atraulia,Town Panchayat,223223
6241,9,Uttar Pradesh,249273,Auraiya,Municipality,206122
6242,9,Uttar Pradesh,249004,Aurangabad,Town Panchayat,207243
6243,9,Uttar Pradesh,249217,Auras,Town Panchayat,209870
6244,9,Uttar Pradesh,249102,Awagarh,Town Panchayat,207301
6245,9,Uttar Pradesh,249391,Ayodhya,Municipal Corporation,224001
6246,9,Uttar Pradesh,249477,Azamgarh,Municipality,276001
6247,9,Uttar Pradesh,249472,Azmatgarh,Town Panchayat,276124
6248,9,Uttar Pradesh,249428,Baansi,Municipality,272153
6249,9,Uttar Pradesh,249269,Babarpur Ajitmal,Town Panchayat,206121
6250,9,Uttar Pradesh,249336,Baberu,Town Panchayat,210121
6251,9,Uttar Pradesh,297073,Babhnan Bazar,Town Panchayat,272161
6252,9,Uttar Pradesh,263350,Babralaa,Town Panchayat,243751
6253,9,Uttar Pradesh,248992,Babugarh,Town Panchayat,245201
6254,9,Uttar Pradesh,248947,Bachhraon,Municipality,244225
6255,9,Uttar Pradesh,249238,Bachhrawan,Town Panchayat,229301
6256,9,Uttar Pradesh,249313,Bada Gaon,Town Panchayat,284121
6257,9,Uttar Pradesh,249463,Badhani Bazar,Town Panchayat,274601
6258,9,Uttar Pradesh,297056,Badhani Chafa,Town Panchayat,272189
6259,9,Uttar Pradesh,263358,Badlapur,Town Panchayat,222125
6260,9,Uttar Pradesh,297053,Baghnagar Urf Bakhira,Town Panchayat,272199
6261,9,Uttar Pradesh,248973,Baghpat,Municipality,250609
6262,9,Uttar Pradesh,249074,Bah,Municipality,283104
6263,9,Uttar Pradesh,249513,Bahadurganj,Town Panchayat,275201
6264,9,Uttar Pradesh,249135,Bahedi,Municipality,243201
6265,9,Uttar Pradesh,248935,Bahjoi,Municipality,244410
6266,9,Uttar Pradesh,249410,Bahraich,Municipality,271801
6267,9,Uttar Pradesh,248959,Bahsuma,Town Panchayat,250404
6268,9,Uttar Pradesh,249346,Bahuwa,Town Panchayat,212663
6269,9,Uttar Pradesh,277185,Bairia,Town Panchayat,277201
6270,9,Uttar Pradesh,300768,Baitalpur,Town Panchayat,274201
6271,9,Uttar Pradesh,249046,Bajna,Town Panchayat,281201
6272,9,Uttar Pradesh,249265,Bakewar,Town Panchayat,206124
6273,9,Uttar Pradesh,249057,Baldeo,Town Panchayat,281301
6274,9,Uttar Pradesh,249497,Ballia,Municipality,243402
6275,9,Uttar Pradesh,249414,Balrampur,Municipality,271201
6276,9,Uttar Pradesh,301242,Banaras Locomotive Works,Notified Area Council,221004
6277,9,Uttar Pradesh,248889,Banat,Town Panchayat,247776
6278,9,Uttar Pradesh,249334,Banda,Municipality,210001
6279,9,Uttar Pradesh,297057,Banda,Town Panchayat,242042
6280,9,Uttar Pradesh,297057,Banda,Town Panchayat,210001
6281,9,Uttar Pradesh,249212,Bangarmau,Municipality,209868
6282,9,Uttar Pradesh,249380,Banki,Town Panchayat,231312
6283,9,Uttar Pradesh,249380,Banki,Town Panchayat,225001
6284,9,Uttar Pradesh,289237,Bankti,Town Panchayat,272123
6285,9,Uttar Pradesh,249498,Bansdih,Town Panchayat,277202
6286,9,Uttar Pradesh,249448,Bansgaon,Town Panchayat,273403
6287,9,Uttar Pradesh,297048,Banthra,Town Panchayat,242307
6288,9,Uttar Pradesh,299018,Barauli,Town Panchayat,281301
6289,9,Uttar Pradesh,299018,Barauli,Town Panchayat,203412
6290,9,Uttar Pradesh,248972,Baraut,Municipality,250611
6291,9,Uttar Pradesh,249181,Barbar,Town Panchayat,283119
6292,9,Uttar Pradesh,249149,Bareilly,Municipal Corporation,243001
6293,9,Uttar Pradesh,249450,Barhalganj,Town Panchayat,273402
6294,9,Uttar Pradesh,281989,Bariyarpur,Town Panchayat,274807
6295,9,Uttar Pradesh,249161,Barkhera,Town Panchayat,262203
6296,9,Uttar Pradesh,297058,Barnahal,Town Panchayat,205261
6297,9,Uttar Pradesh,249043,Barsana,Town Panchayat,281405
6298,9,Uttar Pradesh,249311,Barua Sagar,Municipality,284201
6299,9,Uttar Pradesh,249430,Basti,Municipality,272001
6300,9,Uttar Pradesh,248870,Behat,Town Panchayat,247121
6301,9,Uttar Pradesh,249353,Belha,Municipality,230001
6302,9,Uttar Pradesh,277186,Belhara,Town Panchayat,225305
6303,9,Uttar Pradesh,277186,Belhara,Town Panchayat,231312
6304,9,Uttar Pradesh,297059,Belhar Kala,Town Panchayat,272270
6305,9,Uttar Pradesh,301014,Belsar,Town Panchayat,271402
6306,9,Uttar Pradesh,249492,Belthara Road,Town Panchayat,221715
6307,9,Uttar Pradesh,249208,Beniganj,Town Panchayat,241304
6308,9,Uttar Pradesh,249031,Beswan,Town Panchayat,202145
6309,9,Uttar Pradesh,249109,Bewar,Town Panchayat,205301
6310,9,Uttar Pradesh,249109,Bewar,Town Panchayat,210501
6311,9,Uttar Pradesh,249389,Bhadarsa,Town Panchayat,224202
6312,9,Uttar Pradesh,249535,Bhadohi,Municipality,221401
6313,9,Uttar Pradesh,249229,Bhagwant Nagar,Town Panchayat,209864
6314,9,Uttar Pradesh,300729,Bhaluani,Town Panchayat,274182
6315,9,Uttar Pradesh,297060,Bhanpur Kaswa,Town Panchayat,243720
6316,9,Uttar Pradesh,297061,Bharatbhari,Town Panchayat,272191
6317,9,Uttar Pradesh,249374,Bharatganj,Town Panchayat,212305
6318,9,Uttar Pradesh,249093,Bhargain,Town Panchayat,207244
6319,9,Uttar Pradesh,249264,Bharthana,Municipality,206242
6320,9,Uttar Pradesh,249361,Bharwari(Kaushambi),Municipality,212201
6321,9,Uttar Pradesh,249467,Bhatpar Rani,Town Panchayat,274601
6322,9,Uttar Pradesh,249007,Bhawan Bahadur Nagar,Town Panchayat,203402
6323,9,Uttar Pradesh,297025,Bhinga,Municipality,271831
6324,9,Uttar Pradesh,300719,Bhira,Town Panchayat,262901
6325,9,Uttar Pradesh,249108,Bhogaon,Town Panchayat,205262
6326,9,Uttar Pradesh,248928,Bhojpur Dharampur,Town Panchayat,244402
6327,9,Uttar Pradesh,248902,Bhokarhedi,Town Panchayat,251316
6328,9,Uttar Pradesh,249267,Bidhuna,Town Panchayat,206243
6329,9,Uttar Pradesh,249228,Bighapur,Town Panchayat,209865
6330,9,Uttar Pradesh,248910,Bijnor,Municipality,246701
6331,9,Uttar Pradesh,249393,Bikapur,Town Panchayat,224204
6332,9,Uttar Pradesh,248931,Bilari,Municipality,244411
6333,9,Uttar Pradesh,249470,Bilariaganj,Municipality,276121
6334,9,Uttar Pradesh,248941,Bilaspur,Municipality,244921
6335,9,Uttar Pradesh,248997,Bilaspur,Town Panchayat,244921
6336,9,Uttar Pradesh,249203,Bilgram,Municipality,241301
6337,9,Uttar Pradesh,249282,Bilhaur,Municipality,209202
6338,9,Uttar Pradesh,249085,Bilram,Town Panchayat,207124
6339,9,Uttar Pradesh,249163,Bilsanda,Town Panchayat,262202
6340,9,Uttar Pradesh,249122,Bilsi,Municipality,243633
6341,9,Uttar Pradesh,249345,Bindki,Municipality,212635
6342,9,Uttar Pradesh,249162,Bisalpur,Municipality,262201
6343,9,Uttar Pradesh,249338,Bisanda Buzurg,Town Panchayat,210203
6344,9,Uttar Pradesh,249118,Bisauli,Municipality,243720
6345,9,Uttar Pradesh,249144,Bisharatganj,Town Panchayat,243302
6346,9,Uttar Pradesh,297050,Biskohar,Town Panchayat,272192
6347,9,Uttar Pradesh,249193,Biswan,Municipality,261201
6348,9,Uttar Pradesh,249285,Bithoor,Town Panchayat,209217
6349,9,Uttar Pradesh,263351,Bkt,Town Panchayat,226201
6350,9,Uttar Pradesh,297075,Boodhanpur,Town Panchayat,276142
6351,9,Uttar Pradesh,297075,Boodhanpur,Town Panchayat,246746
6352,9,Uttar Pradesh,297062,Brijmanganj,Town Panchayat,273157
6353,9,Uttar Pradesh,249126,Budaun,Municipality,243634
6354,9,Uttar Pradesh,249126,Budaun,Municipality,243601
6355,9,Uttar Pradesh,248897,Budhana,Town Panchayat,251309
6356,9,Uttar Pradesh,249009,Bugrasi,Town Panchayat,203403
6357,9,Uttar Pradesh,249005,Bulandshahr,Municipality,203001
6358,9,Uttar Pradesh,297029,Campierganj,Town Panchayat,273158
6359,9,Uttar Pradesh,249362,Chail,Town Panchayat,212202
6360,9,Uttar Pradesh,249522,Chakia,Town Panchayat,232103
6361,9,Uttar Pradesh,249520,Chandauli,Town Panchayat,221110
6362,9,Uttar Pradesh,249520,Chandauli,Town Panchayat,232104
6363,9,Uttar Pradesh,297076,Chandaus,Town Panchayat,202132
6364,9,Uttar Pradesh,248937,Chandausi,Municipality,244412
6365,9,Uttar Pradesh,248924,Chandpur,Municipality,246725
6366,9,Uttar Pradesh,249330,Charkhari,Municipality,210421
6367,9,Uttar Pradesh,248894,Charthaval,Town Panchayat,251311
6368,9,Uttar Pradesh,299009,Charwa,Town Panchayat,212203
6369,9,Uttar Pradesh,298915,Chauk,Town Panchayat,273303
6370,9,Uttar Pradesh,249045,Chaumuha,Town Panchayat,281406
6371,9,Uttar Pradesh,248969,Chhaprauli,Town Panchayat,250617
6372,9,Uttar Pradesh,249023,Chharra Rafatpur,Town Panchayat,202130
6373,9,Uttar Pradesh,249044,Chhata,Town Panchayat,281401
6374,9,Uttar Pradesh,249017,Chhatari,Town Panchayat,203397
6375,9,Uttar Pradesh,249256,Chhibramau,Municipality,209721
6376,9,Uttar Pradesh,297077,Chhitauni,Town Panchayat,274801
6377,9,Uttar Pradesh,296986,Chhutmalpura,Town Panchayat,247662
6378,9,Uttar Pradesh,277189,Chirayakot,Town Panchayat,276129
6379,9,Uttar Pradesh,249303,Chirgaon,Municipality,284301
6380,9,Uttar Pradesh,249496,Chitbara Gaon,Town Panchayat,221713
6381,9,Uttar Pradesh,249342,Chitrakoot Dham - Karwi,Municipality,210205
6382,9,Uttar Pradesh,249549,Chopan,Town Panchayat,231205
6383,9,Uttar Pradesh,249548,Chukradhumra,Town Panchayat,231206
6384,9,Uttar Pradesh,249543,Chunar,Municipality,231304
6385,9,Uttar Pradesh,249421,Colonelganj,Municipality,271502
6386,9,Uttar Pradesh,299069,Dadiyal,Town Panchayat,244241
6387,9,Uttar Pradesh,248996,Dadri,Municipality,203207
6388,9,Uttar Pradesh,297063,Dahagwan,Town Panchayat,243638
6389,9,Uttar Pradesh,297044,Dala Bazar,Town Panchayat,231207
6390,9,Uttar Pradesh,249243,Dalmau,Town Panchayat,229203
6391,9,Uttar Pradesh,248998,Dankaur,Town Panchayat,203201
6392,9,Uttar Pradesh,297064,Daranagar,Town Panchayat,212204
6393,9,Uttar Pradesh,249385,Dariyabad,Town Panchayat,225403
6394,9,Uttar Pradesh,248989,Dasna,Town Panchayat,201015
6395,9,Uttar Pradesh,297026,Dataganj,Municipality,243635
6396,9,Uttar Pradesh,248956,Daurala,Town Panchayat,250221
6397,9,Uttar Pradesh,249060,Dayalbagh,Town Panchayat,282005
6398,9,Uttar Pradesh,249013,Debai,Municipality,203393
6399,9,Uttar Pradesh,248882,Deoband,Municipality,247001
6400,9,Uttar Pradesh,248882,Deoband,Municipality,247554
6401,9,Uttar Pradesh,249138,Deoranian,Town Panchayat,243203
6402,9,Uttar Pradesh,249460,Deoria,Municipality,274001
6403,9,Uttar Pradesh,263348,Derapur,Town Panchayat,209301
6404,9,Uttar Pradesh,300772,Derva(Pratapgarh),Town Panchayat,230129
6405,9,Uttar Pradesh,249378,Dewa,Town Panchayat,225301
6406,9,Uttar Pradesh,290251,Dhakia,Town Panchayat,246762
6407,9,Uttar Pradesh,290251,Dhakia,Town Panchayat,244401
6408,9,Uttar Pradesh,299013,Dhakwa (Pratapgarh),Town Panchayat,230121
6409,9,Uttar Pradesh,248919,Dhampur,Municipality,246761
6410,9,Uttar Pradesh,248946,Dhanaura,Municipality,244231
6411,9,Uttar Pradesh,301016,Dhanepur,Town Panchayat,271602
6412,9,Uttar Pradesh,249185,Dhaurahara,Town Panchayat,262723
6413,9,Uttar Pradesh,249147,Dhaura Tanda,Town Panchayat,243202
6414,9,Uttar Pradesh,249272,Dibiyapur,Town Panchayat,206244
6415,9,Uttar Pradesh,249515,Dildarnagar Fatehpur Bazar,Town Panchayat,232326
6416,9,Uttar Pradesh,248971,Doghat,Town Panchayat,250622
6417,9,Uttar Pradesh,249483,Dohrighat,Town Panchayat,275303
6418,9,Uttar Pradesh,248145,Domariyaganj,Town Panchayat,272189
6419,9,Uttar Pradesh,249406,Dostpur,Town Panchayat,228131
6420,9,Uttar Pradesh,297078,Duddhi,Town Panchayat,231208
6421,9,Uttar Pradesh,249551,Dudhi,Town Panchayat,231208
6422,9,Uttar Pradesh,277188,Eka,Town Panchayat,283152
6423,9,Uttar Pradesh,249263,Ekdil,Town Panchayat,206126
6424,9,Uttar Pradesh,249304,Erich,Town Panchayat,284302
6425,9,Uttar Pradesh,249098,Etah,Municipality,207001
6426,9,Uttar Pradesh,249262,Etawah,Municipality,206001
6427,9,Uttar Pradesh,249059,Etmadpur,Municipality,283202
6428,9,Uttar Pradesh,249116,Faizganj,Town Panchayat,243632
6429,9,Uttar Pradesh,249058,Farah,Town Panchayat,281122
6430,9,Uttar Pradesh,248982,Faridnagar,Town Panchayat,201004
6431,9,Uttar Pradesh,248982,Faridnagar,Town Panchayat,245304
6432,9,Uttar Pradesh,249156,Faridpur,Municipality,243503
6433,9,Uttar Pradesh,249136,Faridpur(Bareilly),Town Panchayat,243503
6434,9,Uttar Pradesh,249080,Fariha,Town Panchayat,283207
6435,9,Uttar Pradesh,249250,Farrukhabad,Municipality,209625
6436,9,Uttar Pradesh,249072,Fatehabad,Town Panchayat,283111
6437,9,Uttar Pradesh,249142,Fatehganj Pashchimi,Town Panchayat,243501
6438,9,Uttar Pradesh,249155,Fatehganj Purvi,Town Panchayat,243506
6439,9,Uttar Pradesh,249376,Fatehpur(Barabanki),Town Panchayat,225305
6440,9,Uttar Pradesh,249213,Fatehpur Chaurasi,Town Panchayat,209871
6441,9,Uttar Pradesh,249347,Fatehpur(Fatehpur),Municipality,212601
6442,9,Uttar Pradesh,249068,Fatehpur Sikri,Municipality,283110
6443,9,Uttar Pradesh,297065,Fazilnagar,Town Panchayat,274601
6444,9,Uttar Pradesh,249079,Firozabad,Municipal Corporation,283203
6445,9,Uttar Pradesh,297066,Gaayghat,Town Panchayat,272301
6446,9,Uttar Pradesh,298115,Gabhana,Town Panchayat,202136
6447,9,Uttar Pradesh,300512,Gaisari,Town Panchayat,271210
6448,9,Uttar Pradesh,297027,Gajralua,Municipality,244235
6449,9,Uttar Pradesh,297031,Ganeshpur,Town Panchayat,272002
6450,9,Uttar Pradesh,297022,Gangaghat,Municipality,209861
6451,9,Uttar Pradesh,249524,Gangapur,Town Panchayat,221302
6452,9,Uttar Pradesh,248878,Gangoh,Municipality,247341
6453,9,Uttar Pradesh,248878,Gangoh,Municipality,247001
6454,9,Uttar Pradesh,249090,Ganj Dundwara,Municipality,207242
6455,9,Uttar Pradesh,249211,Ganj Muradabad,Town Panchayat,209869
6456,9,Uttar Pradesh,249306,Garautha,Town Panchayat,284203
6457,9,Uttar Pradesh,248890,Garhi Pukhta,Town Panchayat,247776
6458,9,Uttar Pradesh,248993,Garhmukteshwar,Municipality,245208
6459,9,Uttar Pradesh,300693,Garwara,Town Panchayat,230502
6460,9,Uttar Pradesh,297034,Gaurabadshahpur,Town Panchayat,222133
6461,9,Uttar Pradesh,249462,Gaura Barhaj,Municipality,274601
6462,9,Uttar Pradesh,249458,Gauri Bazar,Town Panchayat,274601
6463,9,Uttar Pradesh,276425,Gauriganj,Municipality,227409
6464,9,Uttar Pradesh,249112,Gawan,Town Panchayat,243727
6465,9,Uttar Pradesh,300750,Ghaghsarabazar,Town Panchayat,273209
6466,9,Uttar Pradesh,249290,Ghatampur,Municipality,209206
6467,9,Uttar Pradesh,248988,Ghaziabad,Municipal Corporation,201001
6468,9,Uttar Pradesh,249512,Ghazipur,Municipality,233001
6469,9,Uttar Pradesh,249105,Ghiraur,Town Panchayat,205121
6470,9,Uttar Pradesh,249546,Ghorawal,Town Panchayat,231210
6471,9,Uttar Pradesh,249485,Ghosi,Town Panchayat,275304
6472,9,Uttar Pradesh,249539,Ghosia Bazar,Town Panchayat,221301
6473,9,Uttar Pradesh,249440,Ghughuli,Town Panchayat,273151
6474,9,Uttar Pradesh,274823,Gnida,Notified Area Council,201301
6475,9,Uttar Pradesh,249325,Gohand,Town Panchayat,210430
6476,9,Uttar Pradesh,249055,Gokul,Town Panchayat,281303
6477,9,Uttar Pradesh,249449,Gola Bazar,Town Panchayat,273408
6478,9,Uttar Pradesh,249179,Gola Gokarannath,Municipality,262802
6479,9,Uttar Pradesh,249419,Gonda,Municipality,271001
6480,9,Uttar Pradesh,249200,Gopamau,Town Panchayat,241404
6481,9,Uttar Pradesh,249537,Gopi Ganj,Municipality,221303
6482,9,Uttar Pradesh,249444,Gorakhpur,Municipal Corporation,273001
6483,9,Uttar Pradesh,249235,Gosainganj (Ayodhya),Town Panchayat,224141
6484,9,Uttar Pradesh,249392,Gosainganj (Lucknow),Town Panchayat,226501
6485,9,Uttar Pradesh,249050,Govardhan,Town Panchayat,281502
6486,9,Uttar Pradesh,301249,Grasim Industries Ltd,Notified Area Council,301249
6487,9,Uttar Pradesh,249006,Gulaothi,Municipality,203408
6488,9,Uttar Pradesh,249157,Gularia Bhindara,Town Panchayat,262305
6489,9,Uttar Pradesh,249128,Gulariya,Town Panchayat,243601
6490,9,Uttar Pradesh,249114,Gunnaur,Town Panchayat,243722
6491,9,Uttar Pradesh,249254,Gursahaiganj,Municipality,209722
6492,9,Uttar Pradesh,249305,Gursarai,Municipality,284202
6493,9,Uttar Pradesh,249536,Gyanpur,Town Panchayat,221304
6494,9,Uttar Pradesh,249387,Haidergarh,Town Panchayat,225124
6495,9,Uttar Pradesh,300532,Hainsar Bazar Dhanghata,Town Panchayat,272175
6496,9,Uttar Pradesh,248914,Haldaur,Municipality,246726
6497,9,Uttar Pradesh,249322,Hamirpur,Municipality,210301
6498,9,Uttar Pradesh,249372,Handia,Town Panchayat,221503
6499,9,Uttar Pradesh,248991,Hapur,Municipality,245101
6500,9,Uttar Pradesh,249201,Hardoi,Municipality,241001
6501,9,Uttar Pradesh,249024,Harduaganj,Town Panchayat,202125
6502,9,Uttar Pradesh,249190,Hargaon,Town Panchayat,261121
6503,9,Uttar Pradesh,249435,Hariharpur,Town Panchayat,272164
6504,9,Uttar Pradesh,301364,Harra,Town Panchayat,301364
6505,9,Uttar Pradesh,249429,Harraiya,Town Panchayat,272155
6506,9,Uttar Pradesh,248952,Hasanpur,Municipality,244241
6507,9,Uttar Pradesh,249035,Hasayan,Town Panchayat,204212
6508,9,Uttar Pradesh,248960,Hastinapur,Town Panchayat,250404
6509,9,Uttar Pradesh,297020,Hata,Municipality,274203
6510,9,Uttar Pradesh,253113,Hathgam,Town Panchayat,212652
6511,9,Uttar Pradesh,249037,Hathras,Municipality,204101
6512,9,Uttar Pradesh,300707,Heeraganj Bazaar,Town Panchayat,230204
6513,9,Uttar Pradesh,300779,Hetimpur,Town Panchayat,274206
6514,9,Uttar Pradesh,301244,Hindalco Industries Ltd. Renukoot,Notified Area Council,231001
6515,9,Uttar Pradesh,301244,Hindalco Industries Ltd. Renukoot,Notified Area Council,301244
6516,9,Uttar Pradesh,249218,Hyderabad,Town Panchayat,209870
6517,9,Uttar Pradesh,249030,Iglas,Town Panchayat,202124
6518,9,Uttar Pradesh,249413,Ikauna,Town Panchayat,271845
6519,9,Uttar Pradesh,249394,Iltifatganj Bazar,Town Panchayat,224145
6520,9,Uttar Pradesh,249115,Islamnagar,Town Panchayat,243723
6521,9,Uttar Pradesh,249232,Itaunja,Town Panchayat,226203
6522,9,Uttar Pradesh,297067,Itwa,Town Panchayat,272192
6523,9,Uttar Pradesh,249069,Jagner,Town Panchayat,283115
6524,9,Uttar Pradesh,298935,Jahagirganj,Town Panchayat,224147
6525,9,Uttar Pradesh,249159,Jahanabad,Town Panchayat,262001
6526,9,Uttar Pradesh,301253,Jahanaganj,Town Panchayat,209739
6527,9,Uttar Pradesh,249012,Jahangirabad,Municipality,203394
6528,9,Uttar Pradesh,249001,Jahangirpur,Town Panchayat,203141
6529,9,Uttar Pradesh,249240,Jais,Municipality,229305
6530,9,Uttar Pradesh,249096,Jaithara,Town Panchayat,207249
6531,9,Uttar Pradesh,249174,Jalalabad,Municipality,209733
6532,9,Uttar Pradesh,249174,Jalalabad,Municipality,242221
6533,9,Uttar Pradesh,248892,Jalalabad(Bijnor),Town Panchayat,246763
6534,9,Uttar Pradesh,248907,Jalalabad(Shamli),Town Panchayat,247772
6535,9,Uttar Pradesh,249026,Jalali,Town Panchayat,202128
6536,9,Uttar Pradesh,249399,Jalalpur,Municipality,224149
6537,9,Uttar Pradesh,249294,Jalaun,Municipality,285123
6538,9,Uttar Pradesh,249101,Jalesar,Municipality,207302
6539,9,Uttar Pradesh,249511,Jangipur,Town Panchayat,233305
6540,9,Uttar Pradesh,248901,Jansath,Town Panchayat,251314
6541,9,Uttar Pradesh,249411,Jarwal,Town Panchayat,271904
6542,9,Uttar Pradesh,249081,Jasrana,Town Panchayat,283136
6543,9,Uttar Pradesh,249261,Jaswantnagar,Municipality,206245
6544,9,Uttar Pradesh,249019,Jatari,Town Panchayat,202137
6545,9,Uttar Pradesh,249505,Jaunpur,Municipality,222001
6546,9,Uttar Pradesh,299023,Jawan Sikandpur,Town Panchayat,202122
6547,9,Uttar Pradesh,249002,Jewar,Town Panchayat,203135
6548,9,Uttar Pradesh,248913,Jhalu,Town Panchayat,246728
6549,9,Uttar Pradesh,249314,Jhansi,Municipal Corporation,284001
6550,9,Uttar Pradesh,301241,Jhansi Railway Settlement,Notified Area Council,284003
6551,9,Uttar Pradesh,263354,Jhinjhak,Municipality,209302
6552,9,Uttar Pradesh,248884,Jhinjhana,Town Panchayat,247773
6553,9,Uttar Pradesh,249471,Jiyanpur,Town Panchayat,276140
6554,9,Uttar Pradesh,248951,Joya,Town Panchayat,244222
6555,9,Uttar Pradesh,249104,Jyoti Khuria,Town Panchayat,205263
6556,9,Uttar Pradesh,249086,Kaasganj,Municipality,207123
6557,9,Uttar Pradesh,249332,Kabrai,Town Panchayat,210424
6558,9,Uttar Pradesh,297068,Kachgaon,Town Panchayat,222138
6559,9,Uttar Pradesh,249207,Kachhauna Patseni,Town Panchayat,241126
6560,9,Uttar Pradesh,249124,Kachhla,Town Panchayat,243636
6561,9,Uttar Pradesh,249542,Kachhwa,Town Panchayat,231501
6562,9,Uttar Pradesh,249296,Kadaura,Town Panchayat,285203
6563,9,Uttar Pradesh,249407,Kadipur,Town Panchayat,228145
6564,9,Uttar Pradesh,249248,Kaimganj,Municipality,209502
6565,9,Uttar Pradesh,248885,Kairana,Municipality,247774
6566,9,Uttar Pradesh,299017,Kaisharganj,Town Panchayat,271903
6567,9,Uttar Pradesh,248999,Kakod,Town Panchayat,203203
6568,9,Uttar Pradesh,249233,Kakori,Town Panchayat,226101
6569,9,Uttar Pradesh,249130,Kakrala,Municipality,243637
6570,9,Uttar Pradesh,297807,Kalan,Town Panchayat,242127
6571,9,Uttar Pradesh,249164,Kalinagar,Town Panchayat,262124
6572,9,Uttar Pradesh,249295,Kalpi,Municipality,285204
6573,9,Uttar Pradesh,249252,Kamalganj,Town Panchayat,209724
6574,9,Uttar Pradesh,249247,Kampil,Town Panchayat,209505
6575,9,Uttar Pradesh,297864,Kanchausi,Town Panchayat,206246
6576,9,Uttar Pradesh,248886,Kandhla,Municipality,247775
6577,9,Uttar Pradesh,249259,Kannauj,Municipality,209725
6578,9,Uttar Pradesh,249286,Kanpur,Municipal Corporation,208001
6579,9,Uttar Pradesh,248926,Kanth(Moradabad),Town Panchayat,244501
6580,9,Uttar Pradesh,249173,Kanth(Shahjhanpur),Town Panchayat,242223
6581,9,Uttar Pradesh,297051,Kapilavastu,Town Panchayat,272202
6582,9,Uttar Pradesh,249454,Kaptanganj,Town Panchayat,274601
6583,9,Uttar Pradesh,298096,Kaptanganj Basti,Town Panchayat,272131
6584,9,Uttar Pradesh,249360,Karari,Town Panchayat,212206
6585,9,Uttar Pradesh,249107,Karhal,Town Panchayat,205264
6586,9,Uttar Pradesh,300833,Karikan Dhata,Town Panchayat,212641
6587,9,Uttar Pradesh,248954,Karnawal,Town Panchayat,250344
6588,9,Uttar Pradesh,297495,Kasba Sangrampur Urf Unwal,Town Panchayat,273406
6589,9,Uttar Pradesh,249481,Katghar Lalganj,Town Panchayat,276202
6590,9,Uttar Pradesh,249310,Kathera,Town Panchayat,284205
6591,9,Uttar Pradesh,249169,Katra,Town Panchayat,230132
6592,9,Uttar Pradesh,249420,Katra Bazar,Town Panchayat,242301
6593,9,Uttar Pradesh,300776,Katra Gulab Singh,Town Panchayat,230402
6594,9,Uttar Pradesh,249355,Katra Medniganj,Town Panchayat,230131
6595,9,Uttar Pradesh,249027,Kauriaganj,Town Panchayat,202129
6596,9,Uttar Pradesh,248942,Kemri,Town Panchayat,244928
6597,9,Uttar Pradesh,249508,Kerakat,Town Panchayat,222142
6598,9,Uttar Pradesh,249451,Khadda,Town Panchayat,274802
6599,9,Uttar Pradesh,249348,Khaga,Town Panchayat,212655
6600,9,Uttar Pradesh,249020,Khair,Municipality,202138
6601,9,Uttar Pradesh,249188,Khairabad,Municipality,261131
6602,9,Uttar Pradesh,249070,Khairragarh,Town Panchayat,283121
6603,9,Uttar Pradesh,300839,Khakhareru,Town Panchayat,212656
6604,9,Uttar Pradesh,249433,Khalilabad,Municipality,272175
6605,9,Uttar Pradesh,249538,Khamaria,Town Panchayat,221306
6606,9,Uttar Pradesh,249010,Khanpur,Town Panchayat,203405
6607,9,Uttar Pradesh,249329,Kharela,Town Panchayat,210425
6608,9,Uttar Pradesh,249418,Khargupur,Town Panchayat,271204
6609,9,Uttar Pradesh,248968,Kharkhoda,Town Panchayat,245206
6610,9,Uttar Pradesh,248899,Khatauli,Municipality,251201
6611,9,Uttar Pradesh,297023,Khekada,Municipality,250101
6612,9,Uttar Pradesh,249183,Kheri,Town Panchayat,262702
6613,9,Uttar Pradesh,249502,Kheta Sarai,Town Panchayat,222139
6614,9,Uttar Pradesh,300652,Khimsepur,Town Panchayat,209502
6615,9,Uttar Pradesh,297756,Khirauni(Suchittaganj),Town Panchayat,224188
6616,9,Uttar Pradesh,297079,Khiwai,Town Panchayat,250344
6617,9,Uttar Pradesh,274820,Khoda Makanpur,Municipality,201014
6618,9,Uttar Pradesh,249168,Khudaganj,Town Panchayat,242305
6619,9,Uttar Pradesh,249168,Khudaganj,Town Panchayat,209724
6620,9,Uttar Pradesh,249018,Khurja,Municipality,203131
6621,9,Uttar Pradesh,249166,Khutar,Town Panchayat,242405
6622,9,Uttar Pradesh,249067,Kiraoli,Town Panchayat,283122
6623,9,Uttar Pradesh,248908,Kiratpur,Municipality,246731
6624,9,Uttar Pradesh,249111,Kishni,Town Panchayat,205303
6625,9,Uttar Pradesh,249349,Kishunpur,Town Panchayat,212658
6626,9,Uttar Pradesh,248963,Kithaur,Town Panchayat,250104
6627,9,Uttar Pradesh,249405,Koeripur,Town Panchayat,222301
6628,9,Uttar Pradesh,297042,Kohdaur,Town Panchayat,230401
6629,9,Uttar Pradesh,249299,Konch,Municipality,285205
6630,9,Uttar Pradesh,249486,Kopaganj,Town Panchayat,275305
6631,9,Uttar Pradesh,249344,Kora Jahanabad,Town Panchayat,212659
6632,9,Uttar Pradesh,249375,Koraon,Town Panchayat,212306
6633,9,Uttar Pradesh,249041,Kosi Kalan,Municipality,281403
6634,9,Uttar Pradesh,249298,Kotra,Town Panchayat,285223
6635,9,Uttar Pradesh,249328,Kulpahar,Town Panchayat,210426
6636,9,Uttar Pradesh,297758,Kumarganj,Town Panchayat,224229
6637,9,Uttar Pradesh,249351,Kunda,Town Panchayat,230204
6638,9,Uttar Pradesh,248930,Kundarki,Town Panchayat,244413
6639,9,Uttar Pradesh,249127,Kunwargaon,Town Panchayat,243601
6640,9,Uttar Pradesh,249103,Kuraoli,Town Panchayat,205265
6641,9,Uttar Pradesh,249321,Kurara,Town Panchayat,210505
6642,9,Uttar Pradesh,249216,Kursath (Hardoi),Town Panchayat,241126
6643,9,Uttar Pradesh,249206,Kursath (Unnao),Town Panchayat,209801
6644,9,Uttar Pradesh,299071,Kurthijafarpur,Town Panchayat,275305
6645,9,Uttar Pradesh,297024,Kushinagar,Municipality,274403
6646,9,Uttar Pradesh,297024,Kushinagar,Municipality,274301
6647,9,Uttar Pradesh,249110,Kusmara,Town Panchayat,205304
6648,9,Uttar Pradesh,277531,Laalganj,Town Panchayat,230132
6649,9,Uttar Pradesh,277531,Laalganj,Town Panchayat,231312
6650,9,Uttar Pradesh,249191,Laharpur,Municipality,261135
6651,9,Uttar Pradesh,249182,Lakhimpur,Municipality,262701
6652,9,Uttar Pradesh,249266,Lakhna,Town Panchayat,206127
6653,9,Uttar Pradesh,249242,Lalganj,Town Panchayat,231211
6654,9,Uttar Pradesh,249242,Lalganj,Town Panchayat,276202
6655,9,Uttar Pradesh,249242,Lalganj,Town Panchayat,272171
6656,9,Uttar Pradesh,249242,Lalganj,Town Panchayat,229206
6657,9,Uttar Pradesh,249365,Lal Gopal Ganj,Town Panchayat,229413
6658,9,Uttar Pradesh,249318,Lalitpur,Municipality,284403
6659,9,Uttar Pradesh,297038,Lambhua,Town Panchayat,222302
6660,9,Uttar Pradesh,249466,Lar,Town Panchayat,274601
6661,9,Uttar Pradesh,248957,Lawar,Town Panchayat,250222
6662,9,Uttar Pradesh,248985,Loni,Municipality,201102
6663,9,Uttar Pradesh,249234,Lucknow,Municipal Corporation,226005
6664,9,Uttar Pradesh,249234,Lucknow,Municipal Corporation,226001
6665,9,Uttar Pradesh,249234,Lucknow,Municipal Corporation,226012
6666,9,Uttar Pradesh,249234,Lucknow,Municipal Corporation,226014
6667,9,Uttar Pradesh,249234,Lucknow,Municipal Corporation,226023
6668,9,Uttar Pradesh,249234,Lucknow,Municipal Corporation,226025
6669,9,Uttar Pradesh,300865,Maa Kamakhya,Town Panchayat,224118
6670,9,Uttar Pradesh,249504,Machhlishahr,Town Panchayat,222143
6671,9,Uttar Pradesh,300789,Madanpur,Town Panchayat,274205
6672,9,Uttar Pradesh,249204,Madhoganj,Town Panchayat,241302
6673,9,Uttar Pradesh,249204,Madhoganj,Town Panchayat,230403
6674,9,Uttar Pradesh,249293,Madhogarh,Town Panchayat,285126
6675,9,Uttar Pradesh,301254,Madhuban,Town Panchayat,221603
6676,9,Uttar Pradesh,297033,Madrak,Town Panchayat,202150
6677,9,Uttar Pradesh,249434,Maghar,Town Panchayat,272173
6678,9,Uttar Pradesh,249056,Mahaban,Town Panchayat,281305
6679,9,Uttar Pradesh,249441,Maharajganj,Municipality,273303
6680,9,Uttar Pradesh,249239,Maharajganj(Azamgarh),Town Panchayat,276137
6681,9,Uttar Pradesh,249469,Maharajganj(Raibareilly),Town Panchayat,229306
6682,9,Uttar Pradesh,299027,Mahmoodpur Mafi,Town Panchayat,244411
6683,9,Uttar Pradesh,249194,Mahmudabad,Municipality,261203
6684,9,Uttar Pradesh,249331,Mahoba,Municipality,210427
6685,9,Uttar Pradesh,249186,Maholi,Town Panchayat,261141
6686,9,Uttar Pradesh,249231,Mahona,Town Panchayat,226203
6687,9,Uttar Pradesh,249320,Mahroni,Town Panchayat,284405
6688,9,Uttar Pradesh,263356,Mahul,Town Panchayat,223225
6689,9,Uttar Pradesh,249178,Mailani,Town Panchayat,262803
6690,9,Uttar Pradesh,249106,Mainpuri,Municipality,205001
6691,9,Uttar Pradesh,249464,Majhauliraj,Town Panchayat,274601
6692,9,Uttar Pradesh,297081,Makkhanpur,Town Panchayat,283145
6693,9,Uttar Pradesh,249230,Malihabad,Town Panchayat,226102
6694,9,Uttar Pradesh,249205,Mallawan,Municipality,241303
6695,9,Uttar Pradesh,248909,Mandawar,Town Panchayat,246721
6696,9,Uttar Pradesh,300774,Mandhata(Pratapgarh),Town Panchayat,230402
6697,9,Uttar Pradesh,249350,Manikpur(Pratapgarh),Town Panchayat,230202
6698,9,Uttar Pradesh,249341,Manikpur Sarhat (Chitrakoot),Town Panchayat,210208
6699,9,Uttar Pradesh,249494,Maniyar,Town Panchayat,277207
6700,9,Uttar Pradesh,249359,Manjhanpur,Municipality,212207
6701,9,Uttar Pradesh,249423,Mankapur,Town Panchayat,271302
6702,9,Uttar Pradesh,249099,Marehra,Municipality,207401
6703,9,Uttar Pradesh,249507,Mariahu,Town Panchayat,222161
6704,9,Uttar Pradesh,300510,Martinganj,Town Panchayat,223224
6705,9,Uttar Pradesh,248938,Maswasi,Town Panchayat,244924
6706,9,Uttar Pradesh,249333,Mataundh,Town Panchayat,210001
6707,9,Uttar Pradesh,300705,Mathauli,Town Panchayat,274303
6708,9,Uttar Pradesh,249052,Mathura-Vrindavan,Municipal Corporation,281001
6709,9,Uttar Pradesh,249364,Mau Aima,Town Panchayat,212507
6710,9,Uttar Pradesh,249327,Maudaha,Municipality,210507
6711,9,Uttar Pradesh,299010,Mau Mustkil,Town Panchayat,210209
6712,9,Uttar Pradesh,249488,Maunath Bhanjan,Municipality,275101
6713,9,Uttar Pradesh,249308,Mauranipur,Municipality,284204
6714,9,Uttar Pradesh,249227,Maurawan,Town Panchayat,209821
6715,9,Uttar Pradesh,248961,Mawana,Municipality,250401
6716,9,Uttar Pradesh,248903,Meerapur,Town Panchayat,251315
6717,9,Uttar Pradesh,248964,Meerut,Municipal Corporation,250002
6718,9,Uttar Pradesh,249431,Mehdawal,Town Panchayat,272271
6719,9,Uttar Pradesh,249482,Mehnagar,Town Panchayat,276204
6720,9,Uttar Pradesh,249036,Mendu,Town Panchayat,204217
6721,9,Uttar Pradesh,300930,Mihinpurwa,Town Panchayat,271855
6722,9,Uttar Pradesh,248945,Milak,Municipality,244701
6723,9,Uttar Pradesh,249141,Mirganj,Town Panchayat,243504
6724,9,Uttar Pradesh,300713,Mirhachi,Town Panchayat,207125
6725,9,Uttar Pradesh,249540,Mirzapur-Cum-Vindhyachal,Municipality,231001
6726,9,Uttar Pradesh,249187,Misrikh Cum Neemsar,Municipality,261401
6727,9,Uttar Pradesh,248981,Modinagar,Municipality,201204
6728,9,Uttar Pradesh,249490,Mohammadabad (Farrukhabad),Town Panchayat,209651
6729,9,Uttar Pradesh,249514,Mohammadabad(Gazipur),Municipality,233227
6730,9,Uttar Pradesh,249251,Mohammadabad Gohna,Town Panchayat,276403
6731,9,Uttar Pradesh,249180,Mohammadi,Municipality,262804
6732,9,Uttar Pradesh,249220,Mohan,Town Panchayat,209881
6733,9,Uttar Pradesh,297039,Mohanlalganj,Town Panchayat,226301
6734,9,Uttar Pradesh,249089,Mohanpur,Town Panchayat,207242
6735,9,Uttar Pradesh,248929,Moradabad,Municipal Corporation,244001
6736,9,Uttar Pradesh,249302,Moth,Town Panchayat,284303
6737,9,Uttar Pradesh,249474,Mubarakpur,Municipality,276404
6738,9,Uttar Pradesh,249447,Mundera Bazar,Town Panchayat,273201
6739,9,Uttar Pradesh,298093,Munderwa,Town Panchayat,272178
6740,9,Uttar Pradesh,249117,Mundia,Town Panchayat,243720
6741,9,Uttar Pradesh,249503,Mungra Badshahpur,Municipality,222202
6742,9,Uttar Pradesh,248983,Muradnagar,Municipality,201206
6743,9,Uttar Pradesh,249038,Mursan,Town Panchayat,204213
6744,9,Uttar Pradesh,249401,Musafirkhana,Town Panchayat,227813
6745,9,Uttar Pradesh,297651,Musanagar,Town Panchayat,209208
6746,9,Uttar Pradesh,248895,Muzaffarnagar,Municipality,251001
6747,9,Uttar Pradesh,249300,Nadigaon,Town Panchayat,285206
6748,9,Uttar Pradesh,298095,Nagar Bazar,Town Panchayat,272302
6749,9,Uttar Pradesh,248915,Nagina,Municipality,246762
6750,9,Uttar Pradesh,297083,Nagra,Town Panchayat,221711
6751,9,Uttar Pradesh,249237,Nagram,Town Panchayat,226303
6752,9,Uttar Pradesh,249534,Nai Bazar,Town Panchayat,221409
6753,9,Uttar Pradesh,248905,Najibabad,Municipality,246763
6754,9,Uttar Pradesh,248876,Nakur,Municipality,247001
6755,9,Uttar Pradesh,248876,Nakur,Municipality,247342
6756,9,Uttar Pradesh,248880,Nanauta,Town Panchayat,247452
6757,9,Uttar Pradesh,249042,Nandgaon,Town Panchayat,281403
6758,9,Uttar Pradesh,249408,Nanpara,Municipality,271865
6759,9,Uttar Pradesh,249340,Naraini,Town Panchayat,210129
6760,9,Uttar Pradesh,248936,Narauli,Town Panchayat,244414
6761,9,Uttar Pradesh,249014,Naraura,Town Panchayat,203389
6762,9,Uttar Pradesh,297047,Narpat Nagar Doondawala,Town Panchayat,244924
6763,9,Uttar Pradesh,297084,Nasirabad,Town Panchayat,229307
6764,9,Uttar Pradesh,248949,Naugawan Sadat,Town Panchayat,244251
6765,9,Uttar Pradesh,249436,Nautanwa,Municipality,273164
6766,9,Uttar Pradesh,297735,Nawabganj,Town Panchayat,262406
6767,9,Uttar Pradesh,301389,Nawabganj (Bara Banki),Municipality,225001
6768,9,Uttar Pradesh,249154,Nawabganj(Bareilly),Municipality,262406
6769,9,Uttar Pradesh,249422,Nawabganj(Gonda),Municipality,271303
6770,9,Uttar Pradesh,249222,Nawabganj (Unnao),Town Panchayat,209859
6771,9,Uttar Pradesh,248920,Nehtaur,Municipality,246733
6772,9,Uttar Pradesh,249437,Nichlaul,Town Panchayat,273304
6773,9,Uttar Pradesh,249100,Nidhauli Kalan,Town Panchayat,207122
6774,9,Uttar Pradesh,297085,Nighasan,Town Panchayat,262903
6775,9,Uttar Pradesh,297049,Nigohi,Town Panchayat,242407
6776,9,Uttar Pradesh,248978,Niwari,Town Panchayat,201204
6777,9,Uttar Pradesh,249478,Nizamabad,Town Panchayat,276206
6778,9,Uttar Pradesh,248923,Noorpur,Municipality,246734
6779,9,Uttar Pradesh,249158,Nyoria Husainpur,Town Panchayat,262305
6780,9,Uttar Pradesh,249221,Nyotini,Town Panchayat,209841
6781,9,Uttar Pradesh,249550,Obra,Town Panchayat,231219
6782,9,Uttar Pradesh,249184,Oel Dhakwa,Town Panchayat,262725
6783,9,Uttar Pradesh,249297,Orai,Municipality,285001
6784,9,Uttar Pradesh,249337,Oran,Town Panchayat,210122
6785,9,Uttar Pradesh,249416,Pachperwa,Town Panchayat,271206
6786,9,Uttar Pradesh,249452,Padrauna,Municipality,274301
6787,9,Uttar Pradesh,249016,Pahasu,Town Panchayat,203396
6788,9,Uttar Pradesh,249195,Paintepur,Town Panchayat,261203
6789,9,Uttar Pradesh,297046,Pakadia Naugawa,Town Panchayat,262001
6790,9,Uttar Pradesh,290250,Pakbara,Town Panchayat,244102
6791,9,Uttar Pradesh,249176,Palia Kalan,Municipality,262902
6792,9,Uttar Pradesh,249199,Pali (Hardoi),Town Panchayat,241123
6793,9,Uttar Pradesh,249319,Pali (Lalitpur),Town Panchayat,284403
6794,9,Uttar Pradesh,297041,Paniyara,Town Panchayat,285205
6795,9,Uttar Pradesh,248962,Parikshitgarh,Town Panchayat,250406
6796,9,Uttar Pradesh,249245,Parsadepur,Town Panchayat,229129
6797,9,Uttar Pradesh,297040,Partawal,Town Panchayat,273301
6798,9,Uttar Pradesh,300782,Pathardewa,Town Panchayat,274404
6799,9,Uttar Pradesh,249091,Patiyali,Town Panchayat,207243
6800,9,Uttar Pradesh,248977,Patla,Town Panchayat,201204
6801,9,Uttar Pradesh,249356,Patti,Town Panchayat,230135
6802,9,Uttar Pradesh,297070,Payagpur,Town Panchayat,271871
6803,9,Uttar Pradesh,248958,Phalauda,Town Panchayat,250401
6804,9,Uttar Pradesh,249271,Phaphund,Town Panchayat,206247
6805,9,Uttar Pradesh,249480,Phoolpur,Town Panchayat,212402
6806,9,Uttar Pradesh,249368,Phulpur,Town Panchayat,276304
6807,9,Uttar Pradesh,249198,Pihani,Municipality,241406
6808,9,Uttar Pradesh,249160,Pilibhit,Municipality,262001
6809,9,Uttar Pradesh,249028,Pilkhana,Town Panchayat,202121
6810,9,Uttar Pradesh,248990,Pilkhuwa,Municipality,245304
6811,9,Uttar Pradesh,249073,Pinahat,Town Panchayat,283123
6812,9,Uttar Pradesh,249442,Pipiganj,Town Panchayat,273165
6813,9,Uttar Pradesh,249446,Pipraich,Town Panchayat,273152
6814,9,Uttar Pradesh,249553,Pipri,Town Panchayat,231221
6815,9,Uttar Pradesh,297045,Pisawa,Town Panchayat,202155
6816,9,Uttar Pradesh,297045,Pisawa,Town Panchayat,261151
6817,9,Uttar Pradesh,297086,Poorav Pashchim Shareera,Town Panchayat,212214
6818,9,Uttar Pradesh,249167,Powayan,Municipality,242401
6819,9,Uttar Pradesh,249354,Pratapgarh City,Town Panchayat,230002
6820,9,Uttar Pradesh,249369,Prayagraj,Municipal Corporation,211001
6821,9,Uttar Pradesh,249369,Prayagraj,Municipal Corporation,212212
6822,9,Uttar Pradesh,249369,Prayagraj,Municipal Corporation,212208
6823,9,Uttar Pradesh,249369,Prayagraj,Municipal Corporation,211017
6824,9,Uttar Pradesh,249369,Prayagraj,Municipal Corporation,211016
6825,9,Uttar Pradesh,249369,Prayagraj,Municipal Corporation,211015
6826,9,Uttar Pradesh,249369,Prayagraj,Municipal Corporation,211011
6827,9,Uttar Pradesh,249369,Prayagraj,Municipal Corporation,211004
6828,9,Uttar Pradesh,249369,Prayagraj,Municipal Corporation,211003
6829,9,Uttar Pradesh,249369,Prayagraj,Municipal Corporation,211002
6830,9,Uttar Pradesh,297087,Prithviganj,Town Panchayat,230133
6831,9,Uttar Pradesh,249518,Pt Deen Dayal Nagar(Mughalsarai),Municipality,232101
6832,9,Uttar Pradesh,301243,Pt. Deen Dayal Upadhyaya Nagar,Notified Area Council,232101
6833,9,Uttar Pradesh,249279,Pukhrayan,Municipality,209111
6834,9,Uttar Pradesh,249165,Puranpur,Municipality,262122
6835,9,Uttar Pradesh,249034,Purdilnagar,Town Panchayat,204214
6836,9,Uttar Pradesh,248893,Purquazi,Town Panchayat,251327
6837,9,Uttar Pradesh,249226,Purwa,Town Panchayat,209825
6838,9,Uttar Pradesh,249000,Rabupura,Town Panchayat,203209
6839,9,Uttar Pradesh,249049,Radhakund,Town Panchayat,281504
6840,9,Uttar Pradesh,249241,Rae Bareli,Municipality,229001
6841,9,Uttar Pradesh,249094,Raja Ka Rampur,Town Panchayat,207244
6842,9,Uttar Pradesh,249343,Rajapur,Town Panchayat,210207
6843,9,Uttar Pradesh,300509,Rajesultanpur,Town Panchayat,224176
6844,9,Uttar Pradesh,297037,Rajpur,Town Panchayat,209115
6845,9,Uttar Pradesh,299012,Ramganj (Pratapgarh),Town Panchayat,230135
6846,9,Uttar Pradesh,249453,Ramkola,Town Panchayat,274601
6847,9,Uttar Pradesh,249377,Ramnagar,Town Panchayat,225205
6848,9,Uttar Pradesh,248943,Rampur,Municipality,244901
6849,9,Uttar Pradesh,249291,Rampura,Town Panchayat,285127
6850,9,Uttar Pradesh,297088,Rampur (Jaunpur),Town Panchayat,222203
6851,9,Uttar Pradesh,249459,Rampur Karkhana,Town Panchayat,274601
6852,9,Uttar Pradesh,248881,Rampur Maniharan,Town Panchayat,247451
6853,9,Uttar Pradesh,299081,Ram Sanehi Ghat,Town Panchayat,225409
6854,9,Uttar Pradesh,277192,Raniganj,Town Panchayat,230304
6855,9,Uttar Pradesh,249309,Ranipur,Town Panchayat,284205
6856,9,Uttar Pradesh,297089,Raniya,Town Panchayat,209101
6857,9,Uttar Pradesh,249495,Rasra,Municipality,221712
6858,9,Uttar Pradesh,263352,Rasulabaad(Kanpur Dehat),Town Panchayat,209306
6859,9,Uttar Pradesh,249219,Rasulabaad(Unnao),Town Panchayat,209870
6860,9,Uttar Pradesh,297820,Rataul,Town Panchayat,250101
6861,9,Uttar Pradesh,249326,Rath,Municipality,210431
6862,9,Uttar Pradesh,297861,Ratsar Kala,Town Panchayat,277123
6863,9,Uttar Pradesh,249047,Raya,Town Panchayat,281204
6864,9,Uttar Pradesh,249552,Renukoot,Town Panchayat,231217
6865,9,Uttar Pradesh,249500,Reoti,Town Panchayat,277209
6866,9,Uttar Pradesh,249137,Richha,Town Panchayat,243203
6867,9,Uttar Pradesh,249409,Risia Bazar,Town Panchayat,271875
6868,9,Uttar Pradesh,249152,Rithora,Town Panchayat,262406
6869,9,Uttar Pradesh,249547,Robertsganj,Municipality,231216
6870,9,Uttar Pradesh,249388,Rudauli,Municipality,224120
6871,9,Uttar Pradesh,249121,Rudayan,Town Panchayat,243724
6872,9,Uttar Pradesh,263359,Rudhauli Bazar,Town Panchayat,272151
6873,9,Uttar Pradesh,249461,Rudrapur,Town Panchayat,274601
6874,9,Uttar Pradesh,300511,Rupaideeha,Town Panchayat,271881
6875,9,Uttar Pradesh,249276,Rura,Town Panchayat,209303
6876,9,Uttar Pradesh,249039,Sadabad,Town Panchayat,281306
6877,9,Uttar Pradesh,249509,Sadat,Town Panchayat,275204
6878,9,Uttar Pradesh,249215,Safipur,Town Panchayat,209871
6879,9,Uttar Pradesh,248904,Sahanpur,Town Panchayat,246749
6880,9,Uttar Pradesh,248873,Saharanpur,Municipal Corporation,247001
6881,9,Uttar Pradesh,248922,Sahaspur,Town Panchayat,246745
6882,9,Uttar Pradesh,249123,Sahaswan,Municipality,243638
6883,9,Uttar Pradesh,249499,Sahatwar,Town Panchayat,277211
6884,9,Uttar Pradesh,249087,Sahawar,Town Panchayat,207245
6885,9,Uttar Pradesh,249443,Sahjanwa,Town Panchayat,273209
6886,9,Uttar Pradesh,249040,Sahpau,Town Panchayat,281307
6887,9,Uttar Pradesh,297714,Said Nagli,Town Panchayat,244241
6888,9,Uttar Pradesh,249119,Saidpur(Badaun),Town Panchayat,243725
6889,9,Uttar Pradesh,249510,Saidpur(Gazipur),Town Panchayat,233304
6890,9,Uttar Pradesh,297090,Saifani,Town Panchayat,244411
6891,9,Uttar Pradesh,249153,Sainthal,Town Panchayat,262407
6892,9,Uttar Pradesh,249521,Saiyad Raja,Town Panchayat,232110
6893,9,Uttar Pradesh,249129,Sakhanu,Town Panchayat,243601
6894,9,Uttar Pradesh,249097,Sakit,Town Panchayat,207121
6895,9,Uttar Pradesh,249465,Salempur,Town Panchayat,274601
6896,9,Uttar Pradesh,249246,Salon,Town Panchayat,229127
6897,9,Uttar Pradesh,248934,Sambhal,Municipality,244302
6898,9,Uttar Pradesh,249253,Samdhan,Town Panchayat,209722
6899,9,Uttar Pradesh,249301,Samthar,Municipality,284304
6900,9,Uttar Pradesh,249202,Sandi,Municipality,241403
6901,9,Uttar Pradesh,249209,Sandila,Municipality,241204
6902,9,Uttar Pradesh,300651,Sankisa Basantpur,Town Panchayat,209502
6903,9,Uttar Pradesh,249363,Sarai Aquil,Town Panchayat,212216
6904,9,Uttar Pradesh,249479,Sarai Mir,Town Panchayat,276305
6905,9,Uttar Pradesh,248955,Sardhana,Municipality,250342
6906,9,Uttar Pradesh,249324,Sarila,Town Panchayat,210432
6907,9,Uttar Pradesh,248875,Sarsawan,Municipality,247232
6908,9,Uttar Pradesh,249032,Sasni,Town Panchayat,204216
6909,9,Uttar Pradesh,249381,Satrikh,Town Panchayat,225122
6910,9,Uttar Pradesh,249051,Saunkh,Town Panchayat,281123
6911,9,Uttar Pradesh,249257,Saurikh,Town Panchayat,209728
6912,9,Uttar Pradesh,248921,Seohara,Municipality,246746
6913,9,Uttar Pradesh,248967,Sewalkhas,Town Panchayat,250501
6914,9,Uttar Pradesh,249457,Sewarhi,Town Panchayat,274406
6915,9,Uttar Pradesh,249197,Shahabad,Municipality,241124
6916,9,Uttar Pradesh,248944,Shahbad,Town Panchayat,244922
6917,9,Uttar Pradesh,249501,Shahganj,Municipality,223101
6918,9,Uttar Pradesh,249143,Shahi,Town Panchayat,243505
6919,9,Uttar Pradesh,297802,Shahjahanpur,Municipal Corporation,242001
6920,9,Uttar Pradesh,248898,Shahpur,Town Panchayat,251318
6921,9,Uttar Pradesh,248888,Shamli,Municipality,247776
6922,9,Uttar Pradesh,249071,Shamsabad,Municipality,209503
6923,9,Uttar Pradesh,297032,Shamshabad,Town Panchayat,283125
6924,9,Uttar Pradesh,249370,Shankargarh,Town Panchayat,212108
6925,9,Uttar Pradesh,249139,Shergarh,Town Panchayat,281404
6926,9,Uttar Pradesh,248918,Sherkot,Municipality,246747
6927,9,Uttar Pradesh,249015,Shikarpur,Municipality,203395
6928,9,Uttar Pradesh,249082,Shikohabad,Municipality,283135
6929,9,Uttar Pradesh,249140,Shishgarh,Town Panchayat,243505
6930,9,Uttar Pradesh,300739,Shivgarh,Town Panchayat,229308
6931,9,Uttar Pradesh,249275,Shivli,Town Panchayat,209204
6932,9,Uttar Pradesh,249283,Shivrajpur,Town Panchayat,209205
6933,9,Uttar Pradesh,249426,Shohratgarh,Town Panchayat,272205
6934,9,Uttar Pradesh,249008,Siana,Municipality,203412
6935,9,Uttar Pradesh,249427,Siddharth Nagar (Tetri Bazar),Municipality,272207
6936,9,Uttar Pradesh,249386,Siddhaur,Town Panchayat,225413
6937,9,Uttar Pradesh,249196,Sidhauli,Town Panchayat,261303
6938,9,Uttar Pradesh,249092,Sidhpura,Town Panchayat,207246
6939,9,Uttar Pradesh,263355,Sikandara,Town Panchayat,209125
6940,9,Uttar Pradesh,249493,Sikanderpur (Ballia),Town Panchayat,277303
6941,9,Uttar Pradesh,249255,Sikanderpur (Kannauj),Town Panchayat,209729
6942,9,Uttar Pradesh,249003,Sikandrabad,Municipality,203205
6943,9,Uttar Pradesh,249033,Sikandra Rao,Municipality,204215
6944,9,Uttar Pradesh,249177,Singahi Bhiraura,Town Panchayat,262905
6945,9,Uttar Pradesh,249358,Sirathu,Town Panchayat,212217
6946,9,Uttar Pradesh,249146,Sirauli,Town Panchayat,243303
6947,9,Uttar Pradesh,249373,Sirsa,Town Panchayat,212305
6948,9,Uttar Pradesh,249083,Sirsaganj,Municipality,283151
6949,9,Uttar Pradesh,248933,Sirsi,Town Panchayat,244301
6950,9,Uttar Pradesh,248896,Sisauli,Town Panchayat,251319
6951,9,Uttar Pradesh,249438,Siswa Bazar,Municipality,273163
6952,9,Uttar Pradesh,249189,Sitapur,Municipality,261001
6953,9,Uttar Pradesh,277139,Sonauli,Town Panchayat,273308
6954,9,Uttar Pradesh,249084,Soron,Municipality,207403
6955,9,Uttar Pradesh,248939,Suar,Municipality,244924
6956,9,Uttar Pradesh,253131,Subeha,Town Panchayat,225125
6957,9,Uttar Pradesh,249412,Sukrauli,Town Panchayat,274207
6958,9,Uttar Pradesh,249404,Sultanpur,Municipality,228001
6959,9,Uttar Pradesh,248874,Sultanpur Chilkana,Town Panchayat,247231
6960,9,Uttar Pradesh,249323,Sumerpur,Town Panchayat,210502
6961,9,Uttar Pradesh,249533,Suriyawan,Town Panchayat,221404
6962,9,Uttar Pradesh,297054,Suwansa Bazar,Town Panchayat,230306
6963,9,Uttar Pradesh,249061,Swamibagh,Town Panchayat,282005
6964,9,Uttar Pradesh,249317,Talbehat,Town Panchayat,284126
6965,9,Uttar Pradesh,249258,Talgram,Town Panchayat,209731
6966,9,Uttar Pradesh,249192,Tambaur Cum Ahmadabad,Town Panchayat,261208
6967,9,Uttar Pradesh,297036,Tamkuhi Raj,Town Panchayat,274407
6968,9,Uttar Pradesh,248940,Tanda,Municipality,224190
6969,9,Uttar Pradesh,249396,Tanda (Ambedkar Nagar),Municipality,244925
6970,9,Uttar Pradesh,301012,Tarabganj,Town Panchayat,271403
6971,9,Uttar Pradesh,300807,Tarkulwa,Town Panchayat,274408
6972,9,Uttar Pradesh,248925,Thakurdwara,Municipality,244601
6973,9,Uttar Pradesh,248891,Thana Bhawan,Town Panchayat,247777
6974,9,Uttar Pradesh,249151,Thiriya Nizamat Khan,Town Panchayat,243123
6975,9,Uttar Pradesh,249384,Tikait Nagar,Town Panchayat,225415
6976,9,Uttar Pradesh,248970,Tikri,Town Panchayat,250625
6977,9,Uttar Pradesh,249170,Tilhar,Municipality,242307
6978,9,Uttar Pradesh,249335,Tindwari,Town Panchayat,210128
6979,9,Uttar Pradesh,249260,Tirwaganj,Town Panchayat,209732
6980,9,Uttar Pradesh,248879,Titron,Town Panchayat,247343
6981,9,Uttar Pradesh,249307,Tondi Fatehpur,Town Panchayat,284206
6982,9,Uttar Pradesh,249415,Tulsipur,Town Panchayat,271208
6983,9,Uttar Pradesh,249075,Tundla,Municipality,283204
6984,9,Uttar Pradesh,249214,Ugu,Town Panchayat,209801
6985,9,Uttar Pradesh,249125,Ujhani,Municipality,243639
6986,9,Uttar Pradesh,248953,Ujhari,Town Panchayat,244242
6987,9,Uttar Pradesh,249292,Umri,Town Panchayat,285129
6988,9,Uttar Pradesh,248927,Umri Kalan,Town Panchayat,244501
6989,9,Uttar Pradesh,249244,Unchahar,Town Panchayat,229404
6990,9,Uttar Pradesh,248883,Unn,Town Panchayat,247778
6991,9,Uttar Pradesh,249223,Unnao,Municipality,209801
6992,9,Uttar Pradesh,300721,Uruwa Bazar,Town Panchayat,273407
6993,9,Uttar Pradesh,249133,Usawan,Town Panchayat,243631
6994,9,Uttar Pradesh,249134,Usehat,Town Panchayat,243641
6995,9,Uttar Pradesh,257826,Uska Bazar,Town Panchayat,272208
6996,9,Uttar Pradesh,249417,Utraula,Municipality,271604
6997,9,Uttar Pradesh,249531,Varanasi,Municipal Corporation,221001
6998,9,Uttar Pradesh,249531,Varanasi,Municipal Corporation,221008
6999,9,Uttar Pradesh,249531,Varanasi,Municipal Corporation,221010
7000,9,Uttar Pradesh,249531,Varanasi,Municipal Corporation,221007
7001,9,Uttar Pradesh,249531,Varanasi,Municipal Corporation,221003
7002,9,Uttar Pradesh,249531,Varanasi,Municipal Corporation,221106
7003,9,Uttar Pradesh,249531,Varanasi,Municipal Corporation,221005
7004,9,Uttar Pradesh,249531,Varanasi,Municipal Corporation,221103
7005,9,Uttar Pradesh,249531,Varanasi,Municipal Corporation,221012
7006,9,Uttar Pradesh,249029,Vijaigarh,Town Panchayat,202170
7007,9,Uttar Pradesh,270654,Walidpur,Town Panchayat,276405
7008,9,Uttar Pradesh,248916,Warhapur,Town Panchayat,246724
7009,9,Uttar Pradesh,249120,Wazirganj,Town Panchayat,271124
7010,9,Uttar Pradesh,274822,Yeida,Notified Area Council,201307
7011,9,Uttar Pradesh,297091,Zafrabad,Town Panchayat,222180
7012,9,Uttar Pradesh,249382,Zaidpur,Town Panchayat,225414
7013,9,Uttar Pradesh,249516,Zamania,Municipality,232329
7014,19,West Bengal,249958,Alipurduar,Municipality,736121
7015,19,West Bengal,250168,Arambag,Municipality,712601
7016,19,West Bengal,250032,Asansol,Municipal Corporation,713335
7017,19,West Bengal,250128,Ashokenagar Kalyangarh,Municipality,743222
7018,19,West Bengal,250134,Baduria,Municipality,743401
7019,19,West Bengal,250175,Baidyabati,Municipality,712223
7020,19,West Bengal,250175,Baidyabati,Municipality,712204
7021,19,West Bengal,250175,Baidyabati,Municipality,712222
7022,19,West Bengal,250246,Bally,Municipality,711204
7023,19,West Bengal,250246,Bally,Municipality,711201
7024,19,West Bengal,250246,Bally,Municipality,711202
7025,19,West Bengal,250246,Bally,Municipality,711203
7026,19,West Bengal,250246,Bally,Municipality,711227
7027,19,West Bengal,250246,Bally,Municipality,711205
7028,19,West Bengal,249989,Balurghat,Municipality,733101
7029,19,West Bengal,250209,Bankura,Municipality,722101
7030,19,West Bengal,250209,Bankura,Municipality,722102
7031,19,West Bengal,250170,Bansberia,Municipality,712502
7032,19,West Bengal,250141,Baranagar,Municipality,700090
7033,19,West Bengal,250141,Baranagar,Municipality,700035
7034,19,West Bengal,250141,Baranagar,Municipality,700108
7035,19,West Bengal,250135,Barasat,Municipality,700124
7036,19,West Bengal,250132,Barrackpur,Municipality,700123
7037,19,West Bengal,250132,Barrackpur,Municipality,700120
7038,19,West Bengal,250132,Barrackpur,Municipality,700122
7039,19,West Bengal,250304,Baruipur,Municipality,700144
7040,19,West Bengal,250147,Basirhat,Municipality,743411
7041,19,West Bengal,250001,Beldanga,Municipality,742133
7042,19,West Bengal,249999,Berhampore,Municipality,742103
7043,19,West Bengal,249999,Berhampore,Municipality,742101
7044,19,West Bengal,250173,Bhadreswar,Municipality,712125
7045,19,West Bengal,250173,Bhadreswar,Municipality,712124
7046,19,West Bengal,250173,Bhadreswar,Municipality,712139
7047,19,West Bengal,250125,Bhatpara,Municipality,743194
7048,19,West Bengal,250125,Bhatpara,Municipality,743127
7049,19,West Bengal,250125,Bhatpara,Municipality,743125
7050,19,West Bengal,250125,Bhatpara,Municipality,743123
7051,19,West Bengal,250125,Bhatpara,Municipality,743129
7052,19,West Bengal,250125,Bhatpara,Municipality,743126
7053,19,West Bengal,250125,Bhatpara,Municipality,743124
7054,19,West Bengal,250125,Bhatpara,Municipality,743128
7055,19,West Bengal,250145,Bidhannagar,Municipal Corporation,700100
7056,19,West Bengal,250145,Bidhannagar,Municipal Corporation,700048
7057,19,West Bengal,250145,Bidhannagar,Municipal Corporation,700052
7058,19,West Bengal,250145,Bidhannagar,Municipal Corporation,700055
7059,19,West Bengal,250145,Bidhannagar,Municipal Corporation,700059
7060,19,West Bengal,250145,Bidhannagar,Municipal Corporation,700064
7061,19,West Bengal,250145,Bidhannagar,Municipal Corporation,700089
7062,19,West Bengal,250145,Bidhannagar,Municipal Corporation,700091
7063,19,West Bengal,250145,Bidhannagar,Municipal Corporation,700097
7064,19,West Bengal,250145,Bidhannagar,Municipal Corporation,700101
7065,19,West Bengal,250145,Bidhannagar,Municipal Corporation,700102
7066,19,West Bengal,250145,Bidhannagar,Municipal Corporation,700106
7067,19,West Bengal,250145,Bidhannagar,Municipal Corporation,700157
7068,19,West Bengal,250145,Bidhannagar,Municipal Corporation,700159
7069,19,West Bengal,250145,Bidhannagar,Municipal Corporation,700162
7070,19,West Bengal,250100,Birnagar,Municipality,741127
7071,19,West Bengal,250210,Bishnupur,Municipality,722122
7072,19,West Bengal,250028,Bolpur,Municipality,731204
7073,19,West Bengal,250121,Bongaon,Municipality,743235
7074,19,West Bengal,250301,Budge Budge,Municipality,700137
7075,19,West Bengal,289244,Buniadpur,Municipality,733121
7076,19,West Bengal,250038,Burdwan,Municipality,713101
7077,19,West Bengal,250103,Chakdaha,Municipality,741222
7078,19,West Bengal,250174,Champdany,Municipality,712221
7079,19,West Bengal,250174,Champdany,Municipality,712222
7080,19,West Bengal,250172,Chandannagar,Municipal Corporation,712138
7081,19,West Bengal,250172,Chandannagar,Municipal Corporation,712136
7082,19,West Bengal,250172,Chandannagar,Municipal Corporation,712137
7083,19,West Bengal,250226,Chandrakona,Municipality,721201
7084,19,West Bengal,250236,Contai,Municipality,721401
7085,19,West Bengal,249975,Cooch Behar,Municipality,736101
7086,19,West Bengal,250102,Cooper S Camp,Notified area Council,741232
7087,19,West Bengal,250036,Dainhat,Municipality,713502
7088,19,West Bengal,249985,Dalkhola,Municipality,733201
7089,19,West Bengal,298972,Dankuni,Municipality,712234
7090,19,West Bengal,298972,Dankuni,Municipality,712310
7091,19,West Bengal,298972,Dankuni,Municipality,712311
7092,19,West Bengal,249946,Darjeeling,Municipality,734101
7093,19,West Bengal,249995,Dhulian,Municipality,742202
7094,19,West Bengal,249970,Dhupguri,Municipality,735210
7095,19,West Bengal,250305,Diamond Harbour,Municipality,743331
7096,19,West Bengal,249977,Dinhata,Municipality,736135
7097,19,West Bengal,273007,Domkal,Municipality,742303
7098,19,West Bengal,250027,Dubrajpur,Municipality,731123
7099,19,West Bengal,250143,Dum Dum,Municipality,700079
7100,19,West Bengal,250143,Dum Dum,Municipality,700028
7101,19,West Bengal,250143,Dum Dum,Municipality,700080
7102,19,West Bengal,250143,Dum Dum,Municipality,700081
7103,19,West Bengal,250034,Durgapur,Municipal Corporation,713335
7104,19,West Bengal,250235,Egra,Municipality,721429
7105,19,West Bengal,249991,English Bazar,Municipality,732101
7106,19,West Bengal,299774,Falakata,Municipality,735211
7107,19,West Bengal,249988,Gangarampore,Municipality,733124
7108,19,West Bengal,250129,Garulia,Municipality,743133
7109,19,West Bengal,250105,Gayeshpur,Municipality,741234
7110,19,West Bengal,250105,Gayeshpur,Municipality,741250
7111,19,West Bengal,250229,Ghatal,Municipality,721212
7112,19,West Bengal,250126,Gobardanga,Municipality,743252
7113,19,West Bengal,250037,Guskara,Municipality,713128
7114,19,West Bengal,250127,Habra,Municipality,743271
7115,19,West Bengal,250234,Haldia,Municipality,721607
7116,19,West Bengal,249972,Haldibari,Municipality,735122
7117,19,West Bengal,250123,Halisahar,Municipality,743134
7118,19,West Bengal,250123,Halisahar,Municipality,743136
7119,19,West Bengal,250123,Halisahar,Municipality,743135
7120,19,West Bengal,273006,Haringhata,Municipality,741246
7121,19,West Bengal,273006,Haringhata,Municipality,741252
7122,19,West Bengal,250171,Hooghly Chinsurah,Municipality,712101
7123,19,West Bengal,250247,Howrah,Municipal Corporation,711105
7124,19,West Bengal,250247,Howrah,Municipal Corporation,711302
7125,19,West Bengal,250247,Howrah,Municipal Corporation,711114
7126,19,West Bengal,250247,Howrah,Municipal Corporation,711113
7127,19,West Bengal,250247,Howrah,Municipal Corporation,711112
7128,19,West Bengal,250247,Howrah,Municipal Corporation,711111
7129,19,West Bengal,250247,Howrah,Municipal Corporation,711110
7130,19,West Bengal,250247,Howrah,Municipal Corporation,711109
7131,19,West Bengal,250247,Howrah,Municipal Corporation,711108
7132,19,West Bengal,250247,Howrah,Municipal Corporation,711107
7133,19,West Bengal,250247,Howrah,Municipal Corporation,711106
7134,19,West Bengal,250247,Howrah,Municipal Corporation,711104
7135,19,West Bengal,250247,Howrah,Municipal Corporation,711103
7136,19,West Bengal,250247,Howrah,Municipal Corporation,711102
7137,19,West Bengal,250247,Howrah,Municipal Corporation,711101
7138,19,West Bengal,249982,Islampore,Municipality,733202
7139,19,West Bengal,249956,Jalpaiguri,Municipality,735101
7140,19,West Bengal,249996,Jangipur,Municipality,742225
7141,19,West Bengal,249996,Jangipur,Municipality,742213
7142,19,West Bengal,250306,Jaynagar Mazilpur,Municipality,743337
7143,19,West Bengal,250214,Jhalda,Municipality,723202
7144,19,West Bengal,250231,Jhargram,Municipality,721507
7145,19,West Bengal,249997,Jiaganj Azimganj,Municipality,742123
7146,19,West Bengal,249984,Kaliaganj,Municipality,733129
7147,19,West Bengal,249947,Kalimpong,Municipality,734301
7148,19,West Bengal,250040,Kalna,Municipality,713409
7149,19,West Bengal,250104,Kalyani,Municipality,741235
7150,19,West Bengal,250104,Kalyani,Municipality,741251
7151,19,West Bengal,250140,Kamarhati,Municipality,700057
7152,19,West Bengal,250140,Kamarhati,Municipality,700083
7153,19,West Bengal,250140,Kamarhati,Municipality,700076
7154,19,West Bengal,250140,Kamarhati,Municipality,700058
7155,19,West Bengal,250140,Kamarhati,Municipality,700056
7156,19,West Bengal,250122,Kanchrapara,Municipality,743145
7157,19,West Bengal,250000,Kandi,Municipality,742138
7158,19,West Bengal,250000,Kandi,Municipality,742137
7159,19,West Bengal,250035,Katwa,Municipality,713130
7160,19,West Bengal,250232,Kharagpur,Municipality,721302
7161,19,West Bengal,250232,Kharagpur,Municipality,721301
7162,19,West Bengal,250232,Kharagpur,Municipality,721306
7163,19,West Bengal,250228,Kharar,Municipality,721122
7164,19,West Bengal,250228,Kharar,Municipality,721222
7165,19,West Bengal,250137,Khardah,Municipality,700116
7166,19,West Bengal,250137,Khardah,Municipality,700119
7167,19,West Bengal,250137,Khardah,Municipality,700118
7168,19,West Bengal,250137,Khardah,Municipality,700117
7169,19,West Bengal,250137,Khardah,Municipality,700115
7170,19,West Bengal,250137,Khardah,Municipality,700112
7171,19,West Bengal,250227,Khirpai,Municipality,721232
7172,19,West Bengal,250299,Kolkata,Municipal Corporation,700067
7173,19,West Bengal,250299,Kolkata,Municipal Corporation,700039
7174,19,West Bengal,250299,Kolkata,Municipal Corporation,700037
7175,19,West Bengal,250299,Kolkata,Municipal Corporation,700036
7176,19,West Bengal,250299,Kolkata,Municipal Corporation,700105
7177,19,West Bengal,250299,Kolkata,Municipal Corporation,700054
7178,19,West Bengal,250299,Kolkata,Municipal Corporation,700004
7179,19,West Bengal,250299,Kolkata,Municipal Corporation,700005
7180,19,West Bengal,250299,Kolkata,Municipal Corporation,700006
7181,19,West Bengal,250299,Kolkata,Municipal Corporation,700007
7182,19,West Bengal,250299,Kolkata,Municipal Corporation,700009
7183,19,West Bengal,250299,Kolkata,Municipal Corporation,700052
7184,19,West Bengal,250299,Kolkata,Municipal Corporation,700050
7185,19,West Bengal,250299,Kolkata,Municipal Corporation,700046
7186,19,West Bengal,250299,Kolkata,Municipal Corporation,700108
7187,19,West Bengal,250299,Kolkata,Municipal Corporation,700010
7188,19,West Bengal,250299,Kolkata,Municipal Corporation,700011
7189,19,West Bengal,250299,Kolkata,Municipal Corporation,700014
7190,19,West Bengal,250299,Kolkata,Municipal Corporation,700015
7191,19,West Bengal,250299,Kolkata,Municipal Corporation,700017
7192,19,West Bengal,250299,Kolkata,Municipal Corporation,700002
7193,19,West Bengal,250299,Kolkata,Municipal Corporation,700085
7194,19,West Bengal,250178,Konnagar,Municipality,712235
7195,19,West Bengal,250096,Krishnanagar,Municipality,741102
7196,19,West Bengal,250096,Krishnanagar,Municipality,741103
7197,19,West Bengal,250096,Krishnanagar,Municipality,741101
7198,19,West Bengal,249949,Kurseong,Municipality,734203
7199,19,West Bengal,250136,Madhyamgram,Municipality,700129
7200,19,West Bengal,250300,Maheshtala,Municipality,700137
7201,19,West Bengal,249955,Mal,Municipality,735221
7202,19,West Bengal,249974,Mathabhanga,Municipality,736146
7203,19,West Bengal,301103,Maynaguri,Municipality,735224
7204,19,West Bengal,249973,Mekliganj,Municipality,735304
7205,19,West Bengal,250039,Memari,Municipality,713146
7206,19,West Bengal,250230,Midnapore,Municipality,721101
7207,19,West Bengal,249948,Mirik,Notified area Council,734214
7208,19,West Bengal,249998,Murshidabad,Municipality,742160
7209,19,West Bengal,250097,Nabadwip,Municipality,741302
7210,19,West Bengal,250124,Naihati,Municipality,743135
7211,19,West Bengal,250124,Naihati,Municipality,743166
7212,19,West Bengal,250124,Naihati,Municipality,743165
7213,19,West Bengal,253250,Nalhati,Municipality,731220
7214,19,West Bengal,250139,New Barrackpore,Municipality,700131
7215,19,West Bengal,250131,North Barrackpore,Municipality,700120
7216,19,West Bengal,250131,North Barrackpore,Municipality,743144
7217,19,West Bengal,250131,North Barrackpore,Municipality,743122
7218,19,West Bengal,250142,North Dum Dum,Municipality,700028
7219,19,West Bengal,250142,North Dum Dum,Municipality,700158
7220,19,West Bengal,250142,North Dum Dum,Municipality,700134
7221,19,West Bengal,250142,North Dum Dum,Municipality,700052
7222,19,West Bengal,250142,North Dum Dum,Municipality,700051
7223,19,West Bengal,250142,North Dum Dum,Municipality,700049
7224,19,West Bengal,249990,Old Malda,Municipality,732142
7225,19,West Bengal,250138,Panihati,Municipality,700113
7226,19,West Bengal,250138,Panihati,Municipality,700112
7227,19,West Bengal,250138,Panihati,Municipality,700109
7228,19,West Bengal,250138,Panihati,Municipality,700115
7229,19,West Bengal,250138,Panihati,Municipality,700118
7230,19,West Bengal,250138,Panihati,Municipality,700114
7231,19,West Bengal,250138,Panihati,Municipality,700110
7232,19,West Bengal,250138,Panihati,Municipality,700111
7233,19,West Bengal,253229,Panskura,Municipality,721139
7234,19,West Bengal,250302,Pujali,Municipality,700138
7235,19,West Bengal,250215,Purulia,Municipality,723101
7236,19,West Bengal,250213,Raghunathpur,Municipality,723133
7237,19,West Bengal,249983,Raiganj,Municipality,733134
7238,19,West Bengal,250303,Rajpur Sonarpur,Municipality,700150
7239,19,West Bengal,250303,Rajpur Sonarpur,Municipality,743613
7240,19,West Bengal,250225,Ramjibanpur,Municipality,721242
7241,19,West Bengal,250024,Rampurhat,Municipality,731224
7242,19,West Bengal,250101,Ranaghat,Municipality,741201
7243,19,West Bengal,250177,Rishra,Municipality,712250
7244,19,West Bengal,250177,Rishra,Municipality,712248
7245,19,West Bengal,250177,Rishra,Municipality,712249
7246,19,West Bengal,250025,Sainthia,Municipality,731234
7247,19,West Bengal,250099,Santipur,Municipality,741404
7248,19,West Bengal,250176,Serampore,Municipality,712202
7249,19,West Bengal,250176,Serampore,Municipality,712204
7250,19,West Bengal,250176,Serampore,Municipality,712249
7251,19,West Bengal,250176,Serampore,Municipality,712203
7252,19,West Bengal,250176,Serampore,Municipality,712201
7253,19,West Bengal,249957,Siliguri,Municipal Corporation,734002
7254,19,West Bengal,249957,Siliguri,Municipal Corporation,734004
7255,19,West Bengal,249957,Siliguri,Municipal Corporation,734001
7256,19,West Bengal,250208,Sonamukhi,Municipality,722207
7257,19,West Bengal,250144,South Dum Dum,Municipality,700077
7258,19,West Bengal,250144,South Dum Dum,Municipality,700074
7259,19,West Bengal,250144,South Dum Dum,Municipality,700065
7260,19,West Bengal,250144,South Dum Dum,Municipality,700030
7261,19,West Bengal,250026,Suri,Municipality,731103
7262,19,West Bengal,250026,Suri,Municipality,731101
7263,19,West Bengal,250098,Taherpur,Notified area Council,741159
7264,19,West Bengal,250148,Taki,Municipality,743429
7265,19,West Bengal,250233,Tamralipta,Municipality,721636
7266,19,West Bengal,250169,Tarakeswar,Municipality,712410
7267,19,West Bengal,250133,Titagarh,Municipality,700119
7268,19,West Bengal,250133,Titagarh,Municipality,700123
7269,19,West Bengal,250133,Titagarh,Municipality,700117
7270,19,West Bengal,249976,Tufanganj,Municipality,736159
7271,19,West Bengal,250248,Uluberia,Municipality,711310
7272,19,West Bengal,250248,Uluberia,Municipality,711315
7273,19,West Bengal,250248,Uluberia,Municipality,711308
7274,19,West Bengal,250248,Uluberia,Municipality,711316
7275,19,West Bengal,250248,Uluberia,Municipality,711305
7276,19,West Bengal,250248,Uluberia,Municipality,711307
7277,19,West Bengal,250179,Uttarpara Kotrung,Municipality,712245
7278,19,West Bengal,250179,Uttarpara Kotrung,Municipality,712232
7279,19,West Bengal,250179,Uttarpara Kotrung,Municipality,712233
7280,19,West Bengal,250179,Uttarpara Kotrung,Municipality,712258
